2024-07-16 13:06:11,425 36688 INFO ? odoo: Odoo version 16.0+e-20240716 
2024-07-16 13:06:11,426 36688 INFO ? odoo: Using configuration file at C:\Odoo16\server\odoo.conf 
2024-07-16 13:06:11,426 36688 INFO ? odoo: addons paths: ['C:\\Odoo16\\server\\odoo\\addons', 'c:\\odoo16\\sessions\\addons\\16.0', 'c:\\odoo16\\server\\odoo\\addons'] 
2024-07-16 13:06:11,427 36688 INFO ? odoo: database: openpg@localhost:5432 
2024-07-16 13:06:16,025 36688 INFO ? odoo.addons.base.models.ir_actions_report: Will use the Wkhtmltopdf binary at C:\Odoo16\thirdparty\wkhtmltopdf.exe 
2024-07-16 13:06:23,706 36688 INFO ? odoo.service.server: Initiating shutdown 
2024-07-16 13:06:23,706 36688 INFO ? odoo.service.server: Hit CTRL-C again or send a second signal to force the shutdown. 
2024-07-16 13:08:59,469 32312 INFO ? odoo: Odoo version 16.0+e-20240716 
2024-07-16 13:08:59,470 32312 INFO ? odoo: Using configuration file at C:\Odoo16\server\odoo.conf 
2024-07-16 13:08:59,470 32312 INFO ? odoo: addons paths: ['C:\\Odoo16\\server\\odoo\\addons', 'c:\\odoo16\\sessions\\addons\\16.0', 'c:\\odoo16\\server\\odoo\\addons'] 
2024-07-16 13:08:59,470 32312 INFO ? odoo: database: openpg@localhost:5432 
2024-07-16 13:09:00,575 32312 INFO ? odoo.addons.base.models.ir_actions_report: Will use the Wkhtmltopdf binary at C:\Odoo16\thirdparty\wkhtmltopdf.exe 
2024-07-16 13:09:04,012 32312 INFO ? odoo.service.server: HTTP service (werkzeug) running on UMDMPASTEL.umdm.gov.za:8069 
2024-07-16 13:09:07,183 32312 INFO ? odoo.sql_db: Connection to the database failed 
2024-07-16 13:09:11,219 32312 INFO ? odoo.sql_db: Connection to the database failed 
2024-07-16 13:45:11,226 32312 INFO ? werkzeug: 127.0.0.1 - - [16/Jul/2024 13:45:11] "GET / HTTP/1.1" 303 - 1 0.060 0.279
2024-07-16 13:45:11,656 32312 INFO ? werkzeug: 127.0.0.1 - - [16/Jul/2024 13:45:11] "GET /web HTTP/1.1" 303 - 2 0.034 0.389
2024-07-16 13:45:23,294 32312 INFO ? werkzeug: 127.0.0.1 - - [16/Jul/2024 13:45:23] "GET /web/database/selector HTTP/1.1" 200 - 2 0.030 11.602
2024-07-16 13:45:24,938 32312 INFO ? werkzeug: 127.0.0.1 - - [16/Jul/2024 13:45:24] "GET /web/static/lib/bootstrap/js/dist/dom/manipulator.js HTTP/1.1" 200 - 1 0.018 1.292
2024-07-16 13:45:24,939 32312 INFO ? werkzeug: 127.0.0.1 - - [16/Jul/2024 13:45:24] "GET /web/static/lib/bootstrap/js/dist/dom/event-handler.js HTTP/1.1" 200 - 1 0.018 1.294
2024-07-16 13:45:24,940 32312 INFO ? werkzeug: 127.0.0.1 - - [16/Jul/2024 13:45:24] "GET /web/static/src/libs/fontawesome/css/font-awesome.css HTTP/1.1" 200 - 1 0.015 1.302
2024-07-16 13:45:24,951 32312 INFO ? werkzeug: 127.0.0.1 - - [16/Jul/2024 13:45:24] "GET /web/static/lib/bootstrap/js/dist/dom/data.js HTTP/1.1" 200 - 1 0.024 1.301
2024-07-16 13:45:24,971 32312 INFO ? werkzeug: 127.0.0.1 - - [16/Jul/2024 13:45:24] "GET /web/static/lib/bootstrap/dist/css/bootstrap.css HTTP/1.1" 200 - 1 0.018 1.329
2024-07-16 13:45:24,985 32312 INFO ? werkzeug: 127.0.0.1 - - [16/Jul/2024 13:45:24] "GET /web/static/lib/jquery/jquery.js HTTP/1.1" 200 - 1 0.019 1.341
2024-07-16 13:45:26,323 32312 INFO ? werkzeug: 127.0.0.1 - - [16/Jul/2024 13:45:26] "GET /web/static/lib/bootstrap/js/dist/dom/selector-engine.js HTTP/1.1" 200 - 1 0.017 1.061
2024-07-16 13:45:26,325 32312 INFO ? werkzeug: 127.0.0.1 - - [16/Jul/2024 13:45:26] "GET /web/static/src/public/database_manager.js HTTP/1.1" 200 - 1 0.016 1.046
2024-07-16 13:45:26,326 32312 INFO ? werkzeug: 127.0.0.1 - - [16/Jul/2024 13:45:26] "GET /web/static/lib/bootstrap/js/dist/base-component.js HTTP/1.1" 200 - 1 0.018 1.059
2024-07-16 13:45:26,328 32312 INFO ? werkzeug: 127.0.0.1 - - [16/Jul/2024 13:45:26] "GET /web/static/lib/bootstrap/js/dist/modal.js HTTP/1.1" 200 - 1 0.017 1.060
2024-07-16 13:45:26,339 32312 INFO ? werkzeug: 127.0.0.1 - - [16/Jul/2024 13:45:26] "GET /web/static/img/logo2.png HTTP/1.1" 200 - 1 0.024 1.026
2024-07-16 13:45:27,930 32312 INFO ? werkzeug: 127.0.0.1 - - [16/Jul/2024 13:45:27] "GET /web/static/src/libs/fontawesome/fonts/fontawesome-webfont.woff2?v=4.7.0 HTTP/1.1" 200 - 1 0.022 0.250
2024-07-16 13:45:28,206 32312 INFO ? werkzeug: 127.0.0.1 - - [16/Jul/2024 13:45:28] "GET /web/static/img/favicon.ico HTTP/1.1" 200 - 1 0.020 0.233
2024-07-16 13:54:03,356 32312 INFO None odoo.service.db: Create database `Asset`. 
2024-07-16 13:54:19,703 32312 INFO Asset odoo.modules.loading: loading 1 modules... 
2024-07-16 13:54:19,704 32312 INFO Asset odoo.modules.loading: Loading module base (1/1) 
2024-07-16 13:54:19,734 32312 INFO Asset odoo.modules.registry: module base: creating or updating database tables 
2024-07-16 13:54:23,930 32312 INFO Asset odoo.models: Prepare computation of ir.module.module.menus_by_module 
2024-07-16 13:54:23,931 32312 INFO Asset odoo.models: Prepare computation of ir.module.module.reports_by_module 
2024-07-16 13:54:23,932 32312 INFO Asset odoo.models: Prepare computation of ir.module.module.views_by_module 
2024-07-16 13:54:25,661 32312 INFO Asset odoo.models: Prepare computation of res.partner.user_id 
2024-07-16 13:54:25,662 32312 INFO Asset odoo.models: Prepare computation of res.partner.commercial_partner_id 
2024-07-16 13:54:25,662 32312 INFO Asset odoo.models: Prepare computation of res.partner.display_name 
2024-07-16 13:54:25,663 32312 INFO Asset odoo.models: Prepare computation of res.partner.company_registry 
2024-07-16 13:54:25,663 32312 INFO Asset odoo.models: Prepare computation of res.partner.commercial_company_name 
2024-07-16 13:54:25,663 32312 INFO Asset odoo.models: Prepare computation of res.partner.partner_share 
2024-07-16 13:54:26,238 32312 INFO Asset odoo.models: Prepare computation of res.currency.decimal_places 
2024-07-16 13:54:26,614 32312 INFO Asset odoo.models: Prepare computation of res.company.logo_web 
2024-07-16 13:54:27,055 32312 INFO Asset odoo.models: Prepare computation of res.users.signature 
2024-07-16 13:54:27,056 32312 INFO Asset odoo.models: Prepare computation of res.users.share 
2024-07-16 13:54:42,740 32312 INFO Asset odoo.modules.loading: loading base/data/res_bank.xml 
2024-07-16 13:54:42,786 32312 INFO Asset odoo.modules.loading: loading base/data/res.lang.csv 
2024-07-16 13:54:42,886 32312 INFO Asset odoo.modules.loading: loading base/data/res_lang_data.xml 
2024-07-16 13:54:43,020 32312 INFO Asset odoo.modules.loading: loading base/data/res_partner_data.xml 
2024-07-16 13:54:43,197 32312 INFO Asset odoo.modules.loading: loading base/data/res_currency_data.xml 
2024-07-16 13:54:43,996 32312 INFO Asset odoo.modules.loading: loading base/data/res_company_data.xml 
2024-07-16 13:54:44,049 32312 INFO Asset odoo.modules.loading: loading base/data/res_users_data.xml 
2024-07-16 13:54:45,574 32312 INFO Asset odoo.modules.loading: loading base/data/report_paperformat_data.xml 
2024-07-16 13:54:45,613 32312 INFO Asset odoo.modules.loading: loading base/data/res_country_data.xml 
2024-07-16 13:54:46,396 32312 INFO Asset odoo.modules.loading: loading base/data/ir_demo_data.xml 
2024-07-16 13:54:46,454 32312 INFO Asset odoo.modules.loading: loading base/data/ir_config_parameter_data.xml 
2024-07-16 13:54:46,483 32312 INFO Asset odoo.modules.loading: loading base/security/base_groups.xml 
2024-07-16 13:54:46,900 32312 INFO Asset odoo.modules.loading: loading base/security/base_security.xml 
2024-07-16 13:54:47,152 32312 INFO Asset odoo.modules.loading: loading base/views/base_menus.xml 
2024-07-16 13:54:47,488 32312 INFO Asset odoo.modules.loading: loading base/views/decimal_precision_views.xml 
2024-07-16 13:54:47,580 32312 INFO Asset odoo.modules.loading: loading base/views/res_config_views.xml 
2024-07-16 13:54:47,618 32312 INFO Asset odoo.modules.loading: loading base/data/res.country.state.csv 
2024-07-16 13:54:48,537 32312 INFO Asset odoo.modules.loading: loading base/views/ir_actions_views.xml 
2024-07-16 13:54:48,832 32312 INFO Asset odoo.modules.loading: loading base/views/ir_asset_views.xml 
2024-07-16 13:54:48,881 32312 INFO Asset odoo.modules.loading: loading base/views/ir_config_parameter_views.xml 
2024-07-16 13:54:48,932 32312 INFO Asset odoo.modules.loading: loading base/views/ir_cron_views.xml 
2024-07-16 13:54:49,013 32312 INFO Asset odoo.modules.loading: loading base/views/ir_cron_trigger_views.xml 
2024-07-16 13:54:49,065 32312 INFO Asset odoo.modules.loading: loading base/views/ir_filters_views.xml 
2024-07-16 13:54:49,113 32312 INFO Asset odoo.modules.loading: loading base/views/ir_mail_server_views.xml 
2024-07-16 13:54:49,175 32312 INFO Asset odoo.modules.loading: loading base/views/ir_model_views.xml 
2024-07-16 13:54:49,456 32312 INFO Asset odoo.modules.loading: loading base/views/ir_attachment_views.xml 
2024-07-16 13:54:49,519 32312 INFO Asset odoo.modules.loading: loading base/views/ir_rule_views.xml 
2024-07-16 13:54:49,579 32312 INFO Asset odoo.modules.loading: loading base/views/ir_sequence_views.xml 
2024-07-16 13:54:49,638 32312 INFO Asset odoo.modules.loading: loading base/views/ir_ui_menu_views.xml 
2024-07-16 13:54:49,700 32312 INFO Asset odoo.modules.loading: loading base/views/ir_ui_view_views.xml 
2024-07-16 13:54:49,797 32312 INFO Asset odoo.modules.loading: loading base/views/ir_default_views.xml 
2024-07-16 13:54:49,852 32312 INFO Asset odoo.modules.loading: loading base/data/ir_cron_data.xml 
2024-07-16 13:54:49,884 32312 INFO Asset odoo.modules.loading: loading base/report/ir_model_report.xml 
2024-07-16 13:54:49,915 32312 INFO Asset odoo.modules.loading: loading base/report/ir_model_templates.xml 
2024-07-16 13:54:49,949 32312 INFO Asset odoo.modules.loading: loading base/views/ir_logging_views.xml 
2024-07-16 13:54:50,008 32312 INFO Asset odoo.modules.loading: loading base/views/ir_qweb_widget_templates.xml 
2024-07-16 13:54:50,043 32312 INFO Asset odoo.modules.loading: loading base/views/ir_module_views.xml 
2024-07-16 13:54:50,214 32312 INFO Asset odoo.modules.loading: loading base/data/ir_module_category_data.xml 
2024-07-16 13:54:50,388 32312 INFO Asset odoo.modules.loading: loading base/data/ir_module_module.xml 
2024-07-16 13:54:50,476 32312 INFO Asset odoo.modules.loading: loading base/report/ir_module_reports.xml 
2024-07-16 13:54:50,496 32312 INFO Asset odoo.modules.loading: loading base/report/ir_module_report_templates.xml 
2024-07-16 13:54:50,524 32312 INFO Asset odoo.modules.loading: loading base/wizard/base_module_update_views.xml 
2024-07-16 13:54:50,568 32312 INFO Asset odoo.modules.loading: loading base/wizard/base_language_install_views.xml 
2024-07-16 13:54:50,608 32312 INFO Asset odoo.modules.loading: loading base/wizard/base_import_language_views.xml 
2024-07-16 13:54:50,645 32312 INFO Asset odoo.modules.loading: loading base/wizard/base_module_upgrade_views.xml 
2024-07-16 13:54:50,704 32312 INFO Asset odoo.modules.loading: loading base/wizard/base_module_uninstall_views.xml 
2024-07-16 13:54:50,738 32312 INFO Asset odoo.modules.loading: loading base/wizard/base_export_language_views.xml 
2024-07-16 13:54:50,786 32312 INFO Asset odoo.modules.loading: loading base/wizard/base_partner_merge_views.xml 
2024-07-16 13:54:50,839 32312 INFO Asset odoo.modules.loading: loading base/data/ir_actions_data.xml 
2024-07-16 13:54:50,858 32312 INFO Asset odoo.modules.loading: loading base/data/ir_demo_failure_data.xml 
2024-07-16 13:54:50,903 32312 INFO Asset odoo.modules.loading: loading base/views/ir_profile_views.xml 
2024-07-16 13:54:50,961 32312 INFO Asset odoo.modules.loading: loading base/views/res_company_views.xml 
2024-07-16 13:54:51,021 32312 INFO Asset odoo.modules.loading: loading base/views/res_lang_views.xml 
2024-07-16 13:54:51,083 32312 INFO Asset odoo.modules.loading: loading base/views/res_partner_views.xml 
2024-07-16 13:54:51,283 32312 INFO Asset odoo.modules.loading: loading base/views/res_bank_views.xml 
2024-07-16 13:54:51,356 32312 INFO Asset odoo.modules.loading: loading base/views/res_country_views.xml 
2024-07-16 13:54:51,431 32312 INFO Asset odoo.modules.loading: loading base/views/res_currency_views.xml 
2024-07-16 13:54:51,511 32312 INFO Asset odoo.modules.loading: loading base/views/res_users_views.xml 
2024-07-16 13:54:51,767 32312 INFO Asset odoo.modules.loading: loading base/views/ir_property_views.xml 
2024-07-16 13:54:51,832 32312 INFO Asset odoo.modules.loading: loading base/views/res_config_settings_views.xml 
2024-07-16 13:54:51,860 32312 INFO Asset odoo.modules.loading: loading base/views/report_paperformat_views.xml 
2024-07-16 13:54:51,933 32312 INFO Asset odoo.modules.loading: loading base/views/onboarding_views.xml 
2024-07-16 13:54:52,002 32312 INFO Asset odoo.modules.loading: loading base/security/ir.model.access.csv 
2024-07-16 13:54:58,529 32312 INFO Asset odoo.modules.loading: Module base loaded in 38.82s, 7871 queries (+7871 other) 
2024-07-16 13:54:58,529 32312 INFO Asset odoo.modules.loading: 1 modules loaded in 38.82s, 7871 queries (+7871 extra) 
2024-07-16 13:54:58,654 32312 INFO Asset odoo.modules.loading: updating modules list 
2024-07-16 13:54:58,655 32312 INFO Asset odoo.addons.base.models.ir_module: ALLOW access to module.update_list on [] to user __system__ #1 via n/a 
2024-07-16 13:55:00,706 32312 INFO Asset odoo.modules.loading: loading 13 modules... 
2024-07-16 13:55:00,707 32312 INFO Asset odoo.modules.loading: Loading module web (2/13) 
2024-07-16 13:55:00,731 32312 INFO Asset odoo.modules.registry: module web: creating or updating database tables 
2024-07-16 13:55:01,827 32312 INFO Asset odoo.modules.loading: loading web/security/ir.model.access.csv 
2024-07-16 13:55:01,893 32312 INFO Asset odoo.modules.loading: loading web/views/webclient_templates.xml 
2024-07-16 13:55:02,022 32312 INFO Asset odoo.modules.loading: loading web/views/report_templates.xml 
2024-07-16 13:55:02,195 32312 INFO Asset odoo.modules.loading: loading web/views/base_document_layout_views.xml 
2024-07-16 13:55:02,267 32312 INFO Asset odoo.modules.loading: loading web/views/speedscope_template.xml 
2024-07-16 13:55:02,296 32312 INFO Asset odoo.modules.loading: loading web/views/lazy_assets.xml 
2024-07-16 13:55:02,331 32312 INFO Asset odoo.modules.loading: loading web/views/neutralize_views.xml 
2024-07-16 13:55:02,360 32312 INFO Asset odoo.modules.loading: loading web/data/ir_attachment.xml 
2024-07-16 13:55:02,400 32312 INFO Asset odoo.modules.loading: loading web/data/report_layout.xml 
2024-07-16 13:55:02,590 32312 INFO Asset odoo.modules.loading: Module web loaded in 1.88s, 882 queries (+882 other) 
2024-07-16 13:55:02,591 32312 INFO Asset odoo.modules.loading: Loading module auth_totp (3/13) 
2024-07-16 13:55:03,296 32312 INFO Asset odoo.modules.registry: module auth_totp: creating or updating database tables 
2024-07-16 13:55:03,690 32312 INFO Asset odoo.modules.loading: loading auth_totp/security/security.xml 
2024-07-16 13:55:03,787 32312 INFO Asset odoo.modules.loading: loading auth_totp/security/ir.model.access.csv 
2024-07-16 13:55:03,812 32312 INFO Asset odoo.modules.loading: loading auth_totp/data/ir_action_data.xml 
2024-07-16 13:55:03,859 32312 INFO Asset odoo.modules.loading: loading auth_totp/views/res_users_views.xml 
2024-07-16 13:55:03,930 32312 INFO Asset odoo.modules.loading: loading auth_totp/views/templates.xml 
2024-07-16 13:55:03,954 32312 INFO Asset odoo.modules.loading: loading auth_totp/wizard/auth_totp_wizard_views.xml 
2024-07-16 13:55:04,089 32312 INFO Asset odoo.modules.loading: Module auth_totp loaded in 1.50s, 175 queries (+175 other) 
2024-07-16 13:55:04,089 32312 INFO Asset odoo.modules.loading: Loading module base_import (4/13) 
2024-07-16 13:55:04,393 32312 INFO Asset odoo.modules.registry: module base_import: creating or updating database tables 
2024-07-16 13:55:07,645 32312 INFO Asset odoo.modules.loading: loading base_import/security/ir.model.access.csv 
2024-07-16 13:55:08,218 32312 INFO Asset odoo.modules.loading: Module base_import loaded in 4.13s, 891 queries (+891 other) 
2024-07-16 13:55:08,218 32312 INFO Asset odoo.modules.loading: Loading module bus (5/13) 
2024-07-16 13:55:08,691 32312 INFO Asset odoo.modules.registry: module bus: creating or updating database tables 
2024-07-16 13:55:09,096 32312 INFO Asset odoo.modules.loading: loading bus/security/ir.model.access.csv 
2024-07-16 13:55:09,229 32312 INFO Asset odoo.modules.loading: Module bus loaded in 1.01s, 103 queries (+103 other) 
2024-07-16 13:55:09,229 32312 INFO Asset odoo.modules.loading: Loading module web_cohort (6/13) 
2024-07-16 13:55:09,535 32312 INFO Asset odoo.modules.registry: module web_cohort: creating or updating database tables 
2024-07-16 13:55:10,426 32312 INFO Asset odoo.modules.loading: Module web_cohort loaded in 1.20s, 692 queries (+692 other) 
2024-07-16 13:55:10,426 32312 INFO Asset odoo.modules.loading: Loading module web_enterprise (7/13) 
2024-07-16 13:55:10,933 32312 WARNING Asset py.warnings: C:\Odoo16\python\Lib\site-packages\vobject\base.py:736: SyntaxWarning: invalid escape sequence '\-'
  File "C:\Odoo16\python\Lib\threading.py", line 1030, in _bootstrap
    self._bootstrap_inner()
  File "C:\Odoo16\python\Lib\threading.py", line 1073, in _bootstrap_inner
    self.run()
  File "C:\Odoo16\python\Lib\threading.py", line 1010, in run
    self._target(*self._args, **self._kwargs)
  File "C:\Odoo16\python\Lib\socketserver.py", line 692, in process_request_thread
    self.finish_request(request, client_address)
  File "C:\Odoo16\python\Lib\socketserver.py", line 362, in finish_request
    self.RequestHandlerClass(request, client_address, self)
  File "C:\Odoo16\python\Lib\socketserver.py", line 761, in __init__
    self.handle()
  File "C:\Odoo16\python\Lib\site-packages\werkzeug\serving.py", line 342, in handle
    BaseHTTPRequestHandler.handle(self)
  File "C:\Odoo16\python\Lib\http\server.py", line 436, in handle
    self.handle_one_request()
  File "C:\Odoo16\python\Lib\site-packages\werkzeug\serving.py", line 374, in handle_one_request
    self.run_wsgi()
  File "C:\Odoo16\python\Lib\site-packages\werkzeug\serving.py", line 319, in run_wsgi
    execute(self.server.app)
  File "C:\Odoo16\python\Lib\site-packages\werkzeug\serving.py", line 308, in execute
    application_iter = app(environ, start_response)
  File "C:\Odoo16\server\odoo\http.py", line 2046, in __call__
    response = request._serve_nodb()
  File "C:\Odoo16\server\odoo\http.py", line 1601, in _serve_nodb
    response = self.dispatcher.dispatch(rule.endpoint, args)
  File "C:\Odoo16\server\odoo\http.py", line 1775, in dispatch
    return endpoint(**self.request.params)
  File "C:\Odoo16\server\odoo\http.py", line 716, in route_wrapper
    result = endpoint(self, *args, **params_ok)
  File "C:\Odoo16\server\odoo\addons\web\controllers\database.py", line 81, in create
    dispatch_rpc('db', 'create_database', [master_pwd, name, bool(post.get('demo')), lang, password, post['login'], country_code, post['phone']])
  File "C:\Odoo16\server\odoo\http.py", line 369, in dispatch_rpc
    return dispatch(method, params)
  File "C:\Odoo16\server\odoo\service\db.py", line 480, in dispatch
    return g[exp_method_name](*params)
  File "<decorator-gen-20>", line 2, in exp_create_database
  File "C:\Odoo16\server\odoo\service\db.py", line 43, in if_db_mgt_enabled
    return method(self, *args, **kwargs)
  File "C:\Odoo16\server\odoo\service\db.py", line 141, in exp_create_database
    _initialize_db(id, db_name, demo, lang, user_password, login, country_code, phone)
  File "C:\Odoo16\server\odoo\service\db.py", line 65, in _initialize_db
    registry = odoo.modules.registry.Registry.new(db_name, demo, None, update_module=True)
  File "<decorator-gen-16>", line 2, in new
  File "C:\Odoo16\server\odoo\tools\func.py", line 87, in locked
    return func(inst, *args, **kwargs)
  File "C:\Odoo16\server\odoo\modules\registry.py", line 90, in new
    odoo.modules.load_modules(registry, force_demo, status, update_module)
  File "C:\Odoo16\server\odoo\modules\loading.py", line 488, in load_modules
    processed_modules += load_marked_modules(cr, graph,
  File "C:\Odoo16\server\odoo\modules\loading.py", line 372, in load_marked_modules
    loaded, processed = load_module_graph(
  File "C:\Odoo16\server\odoo\modules\loading.py", line 188, in load_module_graph
    load_openerp_module(package.name)
  File "C:\Odoo16\server\odoo\modules\module.py", line 471, in load_openerp_module
    __import__('odoo.addons.' + module_name)
  File "C:\Odoo16\server\odoo\addons\web_enterprise\__init__.py", line 5, in <module>
    from . import models
  File "C:\Odoo16\server\odoo\addons\web_enterprise\models\__init__.py", line 6, in <module>
    from . import res_partner
  File "C:\Odoo16\server\odoo\addons\web_enterprise\models\res_partner.py", line 12, in <module>
    import vobject
  File "C:\Odoo16\python\Lib\site-packages\vobject\__init__.py", line 79, in <module>
    from .base import newFromBehavior, readOne, readComponents
  File "C:\Odoo16\python\Lib\warnings.py", line 110, in _showwarnmsg
    sw(msg.message, msg.category, msg.filename, msg.lineno,
  File "C:\Odoo16\server\odoo\netsvc.py", line 290, in showwarning_with_traceback
    for frame in traceback.extract_stack():
 
2024-07-16 13:55:10,943 32312 WARNING Asset py.warnings: C:\Odoo16\python\Lib\site-packages\vobject\base.py:1219: SyntaxWarning: invalid escape sequence '\;'
  File "C:\Odoo16\python\Lib\threading.py", line 1030, in _bootstrap
    self._bootstrap_inner()
  File "C:\Odoo16\python\Lib\threading.py", line 1073, in _bootstrap_inner
    self.run()
  File "C:\Odoo16\python\Lib\threading.py", line 1010, in run
    self._target(*self._args, **self._kwargs)
  File "C:\Odoo16\python\Lib\socketserver.py", line 692, in process_request_thread
    self.finish_request(request, client_address)
  File "C:\Odoo16\python\Lib\socketserver.py", line 362, in finish_request
    self.RequestHandlerClass(request, client_address, self)
  File "C:\Odoo16\python\Lib\socketserver.py", line 761, in __init__
    self.handle()
  File "C:\Odoo16\python\Lib\site-packages\werkzeug\serving.py", line 342, in handle
    BaseHTTPRequestHandler.handle(self)
  File "C:\Odoo16\python\Lib\http\server.py", line 436, in handle
    self.handle_one_request()
  File "C:\Odoo16\python\Lib\site-packages\werkzeug\serving.py", line 374, in handle_one_request
    self.run_wsgi()
  File "C:\Odoo16\python\Lib\site-packages\werkzeug\serving.py", line 319, in run_wsgi
    execute(self.server.app)
  File "C:\Odoo16\python\Lib\site-packages\werkzeug\serving.py", line 308, in execute
    application_iter = app(environ, start_response)
  File "C:\Odoo16\server\odoo\http.py", line 2046, in __call__
    response = request._serve_nodb()
  File "C:\Odoo16\server\odoo\http.py", line 1601, in _serve_nodb
    response = self.dispatcher.dispatch(rule.endpoint, args)
  File "C:\Odoo16\server\odoo\http.py", line 1775, in dispatch
    return endpoint(**self.request.params)
  File "C:\Odoo16\server\odoo\http.py", line 716, in route_wrapper
    result = endpoint(self, *args, **params_ok)
  File "C:\Odoo16\server\odoo\addons\web\controllers\database.py", line 81, in create
    dispatch_rpc('db', 'create_database', [master_pwd, name, bool(post.get('demo')), lang, password, post['login'], country_code, post['phone']])
  File "C:\Odoo16\server\odoo\http.py", line 369, in dispatch_rpc
    return dispatch(method, params)
  File "C:\Odoo16\server\odoo\service\db.py", line 480, in dispatch
    return g[exp_method_name](*params)
  File "<decorator-gen-20>", line 2, in exp_create_database
  File "C:\Odoo16\server\odoo\service\db.py", line 43, in if_db_mgt_enabled
    return method(self, *args, **kwargs)
  File "C:\Odoo16\server\odoo\service\db.py", line 141, in exp_create_database
    _initialize_db(id, db_name, demo, lang, user_password, login, country_code, phone)
  File "C:\Odoo16\server\odoo\service\db.py", line 65, in _initialize_db
    registry = odoo.modules.registry.Registry.new(db_name, demo, None, update_module=True)
  File "<decorator-gen-16>", line 2, in new
  File "C:\Odoo16\server\odoo\tools\func.py", line 87, in locked
    return func(inst, *args, **kwargs)
  File "C:\Odoo16\server\odoo\modules\registry.py", line 90, in new
    odoo.modules.load_modules(registry, force_demo, status, update_module)
  File "C:\Odoo16\server\odoo\modules\loading.py", line 488, in load_modules
    processed_modules += load_marked_modules(cr, graph,
  File "C:\Odoo16\server\odoo\modules\loading.py", line 372, in load_marked_modules
    loaded, processed = load_module_graph(
  File "C:\Odoo16\server\odoo\modules\loading.py", line 188, in load_module_graph
    load_openerp_module(package.name)
  File "C:\Odoo16\server\odoo\modules\module.py", line 471, in load_openerp_module
    __import__('odoo.addons.' + module_name)
  File "C:\Odoo16\server\odoo\addons\web_enterprise\__init__.py", line 5, in <module>
    from . import models
  File "C:\Odoo16\server\odoo\addons\web_enterprise\models\__init__.py", line 6, in <module>
    from . import res_partner
  File "C:\Odoo16\server\odoo\addons\web_enterprise\models\res_partner.py", line 12, in <module>
    import vobject
  File "C:\Odoo16\python\Lib\site-packages\vobject\__init__.py", line 79, in <module>
    from .base import newFromBehavior, readOne, readComponents
  File "C:\Odoo16\python\Lib\warnings.py", line 110, in _showwarnmsg
    sw(msg.message, msg.category, msg.filename, msg.lineno,
  File "C:\Odoo16\server\odoo\netsvc.py", line 290, in showwarning_with_traceback
    for frame in traceback.extract_stack():
 
2024-07-16 13:55:10,945 32312 WARNING Asset py.warnings: C:\Odoo16\python\Lib\site-packages\vobject\base.py:1219: SyntaxWarning: invalid escape sequence '\,'
  File "C:\Odoo16\python\Lib\threading.py", line 1030, in _bootstrap
    self._bootstrap_inner()
  File "C:\Odoo16\python\Lib\threading.py", line 1073, in _bootstrap_inner
    self.run()
  File "C:\Odoo16\python\Lib\threading.py", line 1010, in run
    self._target(*self._args, **self._kwargs)
  File "C:\Odoo16\python\Lib\socketserver.py", line 692, in process_request_thread
    self.finish_request(request, client_address)
  File "C:\Odoo16\python\Lib\socketserver.py", line 362, in finish_request
    self.RequestHandlerClass(request, client_address, self)
  File "C:\Odoo16\python\Lib\socketserver.py", line 761, in __init__
    self.handle()
  File "C:\Odoo16\python\Lib\site-packages\werkzeug\serving.py", line 342, in handle
    BaseHTTPRequestHandler.handle(self)
  File "C:\Odoo16\python\Lib\http\server.py", line 436, in handle
    self.handle_one_request()
  File "C:\Odoo16\python\Lib\site-packages\werkzeug\serving.py", line 374, in handle_one_request
    self.run_wsgi()
  File "C:\Odoo16\python\Lib\site-packages\werkzeug\serving.py", line 319, in run_wsgi
    execute(self.server.app)
  File "C:\Odoo16\python\Lib\site-packages\werkzeug\serving.py", line 308, in execute
    application_iter = app(environ, start_response)
  File "C:\Odoo16\server\odoo\http.py", line 2046, in __call__
    response = request._serve_nodb()
  File "C:\Odoo16\server\odoo\http.py", line 1601, in _serve_nodb
    response = self.dispatcher.dispatch(rule.endpoint, args)
  File "C:\Odoo16\server\odoo\http.py", line 1775, in dispatch
    return endpoint(**self.request.params)
  File "C:\Odoo16\server\odoo\http.py", line 716, in route_wrapper
    result = endpoint(self, *args, **params_ok)
  File "C:\Odoo16\server\odoo\addons\web\controllers\database.py", line 81, in create
    dispatch_rpc('db', 'create_database', [master_pwd, name, bool(post.get('demo')), lang, password, post['login'], country_code, post['phone']])
  File "C:\Odoo16\server\odoo\http.py", line 369, in dispatch_rpc
    return dispatch(method, params)
  File "C:\Odoo16\server\odoo\service\db.py", line 480, in dispatch
    return g[exp_method_name](*params)
  File "<decorator-gen-20>", line 2, in exp_create_database
  File "C:\Odoo16\server\odoo\service\db.py", line 43, in if_db_mgt_enabled
    return method(self, *args, **kwargs)
  File "C:\Odoo16\server\odoo\service\db.py", line 141, in exp_create_database
    _initialize_db(id, db_name, demo, lang, user_password, login, country_code, phone)
  File "C:\Odoo16\server\odoo\service\db.py", line 65, in _initialize_db
    registry = odoo.modules.registry.Registry.new(db_name, demo, None, update_module=True)
  File "<decorator-gen-16>", line 2, in new
  File "C:\Odoo16\server\odoo\tools\func.py", line 87, in locked
    return func(inst, *args, **kwargs)
  File "C:\Odoo16\server\odoo\modules\registry.py", line 90, in new
    odoo.modules.load_modules(registry, force_demo, status, update_module)
  File "C:\Odoo16\server\odoo\modules\loading.py", line 488, in load_modules
    processed_modules += load_marked_modules(cr, graph,
  File "C:\Odoo16\server\odoo\modules\loading.py", line 372, in load_marked_modules
    loaded, processed = load_module_graph(
  File "C:\Odoo16\server\odoo\modules\loading.py", line 188, in load_module_graph
    load_openerp_module(package.name)
  File "C:\Odoo16\server\odoo\modules\module.py", line 471, in load_openerp_module
    __import__('odoo.addons.' + module_name)
  File "C:\Odoo16\server\odoo\addons\web_enterprise\__init__.py", line 5, in <module>
    from . import models
  File "C:\Odoo16\server\odoo\addons\web_enterprise\models\__init__.py", line 6, in <module>
    from . import res_partner
  File "C:\Odoo16\server\odoo\addons\web_enterprise\models\res_partner.py", line 12, in <module>
    import vobject
  File "C:\Odoo16\python\Lib\site-packages\vobject\__init__.py", line 79, in <module>
    from .base import newFromBehavior, readOne, readComponents
  File "C:\Odoo16\python\Lib\warnings.py", line 110, in _showwarnmsg
    sw(msg.message, msg.category, msg.filename, msg.lineno,
  File "C:\Odoo16\server\odoo\netsvc.py", line 290, in showwarning_with_traceback
    for frame in traceback.extract_stack():
 
2024-07-16 13:55:11,188 32312 INFO Asset odoo.modules.registry: module web_enterprise: creating or updating database tables 
2024-07-16 13:55:11,296 32312 INFO Asset odoo.modules.loading: loading web_enterprise/views/partner_view.xml 
2024-07-16 13:55:11,330 32312 INFO Asset odoo.modules.loading: loading web_enterprise/views/webclient_templates.xml 
2024-07-16 13:55:11,382 32312 INFO Asset odoo.modules.loading: Module web_enterprise loaded in 0.96s, 78 queries (+78 other) 
2024-07-16 13:55:11,383 32312 INFO Asset odoo.modules.loading: Loading module web_gantt (8/13) 
2024-07-16 13:55:11,651 32312 INFO Asset odoo.modules.registry: module web_gantt: creating or updating database tables 
2024-07-16 13:55:12,591 32312 INFO Asset odoo.modules.loading: Module web_gantt loaded in 1.21s, 690 queries (+690 other) 
2024-07-16 13:55:12,591 32312 INFO Asset odoo.modules.loading: Loading module web_grid (9/13) 
2024-07-16 13:55:12,860 32312 INFO Asset odoo.modules.registry: module web_grid: creating or updating database tables 
2024-07-16 13:55:13,728 32312 INFO Asset odoo.modules.loading: Module web_grid loaded in 1.14s, 692 queries (+692 other) 
2024-07-16 13:55:13,728 32312 INFO Asset odoo.modules.loading: Loading module web_kanban_gauge (10/13) 
2024-07-16 13:55:13,806 32312 INFO Asset odoo.modules.loading: Module web_kanban_gauge loaded in 0.08s, 12 queries (+12 other) 
2024-07-16 13:55:13,806 32312 INFO Asset odoo.modules.loading: Loading module web_tour (11/13) 
2024-07-16 13:55:13,955 32312 INFO Asset odoo.modules.registry: module web_tour: creating or updating database tables 
2024-07-16 13:55:14,110 32312 INFO Asset odoo.modules.loading: loading web_tour/security/ir.model.access.csv 
2024-07-16 13:55:14,135 32312 INFO Asset odoo.modules.loading: loading web_tour/security/ir.rule.csv 
2024-07-16 13:55:14,160 32312 INFO Asset odoo.modules.loading: loading web_tour/views/tour_views.xml 
2024-07-16 13:55:14,298 32312 INFO Asset odoo.modules.loading: Module web_tour loaded in 0.49s, 101 queries (+101 other) 
2024-07-16 13:55:14,298 32312 INFO Asset odoo.modules.loading: Loading module web_editor (12/13) 
2024-07-16 13:55:15,311 32312 INFO Asset odoo.modules.registry: module web_editor: creating or updating database tables 
2024-07-16 13:55:16,607 32312 INFO Asset odoo.modules.loading: loading web_editor/security/ir.model.access.csv 
2024-07-16 13:55:16,634 32312 INFO Asset odoo.modules.loading: loading web_editor/data/editor_assets.xml 
2024-07-16 13:55:16,667 32312 INFO Asset odoo.modules.loading: loading web_editor/views/editor.xml 
2024-07-16 13:55:16,723 32312 INFO Asset odoo.modules.loading: loading web_editor/views/snippets.xml 
2024-07-16 13:55:16,917 32312 INFO Asset odoo.modules.loading: Module web_editor loaded in 2.62s, 821 queries (+821 other) 
2024-07-16 13:55:16,918 32312 INFO Asset odoo.modules.loading: Loading module web_mobile (13/13) 
2024-07-16 13:55:17,033 32312 INFO Asset odoo.modules.registry: module web_mobile: creating or updating database tables 
2024-07-16 13:55:17,119 32312 INFO Asset odoo.modules.loading: loading web_mobile/views/views.xml 
2024-07-16 13:55:17,179 32312 INFO Asset odoo.modules.loading: Module web_mobile loaded in 0.26s, 67 queries (+67 other) 
2024-07-16 13:55:17,179 32312 INFO Asset odoo.modules.loading: 13 modules loaded in 16.47s, 5204 queries (+5204 extra) 
2024-07-16 13:55:17,591 32312 INFO Asset odoo.modules.loading: Modules loaded. 
2024-07-16 13:55:17,597 32312 INFO Asset odoo.modules.registry: Registry loaded in 58.509s 
2024-07-16 13:55:19,182 32312 INFO Asset odoo.addons.base.models.res_users: Login successful for db:Asset login:admin from 127.0.0.1 
2024-07-16 13:55:19,216 32312 INFO Asset werkzeug: 127.0.0.1 - - [16/Jul/2024 13:55:19] "POST /web/database/create HTTP/1.1" 303 - 21952 58.761 20.183
2024-07-16 13:55:19,549 32312 INFO Asset odoo.addons.base.models.ir_http: Generating routing map for key None 
2024-07-16 13:55:19,700 32312 INFO Asset werkzeug: 127.0.0.1 - - [16/Jul/2024 13:55:19] "GET /web HTTP/1.1" 303 - 6 0.012 0.158
2024-07-16 13:55:32,664 32312 INFO Asset werkzeug: 127.0.0.1 - - [16/Jul/2024 13:55:32] "GET /web/login HTTP/1.1" 200 - 67 0.497 12.384
2024-07-16 13:55:32,758 32312 INFO Asset werkzeug: 127.0.0.1 - - [16/Jul/2024 13:55:32] "GET /web/assets/15-c695a8d/web.assets_frontend.min.css HTTP/1.1" 200 - 6 0.010 0.070
2024-07-16 13:55:33,129 32312 INFO ? werkzeug: 127.0.0.1 - - [16/Jul/2024 13:55:33] "GET /web_enterprise/static/img/home-menu-bg-overlay.svg HTTP/1.1" 200 - 0 0.000 0.016
2024-07-16 13:55:33,836 32312 INFO Asset werkzeug: 127.0.0.1 - - [16/Jul/2024 13:55:33] "GET /web/binary/company_logo HTTP/1.1" 200 - 2 0.021 0.831
2024-07-16 13:55:33,862 32312 INFO Asset werkzeug: 127.0.0.1 - - [16/Jul/2024 13:55:33] "GET /web/assets/16-33c5310/web.assets_frontend_minimal.min.js HTTP/1.1" 200 - 5 0.027 0.848
2024-07-16 13:55:34,684 32312 INFO Asset werkzeug: 127.0.0.1 - - [16/Jul/2024 13:55:34] "GET /web/assets/17-765b1ec/web.assets_frontend_lazy.min.js HTTP/1.1" 200 - 5 0.030 0.474
2024-07-16 13:55:34,891 32312 INFO Asset werkzeug: 127.0.0.1 - - [16/Jul/2024 13:55:34] "GET /web/webclient/translations/1721138134841 HTTP/1.1" 200 - 3 0.021 0.025
2024-07-16 13:55:35,522 32312 INFO Asset werkzeug: 127.0.0.1 - - [16/Jul/2024 13:55:35] "GET /web/webclient/translations/1721138134902 HTTP/1.1" 200 - 3 0.013 0.299
2024-07-16 13:55:46,496 32312 INFO Asset odoo.addons.base.models.res_users: Login successful for db:Asset login:admin from 127.0.0.1 
2024-07-16 13:55:46,550 32312 INFO Asset werkzeug: 127.0.0.1 - - [16/Jul/2024 13:55:46] "POST /web/login HTTP/1.1" 303 - 25 0.134 1.254
2024-07-16 13:56:09,402 32312 INFO Asset werkzeug: 127.0.0.1 - - [16/Jul/2024 13:56:09] "GET /web HTTP/1.1" 200 - 96 0.293 22.550
2024-07-16 13:56:10,424 32312 INFO Asset werkzeug: 127.0.0.1 - - [16/Jul/2024 13:56:10] "GET /web/assets/18-dbf1cee/web.assets_common.min.css HTTP/1.1" 200 - 4 0.018 0.656
2024-07-16 13:56:10,425 32312 INFO Asset werkzeug: 127.0.0.1 - - [16/Jul/2024 13:56:10] "GET /web/assets/20-dbf1cee/web.assets_common.min.js HTTP/1.1" 200 - 4 0.004 0.668
2024-07-16 13:56:10,431 32312 INFO Asset werkzeug: 127.0.0.1 - - [16/Jul/2024 13:56:10] "GET /web/webclient/load_menus/3b5665afdb76f0b35edca6c8b7486724a31b5c9e8fd5a2aa71a636993cb1dd9b HTTP/1.1" 200 - 1 0.002 0.667
2024-07-16 13:56:10,438 32312 INFO Asset werkzeug: 127.0.0.1 - - [16/Jul/2024 13:56:10] "GET /web/assets/22-5375e51/web.assets_backend_prod_only.min.js HTTP/1.1" 200 - 4 0.011 0.672
2024-07-16 13:56:10,447 32312 INFO Asset werkzeug: 127.0.0.1 - - [16/Jul/2024 13:56:10] "GET /web/assets/19-204da68/web.assets_backend.min.css HTTP/1.1" 200 - 4 0.024 0.671
2024-07-16 13:56:10,447 32312 INFO Asset werkzeug: 127.0.0.1 - - [16/Jul/2024 13:56:10] "GET /web/assets/21-204da68/web.assets_backend.min.js HTTP/1.1" 200 - 4 0.022 0.668
2024-07-16 13:56:10,797 32312 INFO Asset werkzeug: 127.0.0.1 - - [16/Jul/2024 13:56:10] "GET /web/webclient/translations/b706ba46339f8cba1848d829394038eb77b64931?lang=en_US HTTP/1.1" 200 - 3 0.047 0.009
2024-07-16 13:56:11,135 32312 INFO Asset werkzeug: 127.0.0.1 - - [16/Jul/2024 13:56:11] "GET /web/webclient/locale/en_US HTTP/1.1" 200 - 1 0.001 0.008
2024-07-16 13:56:11,305 32312 INFO Asset werkzeug: 127.0.0.1 - - [16/Jul/2024 13:56:11] "GET /bus/websocket_worker_bundle?v=1.0.5 HTTP/1.1" 200 - 9 0.050 0.074
2024-07-16 13:56:11,455 32312 INFO Asset werkzeug: 127.0.0.1 - - [16/Jul/2024 13:56:11] "GET /web/image/res.company/1/favicon HTTP/1.1" 200 - 10 0.059 0.017
2024-07-16 13:56:11,507 32312 INFO Asset werkzeug: 127.0.0.1 - - [16/Jul/2024 13:56:11] "GET /web/image/res.company/1/favicon HTTP/1.1" 304 - 5 0.004 0.014
2024-07-16 13:56:11,592 32312 INFO Asset werkzeug: 127.0.0.1 - - [16/Jul/2024 13:56:11] "GET /web/image?model=res.users&field=avatar_128&id=2 HTTP/1.1" 200 - 9 0.058 0.018
2024-07-16 13:56:11,660 32312 INFO Asset werkzeug: 127.0.0.1 - - [16/Jul/2024 13:56:11] "GET /websocket HTTP/1.1" 101 - 1 0.001 0.029
2024-07-16 13:56:11,673 32312 INFO ? odoo.addons.bus.models.bus: Bus.loop listen imbus on db postgres 
2024-07-16 15:13:36,473 32312 INFO Asset werkzeug: 127.0.0.1 - - [16/Jul/2024 15:13:36] "GET /websocket HTTP/1.1" 101 - 1 0.001 0.024
2024-07-16 16:29:07,058 32312 INFO Asset werkzeug: 127.0.0.1 - - [16/Jul/2024 16:29:07] "GET /websocket HTTP/1.1" 101 - 1 0.001 0.029
2024-07-16 17:39:51,464 32312 INFO Asset werkzeug: 127.0.0.1 - - [16/Jul/2024 17:39:51] "GET /websocket HTTP/1.1" 101 - 1 0.000 0.030
2024-07-16 18:50:36,361 32312 INFO Asset werkzeug: 127.0.0.1 - - [16/Jul/2024 18:50:36] "GET /websocket HTTP/1.1" 101 - 1 0.000 0.030
2024-07-16 20:16:51,918 32312 INFO Asset werkzeug: 127.0.0.1 - - [16/Jul/2024 20:16:51] "GET /websocket HTTP/1.1" 101 - 1 0.000 0.030
2024-07-16 21:18:51,236 32312 INFO Asset werkzeug: 127.0.0.1 - - [16/Jul/2024 21:18:51] "GET /websocket HTTP/1.1" 101 - 1 0.001 0.023
2024-07-16 22:43:51,411 32312 INFO Asset werkzeug: 127.0.0.1 - - [16/Jul/2024 22:43:51] "GET /websocket HTTP/1.1" 101 - 1 0.000 0.030
2024-07-17 00:06:51,309 32312 INFO Asset werkzeug: 127.0.0.1 - - [17/Jul/2024 00:06:51] "GET /websocket HTTP/1.1" 101 - 1 0.001 0.025
2024-07-17 01:27:06,747 32312 INFO Asset werkzeug: 127.0.0.1 - - [17/Jul/2024 01:27:06] "GET /websocket HTTP/1.1" 101 - 1 0.000 0.030
2024-07-17 02:32:06,807 32312 INFO Asset werkzeug: 127.0.0.1 - - [17/Jul/2024 02:32:06] "GET /websocket HTTP/1.1" 101 - 1 0.002 0.027
2024-07-17 03:57:50,909 32312 INFO Asset werkzeug: 127.0.0.1 - - [17/Jul/2024 03:57:50] "GET /websocket HTTP/1.1" 101 - 1 0.000 0.030
2024-07-17 04:59:51,573 32312 INFO Asset werkzeug: 127.0.0.1 - - [17/Jul/2024 04:59:51] "GET /websocket HTTP/1.1" 101 - 1 0.000 0.025
2024-07-17 06:22:51,444 32312 INFO Asset werkzeug: 127.0.0.1 - - [17/Jul/2024 06:22:51] "GET /websocket HTTP/1.1" 101 - 1 0.001 0.024
2024-07-17 07:40:51,090 32312 INFO Asset werkzeug: 127.0.0.1 - - [17/Jul/2024 07:40:51] "GET /websocket HTTP/1.1" 101 - 1 0.001 0.034
2024-07-17 08:47:51,281 32312 INFO Asset werkzeug: 127.0.0.1 - - [17/Jul/2024 08:47:51] "GET /websocket HTTP/1.1" 101 - 1 0.000 0.030
2024-07-17 10:17:50,785 32312 INFO Asset werkzeug: 127.0.0.1 - - [17/Jul/2024 10:17:50] "GET /websocket HTTP/1.1" 101 - 1 0.000 0.024
2024-07-17 11:36:51,253 32312 INFO Asset werkzeug: 127.0.0.1 - - [17/Jul/2024 11:36:51] "GET /websocket HTTP/1.1" 101 - 1 0.001 0.027
2024-07-17 12:41:51,345 32312 INFO Asset werkzeug: 127.0.0.1 - - [17/Jul/2024 12:41:51] "GET /websocket HTTP/1.1" 101 - 1 0.000 0.026
2024-07-17 13:58:05,850 32312 INFO Asset werkzeug: 127.0.0.1 - - [17/Jul/2024 13:58:05] "GET /websocket HTTP/1.1" 101 - 1 0.001 0.028
2024-07-17 15:11:50,414 32312 INFO Asset werkzeug: 127.0.0.1 - - [17/Jul/2024 15:11:50] "GET /websocket HTTP/1.1" 101 - 1 0.000 0.030
2024-07-17 16:39:50,818 32312 INFO Asset werkzeug: 127.0.0.1 - - [17/Jul/2024 16:39:50] "GET /websocket HTTP/1.1" 101 - 1 0.000 0.030
2024-07-17 18:00:51,018 32312 INFO Asset werkzeug: 127.0.0.1 - - [17/Jul/2024 18:00:51] "GET /websocket HTTP/1.1" 101 - 1 0.000 0.023
2024-07-17 19:07:05,619 32312 INFO Asset werkzeug: 127.0.0.1 - - [17/Jul/2024 19:07:05] "GET /websocket HTTP/1.1" 101 - 1 0.000 0.025
2024-07-17 20:37:05,436 32312 INFO Asset werkzeug: 127.0.0.1 - - [17/Jul/2024 20:37:05] "GET /websocket HTTP/1.1" 101 - 1 0.000 0.032
2024-07-17 21:49:50,731 32312 INFO Asset werkzeug: 127.0.0.1 - - [17/Jul/2024 21:49:50] "GET /websocket HTTP/1.1" 101 - 1 0.000 0.030
2024-07-17 23:08:05,709 32312 INFO Asset werkzeug: 127.0.0.1 - - [17/Jul/2024 23:08:05] "GET /websocket HTTP/1.1" 101 - 1 0.000 0.030
2024-07-18 00:09:50,604 32312 INFO Asset werkzeug: 127.0.0.1 - - [18/Jul/2024 00:09:50] "GET /websocket HTTP/1.1" 101 - 1 0.000 0.030
2024-07-18 01:23:50,527 32312 INFO Asset werkzeug: 127.0.0.1 - - [18/Jul/2024 01:23:50] "GET /websocket HTTP/1.1" 101 - 1 0.000 0.027
2024-07-18 02:26:50,808 32312 INFO Asset werkzeug: 127.0.0.1 - - [18/Jul/2024 02:26:50] "GET /websocket HTTP/1.1" 101 - 1 0.000 0.030
2024-07-18 03:49:49,982 32312 INFO Asset werkzeug: 127.0.0.1 - - [18/Jul/2024 03:49:49] "GET /websocket HTTP/1.1" 101 - 1 0.000 0.027
2024-07-18 05:15:50,686 32312 INFO Asset werkzeug: 127.0.0.1 - - [18/Jul/2024 05:15:50] "GET /websocket HTTP/1.1" 101 - 1 0.000 0.026
2024-07-18 06:42:50,481 32312 INFO Asset werkzeug: 127.0.0.1 - - [18/Jul/2024 06:42:50] "GET /websocket HTTP/1.1" 101 - 1 0.001 0.029
2024-07-18 07:49:50,283 32312 INFO Asset werkzeug: 127.0.0.1 - - [18/Jul/2024 07:49:50] "GET /websocket HTTP/1.1" 101 - 1 0.000 0.030
2024-07-18 09:06:49,772 32312 INFO Asset werkzeug: 127.0.0.1 - - [18/Jul/2024 09:06:49] "GET /websocket HTTP/1.1" 101 - 1 0.000 0.024
2024-07-18 10:19:50,320 32312 INFO Asset werkzeug: 127.0.0.1 - - [18/Jul/2024 10:19:50] "GET /websocket HTTP/1.1" 101 - 1 0.000 0.029
2024-07-18 11:21:34,296 32312 INFO Asset werkzeug: 127.0.0.1 - - [18/Jul/2024 11:21:34] "GET / HTTP/1.1" 303 - 2 0.058 0.188
2024-07-18 11:21:34,509 32312 INFO Asset werkzeug: 127.0.0.1 - - [18/Jul/2024 11:21:34] "GET /web HTTP/1.1" 303 - 2 0.013 0.196
2024-07-18 11:21:34,883 32312 INFO Asset werkzeug: 127.0.0.1 - - [18/Jul/2024 11:21:34] "GET /web/login HTTP/1.1" 200 - 5 0.025 0.345
2024-07-18 11:21:35,766 32312 INFO ? werkzeug: 127.0.0.1 - - [18/Jul/2024 11:21:35] "GET /web/static/src/libs/fontawesome/fonts/fontawesome-webfont.woff2?v=4.7.0 HTTP/1.1" 200 - 1 0.014 0.520
2024-07-18 11:21:35,774 32312 INFO Asset werkzeug: 127.0.0.1 - - [18/Jul/2024 11:21:35] "GET /web/binary/company_logo HTTP/1.1" 200 - 3 0.014 0.526
2024-07-18 11:21:35,949 32312 INFO Asset werkzeug: 127.0.0.1 - - [18/Jul/2024 11:21:35] "GET /web/assets/15-c695a8d/web.assets_frontend.min.css HTTP/1.1" 200 - 6 0.015 0.707
2024-07-18 11:21:35,989 32312 INFO Asset werkzeug: 127.0.0.1 - - [18/Jul/2024 11:21:35] "GET /web/assets/16-33c5310/web.assets_frontend_minimal.min.js HTTP/1.1" 200 - 6 0.018 0.190
2024-07-18 11:21:36,497 32312 INFO ? werkzeug: 127.0.0.1 - - [18/Jul/2024 11:21:36] "GET /web_enterprise/static/img/home-menu-bg-overlay.svg HTTP/1.1" 200 - 1 0.010 0.194
2024-07-18 11:21:37,159 32312 INFO ? werkzeug: 127.0.0.1 - - [18/Jul/2024 11:21:37] "GET /web/static/img/favicon.ico HTTP/1.1" 200 - 1 0.016 0.328
2024-07-18 11:21:37,246 32312 INFO Asset werkzeug: 127.0.0.1 - - [18/Jul/2024 11:21:37] "GET /web/assets/17-765b1ec/web.assets_frontend_lazy.min.js HTTP/1.1" 200 - 6 0.014 0.415
2024-07-18 11:21:37,589 32312 INFO Asset werkzeug: 127.0.0.1 - - [18/Jul/2024 11:21:37] "GET /web/webclient/translations/1721301697392 HTTP/1.1" 200 - 4 0.016 0.177
2024-07-18 11:21:38,151 32312 INFO Asset werkzeug: 127.0.0.1 - - [18/Jul/2024 11:21:38] "GET /web/webclient/translations/1721301697595 HTTP/1.1" 200 - 4 0.071 0.180
2024-07-18 11:22:07,026 32312 INFO Asset odoo.addons.base.models.res_users: Login successful for db:Asset login:admin from 127.0.0.1 
2024-07-18 11:22:07,645 32312 INFO Asset werkzeug: 127.0.0.1 - - [18/Jul/2024 11:22:07] "POST /web/login HTTP/1.1" 303 - 18 0.370 2.319
2024-07-18 11:22:07,814 32312 INFO Asset werkzeug: 127.0.0.1 - - [18/Jul/2024 11:22:07] "GET /web HTTP/1.1" 200 - 9 0.120 0.042
2024-07-18 11:22:08,228 32312 INFO Asset werkzeug: 127.0.0.1 - - [18/Jul/2024 11:22:08] "GET /web/webclient/load_menus/3b5665afdb76f0b35edca6c8b7486724a31b5c9e8fd5a2aa71a636993cb1dd9b HTTP/1.1" 200 - 1 0.001 0.023
2024-07-18 11:22:08,249 32312 INFO Asset werkzeug: 127.0.0.1 - - [18/Jul/2024 11:22:08] "GET /web/assets/22-5375e51/web.assets_backend_prod_only.min.js HTTP/1.1" 200 - 4 0.005 0.046
2024-07-18 11:22:08,274 32312 INFO Asset werkzeug: 127.0.0.1 - - [18/Jul/2024 11:22:08] "GET /web/assets/21-204da68/web.assets_backend.min.js HTTP/1.1" 200 - 4 0.010 0.064
2024-07-18 11:22:08,301 32312 INFO Asset werkzeug: 127.0.0.1 - - [18/Jul/2024 11:22:08] "GET /web/assets/19-204da68/web.assets_backend.min.css HTTP/1.1" 200 - 4 0.007 0.100
2024-07-18 11:22:08,306 32312 INFO Asset werkzeug: 127.0.0.1 - - [18/Jul/2024 11:22:08] "GET /web/assets/20-dbf1cee/web.assets_common.min.js HTTP/1.1" 200 - 4 0.003 0.107
2024-07-18 11:22:08,555 32312 INFO Asset werkzeug: 127.0.0.1 - - [18/Jul/2024 11:22:08] "GET /web/webclient/translations/b706ba46339f8cba1848d829394038eb77b64931?lang=en_US HTTP/1.1" 200 - 2 0.010 0.006
2024-07-18 11:22:09,888 32312 INFO Asset werkzeug: 127.0.0.1 - - [18/Jul/2024 11:22:09] "GET /web/assets/18-dbf1cee/web.assets_common.min.css HTTP/1.1" 200 - 4 0.010 1.684
2024-07-18 11:22:10,627 32312 INFO Asset werkzeug: 127.0.0.1 - - [18/Jul/2024 11:22:10] "GET /web/webclient/locale/en_US HTTP/1.1" 200 - 1 0.001 0.013
2024-07-18 11:22:10,653 32312 INFO Asset werkzeug: 127.0.0.1 - - [18/Jul/2024 11:22:10] "GET /bus/websocket_worker_bundle?v=1.0.5 HTTP/1.1" 200 - 4 0.006 0.032
2024-07-18 11:22:10,884 32312 INFO Asset werkzeug: 127.0.0.1 - - [18/Jul/2024 11:22:10] "GET /web/image/res.company/1/favicon HTTP/1.1" 200 - 5 0.005 0.015
2024-07-18 11:22:11,046 32312 INFO Asset werkzeug: 127.0.0.1 - - [18/Jul/2024 11:22:11] "GET /web/image?model=res.users&field=avatar_128&id=2 HTTP/1.1" 200 - 8 0.008 0.017
2024-07-18 11:22:11,063 32312 INFO Asset werkzeug: 127.0.0.1 - - [18/Jul/2024 11:22:11] "GET /web/image/res.company/1/favicon HTTP/1.1" 304 - 5 0.059 0.015
2024-07-18 11:22:11,087 32312 INFO Asset werkzeug: 127.0.0.1 - - [18/Jul/2024 11:22:11] "GET /websocket HTTP/1.1" 101 - 1 0.001 0.030
2024-07-18 11:45:49,979 32312 INFO Asset werkzeug: 127.0.0.1 - - [18/Jul/2024 11:45:49] "GET /websocket HTTP/1.1" 101 - 1 0.001 0.029
2024-07-18 12:14:06,258 32312 INFO Asset werkzeug: 10.0.0.36 - - [18/Jul/2024 12:14:06] "GET / HTTP/1.1" 303 - 2 0.016 0.221
2024-07-18 12:14:06,487 32312 INFO Asset werkzeug: 10.0.0.36 - - [18/Jul/2024 12:14:06] "GET /web HTTP/1.1" 303 - 2 0.021 0.202
2024-07-18 12:14:06,999 32312 INFO Asset werkzeug: 10.0.0.36 - - [18/Jul/2024 12:14:06] "GET /web/login HTTP/1.1" 200 - 5 0.041 0.462
2024-07-18 12:14:07,655 32312 INFO ? werkzeug: 10.0.0.36 - - [18/Jul/2024 12:14:07] "GET /web/static/src/libs/fontawesome/fonts/fontawesome-webfont.woff2?v=4.7.0 HTTP/1.1" 200 - 1 0.012 0.587
2024-07-18 12:14:07,663 32312 INFO Asset werkzeug: 10.0.0.36 - - [18/Jul/2024 12:14:07] "GET /web/assets/15-c695a8d/web.assets_frontend.min.css HTTP/1.1" 200 - 6 0.019 0.582
2024-07-18 12:14:07,674 32312 INFO Asset werkzeug: 10.0.0.36 - - [18/Jul/2024 12:14:07] "GET /web/binary/company_logo HTTP/1.1" 200 - 3 0.020 0.590
2024-07-18 12:14:08,099 32312 INFO Asset werkzeug: 10.0.0.36 - - [18/Jul/2024 12:14:08] "GET /web/assets/16-33c5310/web.assets_frontend_minimal.min.js HTTP/1.1" 200 - 6 0.017 0.397
2024-07-18 12:14:08,109 32312 INFO ? werkzeug: 10.0.0.36 - - [18/Jul/2024 12:14:08] "GET /web_enterprise/static/img/home-menu-bg-overlay.svg HTTP/1.1" 200 - 1 0.019 0.375
2024-07-18 12:14:08,546 32312 INFO ? werkzeug: 10.0.0.36 - - [18/Jul/2024 12:14:08] "GET /web/static/img/favicon.ico HTTP/1.1" 200 - 1 0.017 0.405
2024-07-18 12:14:08,573 32312 INFO Asset werkzeug: 10.0.0.36 - - [18/Jul/2024 12:14:08] "GET /web/assets/17-765b1ec/web.assets_frontend_lazy.min.js HTTP/1.1" 200 - 6 0.021 0.428
2024-07-18 12:14:08,945 32312 INFO Asset werkzeug: 10.0.0.36 - - [18/Jul/2024 12:14:08] "GET /web/webclient/translations/1721304848767 HTTP/1.1" 200 - 4 0.013 0.158
2024-07-18 12:14:09,096 32312 INFO Asset werkzeug: 10.0.0.36 - - [18/Jul/2024 12:14:09] "GET /web/webclient/translations/1721304848950 HTTP/1.1" 200 - 4 0.007 0.131
2024-07-18 12:16:04,127 32312 ERROR Asset odoo.sql_db: bad query: UPDATE "bus_presence" SET "last_poll" = '2024-07-18 12:16:04', "last_presence" = '2024-07-18 12:13:24.255041' WHERE id IN (1)
ERROR: could not serialize access due to concurrent update
 
2024-07-18 12:49:04,508 32312 INFO Asset werkzeug: 127.0.0.1 - - [18/Jul/2024 12:49:04] "GET /websocket HTTP/1.1" 101 - 1 0.001 0.026
2024-07-18 12:55:49,513 32312 INFO Asset werkzeug: 127.0.0.1 - - [18/Jul/2024 12:55:49] "GET /websocket HTTP/1.1" 101 - 1 0.001 0.026
2024-07-18 12:59:42,337 32312 INFO Asset werkzeug: 127.0.0.1 - - [18/Jul/2024 12:59:42] "GET /web/session/logout HTTP/1.1" 303 - 1 0.001 0.030
2024-07-18 12:59:42,529 32312 INFO Asset werkzeug: 127.0.0.1 - - [18/Jul/2024 12:59:42] "GET /web HTTP/1.1" 303 - 1 0.001 0.014
2024-07-18 12:59:42,911 32312 INFO Asset werkzeug: 127.0.0.1 - - [18/Jul/2024 12:59:42] "GET /web/login HTTP/1.1" 200 - 4 0.095 0.257
2024-07-18 12:59:42,960 32312 INFO Asset werkzeug: 127.0.0.1 - - [18/Jul/2024 12:59:42] "GET /web/binary/company_logo HTTP/1.1" 304 - 2 0.003 0.008
2024-07-18 12:59:43,486 32312 INFO Asset werkzeug: 127.0.0.1 - - [18/Jul/2024 12:59:43] "GET /web/webclient/translations/1721307583165 HTTP/1.1" 200 - 3 0.003 0.008
2024-07-18 12:59:43,737 32312 INFO Asset werkzeug: 127.0.0.1 - - [18/Jul/2024 12:59:43] "GET /web/webclient/translations/1721307583493 HTTP/1.1" 200 - 3 0.003 0.008
2024-07-18 12:59:50,851 32312 INFO Asset werkzeug: 127.0.0.1 - - [18/Jul/2024 12:59:50] "GET /web/database/manager HTTP/1.1" 200 - 4 0.113 1.041
2024-07-18 12:59:50,911 32312 INFO ? werkzeug: 127.0.0.1 - - [18/Jul/2024 12:59:50] "GET /web/static/src/libs/fontawesome/css/font-awesome.css HTTP/1.1" 200 - 0 0.000 0.022
2024-07-18 12:59:51,231 32312 INFO ? werkzeug: 127.0.0.1 - - [18/Jul/2024 12:59:51] "GET /web/static/lib/bootstrap/js/dist/dom/manipulator.js HTTP/1.1" 200 - 0 0.000 0.024
2024-07-18 12:59:51,233 32312 INFO ? werkzeug: 127.0.0.1 - - [18/Jul/2024 12:59:51] "GET /web/static/lib/bootstrap/js/dist/dom/data.js HTTP/1.1" 200 - 0 0.000 0.029
2024-07-18 12:59:51,236 32312 INFO ? werkzeug: 127.0.0.1 - - [18/Jul/2024 12:59:51] "GET /web/static/lib/bootstrap/js/dist/dom/event-handler.js HTTP/1.1" 200 - 0 0.000 0.031
2024-07-18 12:59:51,239 32312 INFO ? werkzeug: 127.0.0.1 - - [18/Jul/2024 12:59:51] "GET /web/static/lib/bootstrap/js/dist/dom/selector-engine.js HTTP/1.1" 200 - 0 0.000 0.021
2024-07-18 12:59:51,286 32312 INFO ? werkzeug: 127.0.0.1 - - [18/Jul/2024 12:59:51] "GET /web/static/lib/bootstrap/dist/css/bootstrap.css HTTP/1.1" 200 - 0 0.000 0.085
2024-07-18 12:59:51,294 32312 INFO ? werkzeug: 127.0.0.1 - - [18/Jul/2024 12:59:51] "GET /web/static/lib/jquery/jquery.js HTTP/1.1" 200 - 0 0.000 0.090
2024-07-18 12:59:51,560 32312 INFO ? werkzeug: 127.0.0.1 - - [18/Jul/2024 12:59:51] "GET /web/static/img/logo2.png HTTP/1.1" 200 - 0 0.000 0.011
2024-07-18 12:59:51,563 32312 INFO ? werkzeug: 127.0.0.1 - - [18/Jul/2024 12:59:51] "GET /web/static/lib/bootstrap/js/dist/base-component.js HTTP/1.1" 200 - 0 0.000 0.023
2024-07-18 12:59:51,566 32312 INFO ? werkzeug: 127.0.0.1 - - [18/Jul/2024 12:59:51] "GET /web/static/src/public/database_manager.js HTTP/1.1" 200 - 0 0.000 0.021
2024-07-18 12:59:51,570 32312 INFO ? werkzeug: 127.0.0.1 - - [18/Jul/2024 12:59:51] "GET /web/static/lib/bootstrap/js/dist/modal.js HTTP/1.1" 200 - 0 0.000 0.027
2024-07-18 14:25:35,033 32312 INFO Asset werkzeug: 127.0.0.1 - - [18/Jul/2024 14:25:35] "GET /websocket HTTP/1.1" 101 - 1 0.000 0.020
2024-07-18 15:45:49,615 32312 INFO Asset werkzeug: 127.0.0.1 - - [18/Jul/2024 15:45:49] "GET /websocket HTTP/1.1" 101 - 1 0.000 0.026
2024-07-18 17:09:49,368 32312 INFO Asset werkzeug: 127.0.0.1 - - [18/Jul/2024 17:09:49] "GET /websocket HTTP/1.1" 101 - 1 0.001 0.026
2024-07-18 18:14:49,716 32312 INFO Asset werkzeug: 127.0.0.1 - - [18/Jul/2024 18:14:49] "GET /websocket HTTP/1.1" 101 - 1 0.000 0.030
2024-07-18 19:27:04,766 32312 INFO Asset werkzeug: 127.0.0.1 - - [18/Jul/2024 19:27:04] "GET /websocket HTTP/1.1" 101 - 1 0.001 0.020
2024-07-18 20:55:49,112 32312 INFO Asset werkzeug: 127.0.0.1 - - [18/Jul/2024 20:55:49] "GET /websocket HTTP/1.1" 101 - 1 0.000 0.031
2024-07-18 22:06:49,662 32312 INFO Asset werkzeug: 127.0.0.1 - - [18/Jul/2024 22:06:49] "GET /websocket HTTP/1.1" 101 - 1 0.000 0.031
2024-07-18 23:12:49,563 32312 INFO Asset werkzeug: 127.0.0.1 - - [18/Jul/2024 23:12:49] "GET /websocket HTTP/1.1" 101 - 1 0.000 0.026
2024-07-19 00:15:49,460 32312 INFO Asset werkzeug: 127.0.0.1 - - [19/Jul/2024 00:15:49] "GET /websocket HTTP/1.1" 101 - 1 0.000 0.030
2024-07-19 01:27:49,819 32312 INFO Asset werkzeug: 127.0.0.1 - - [19/Jul/2024 01:27:49] "GET /websocket HTTP/1.1" 101 - 1 0.000 0.030
2024-07-19 02:33:04,486 32312 INFO Asset werkzeug: 127.0.0.1 - - [19/Jul/2024 02:33:04] "GET /websocket HTTP/1.1" 101 - 1 0.000 0.020
2024-07-19 03:41:48,866 32312 INFO Asset werkzeug: 127.0.0.1 - - [19/Jul/2024 03:41:48] "GET /websocket HTTP/1.1" 101 - 1 0.000 0.030
2024-07-19 04:50:48,828 32312 INFO Asset werkzeug: 127.0.0.1 - - [19/Jul/2024 04:50:48] "GET /websocket HTTP/1.1" 101 - 1 0.000 0.030
2024-07-19 06:12:49,160 32312 INFO Asset werkzeug: 127.0.0.1 - - [19/Jul/2024 06:12:49] "GET /websocket HTTP/1.1" 101 - 1 0.001 0.029
2024-07-19 07:31:04,339 32312 INFO Asset werkzeug: 127.0.0.1 - - [19/Jul/2024 07:31:04] "GET /websocket HTTP/1.1" 101 - 1 0.000 0.033
2024-07-19 08:41:34,045 32312 INFO Asset werkzeug: 127.0.0.1 - - [19/Jul/2024 08:41:34] "GET /websocket HTTP/1.1" 101 - 1 0.000 0.030
2024-07-19 09:42:57,893 32312 INFO Asset werkzeug: 127.0.0.1 - - [19/Jul/2024 09:42:57] "POST /web/database/restore HTTP/1.1" 200 - 4 0.225 2.547
2024-07-19 09:59:02,842 32312 INFO ? odoo.service.server: Initiating shutdown 
2024-07-19 09:59:02,842 32312 INFO ? odoo.service.server: Hit CTRL-C again or send a second signal to force the shutdown. 
2024-07-19 09:59:23,710 23560 INFO ? odoo: Odoo version 16.0+e-20240716 
2024-07-19 09:59:23,711 23560 INFO ? odoo: Using configuration file at C:\Odoo16\server\odoo.conf 
2024-07-19 09:59:23,711 23560 INFO ? odoo: addons paths: ['C:\\Odoo16\\server\\odoo\\addons', 'c:\\odoo16\\sessions\\addons\\16.0', 'c:\\odoo16\\server\\odoo\\addons'] 
2024-07-19 09:59:23,711 23560 INFO ? odoo: database: openpg@localhost:5432 
2024-07-19 09:59:25,708 23560 INFO ? odoo.addons.base.models.ir_actions_report: Will use the Wkhtmltopdf binary at C:\Odoo16\thirdparty\wkhtmltopdf.exe 
2024-07-19 09:59:29,280 23560 INFO ? odoo.service.server: HTTP service (werkzeug) running on UMDMPASTEL.umdm.gov.za:8069 
2024-07-19 09:59:33,033 23560 INFO Asset odoo.modules.loading: loading 1 modules... 
2024-07-19 09:59:33,045 23560 INFO Asset odoo.modules.loading: 1 modules loaded in 0.01s, 0 queries (+0 extra) 
2024-07-19 09:59:33,174 23560 INFO Asset odoo.modules.loading: loading 13 modules... 
2024-07-19 09:59:34,584 23560 INFO Asset odoo.modules.loading: 13 modules loaded in 1.41s, 0 queries (+0 extra) 
2024-07-19 09:59:34,782 23560 INFO Asset odoo.modules.loading: Modules loaded. 
2024-07-19 09:59:34,852 23560 INFO Asset odoo.modules.registry: Registry loaded in 2.221s 
2024-07-19 09:59:34,856 23560 INFO Asset odoo.addons.base.models.ir_http: Generating routing map for key None 
2024-07-19 09:59:35,339 23560 INFO Asset werkzeug: 127.0.0.1 - - [19/Jul/2024 09:59:35] "GET /websocket HTTP/1.1" 101 - 22 0.736 1.978
2024-07-19 09:59:35,387 23560 INFO ? odoo.addons.bus.models.bus: Bus.loop listen imbus on db postgres 
2024-07-19 10:00:29,141 23560 INFO Asset odoo.addons.base.models.ir_cron: Starting job `Base: Auto-vacuum internal data`. 
2024-07-19 10:00:29,503 23560 INFO Asset odoo.addons.base.models.ir_attachment: filestore gc 20 checked, 0 removed 
2024-07-19 10:00:29,739 23560 INFO Asset odoo.addons.base.models.res_users: GC'd 2 user log entries 
2024-07-19 10:00:30,095 23560 INFO Asset odoo.models.unlink: User #1 deleted base.language.install records with IDs: [1] 
2024-07-19 10:00:30,254 23560 INFO Asset odoo.addons.auth_totp.models.auth_totp: GC'd 0 totp devices entries 
2024-07-19 10:00:30,321 23560 INFO Asset odoo.models.unlink: User #1 deleted bus.bus records with IDs: [1, 2, 3, 4] 
2024-07-19 10:00:30,336 23560 INFO Asset odoo.addons.base.models.ir_cron: Job `Base: Auto-vacuum internal data` done. 
2024-07-19 10:01:39,167 23560 INFO Asset odoo.service.db: RESTORING DB: asset_001 
2024-07-19 10:03:58,734 23560 INFO asset_001 odoo.modules.loading: loading 1 modules... 
2024-07-19 10:03:58,751 23560 INFO asset_001 odoo.modules.loading: 1 modules loaded in 0.02s, 0 queries (+0 extra) 
2024-07-19 10:03:58,763 23560 INFO asset_001 odoo.modules.loading: loading 72 modules... 
2024-07-19 10:04:28,778 23560 INFO asset_001 odoo.modules.loading: 72 modules loaded in 30.02s, 0 queries (+0 extra) 
2024-07-19 10:04:28,932 23560 INFO asset_001 odoo.modules.loading: Modules loaded. 
2024-07-19 10:04:28,957 23560 INFO asset_001 odoo.modules.registry: Registry loaded in 30.442s 
2024-07-19 10:04:29,197 23560 INFO asset_001 odoo.modules.neutralize: Neutralization finished 
2024-07-19 10:04:29,238 23560 INFO asset_001 odoo.service.db: RESTORE DB: asset_001 
2024-07-19 10:04:29,253 23560 INFO asset_001 werkzeug: 127.0.0.1 - - [19/Jul/2024 10:04:29] "POST /web/database/restore HTTP/1.1" 303 - 55 12.701 169.121
2024-07-19 10:04:30,876 23560 INFO Asset werkzeug: 127.0.0.1 - - [19/Jul/2024 10:04:30] "GET /web/database/manager HTTP/1.1" 200 - 6 0.167 1.142
2024-07-19 10:04:50,771 23560 INFO Asset werkzeug: 127.0.0.1 - - [19/Jul/2024 10:04:50] "GET /web?db=asset_001 HTTP/1.1" 302 - 1 0.001 0.035
2024-07-19 10:04:51,056 23560 INFO asset_001 odoo.addons.base.models.ir_http: Generating routing map for key None 
2024-07-19 10:04:51,309 23560 INFO asset_001 werkzeug: 127.0.0.1 - - [19/Jul/2024 10:04:51] "GET /web?db=asset_001 HTTP/1.1" 303 - 6 0.051 0.216
2024-07-19 10:05:06,541 23560 INFO asset_001 odoo.modules.registry: At least one model cache has been invalidated, signaling through the database. 
2024-07-19 10:05:06,829 23560 INFO asset_001 werkzeug: 127.0.0.1 - - [19/Jul/2024 10:05:06] "GET /web/login HTTP/1.1" 200 - 97 0.545 14.664
2024-07-19 10:05:06,876 23560 INFO asset_001 werkzeug: 127.0.0.1 - - [19/Jul/2024 10:05:06] "GET /web/assets/121-ab7d389/web.assets_frontend.min.css HTTP/1.1" 200 - 9 0.009 0.016
2024-07-19 10:05:07,421 23560 INFO asset_001 werkzeug: 127.0.0.1 - - [19/Jul/2024 10:05:07] "GET /web/assets/122-33c5310/web.assets_frontend_minimal.min.js HTTP/1.1" 200 - 5 0.005 0.247
2024-07-19 10:05:07,435 23560 INFO asset_001 werkzeug: 127.0.0.1 - - [19/Jul/2024 10:05:07] "GET /web/binary/company_logo HTTP/1.1" 200 - 2 0.026 0.241
2024-07-19 10:05:07,783 23560 INFO asset_001 werkzeug: 127.0.0.1 - - [19/Jul/2024 10:05:07] "GET /web/assets/123-df2f020/web.assets_frontend_lazy.min.js HTTP/1.1" 200 - 5 0.018 0.014
2024-07-19 10:05:08,026 23560 INFO asset_001 odoo.addons.base.models.ir_attachment: _read_file reading c:\odoo16\sessions\filestore\asset_001\62/627090759f9a66678c28c1bc3c3039b37f40f66e 
Traceback (most recent call last):
  File "C:\Odoo16\server\odoo\tools\cache.py", line 85, in lookup
    r = d[key]
        ~^^^^^
  File "<decorator-gen-8>", line 2, in __getitem__
  File "C:\Odoo16\server\odoo\tools\func.py", line 87, in locked
    return func(inst, *args, **kwargs)
           ^^^^^^^^^^^^^^^^^^^^^^^^^^^
  File "C:\Odoo16\server\odoo\tools\lru.py", line 34, in __getitem__
    a = self.d[obj]
        ~~~~~~^^^^^
KeyError: ('res.lang', <function Lang.get_available at 0x0000021A63926200>)

During handling of the above exception, another exception occurred:

Traceback (most recent call last):
  File "C:\Odoo16\server\odoo\api.py", line 997, in get
    cache_value = field_cache[record._ids[0]]
                  ~~~~~~~~~~~^^^^^^^^^^^^^^^^
KeyError: 1

During handling of the above exception, another exception occurred:

Traceback (most recent call last):
  File "C:\Odoo16\server\odoo\fields.py", line 1161, in __get__
    value = env.cache.get(record, self)
            ^^^^^^^^^^^^^^^^^^^^^^^^^^^
  File "C:\Odoo16\server\odoo\api.py", line 1004, in get
    raise CacheMiss(record, field)
odoo.exceptions.CacheMiss: 'res.lang(1,).flag_image_url'

During handling of the above exception, another exception occurred:

Traceback (most recent call last):
  File "C:\Odoo16\server\odoo\api.py", line 997, in get
    cache_value = field_cache[record._ids[0]]
                  ~~~~~~~~~~~^^^^^^^^^^^^^^^^
KeyError: 1

During handling of the above exception, another exception occurred:

Traceback (most recent call last):
  File "C:\Odoo16\server\odoo\fields.py", line 1161, in __get__
    value = env.cache.get(record, self)
            ^^^^^^^^^^^^^^^^^^^^^^^^^^^
  File "C:\Odoo16\server\odoo\api.py", line 1004, in get
    raise CacheMiss(record, field)
odoo.exceptions.CacheMiss: 'res.lang(1,).flag_image'

During handling of the above exception, another exception occurred:

Traceback (most recent call last):
  File "C:\Odoo16\server\odoo\api.py", line 997, in get
    cache_value = field_cache[record._ids[0]]
                  ~~~~~~~~~~~^^^^^^^^^^^^^^^^
KeyError: 2

During handling of the above exception, another exception occurred:

Traceback (most recent call last):
  File "C:\Odoo16\server\odoo\fields.py", line 1161, in __get__
    value = env.cache.get(record, self)
            ^^^^^^^^^^^^^^^^^^^^^^^^^^^
  File "C:\Odoo16\server\odoo\api.py", line 1004, in get
    raise CacheMiss(record, field)
odoo.exceptions.CacheMiss: 'ir.attachment(2,).datas'

During handling of the above exception, another exception occurred:

Traceback (most recent call last):
  File "C:\Odoo16\server\odoo\api.py", line 997, in get
    cache_value = field_cache[record._ids[0]]
                  ~~~~~~~~~~~^^^^^^^^^^^^^^^^
KeyError: 2

During handling of the above exception, another exception occurred:

Traceback (most recent call last):
  File "C:\Odoo16\server\odoo\fields.py", line 1161, in __get__
    value = env.cache.get(record, self)
            ^^^^^^^^^^^^^^^^^^^^^^^^^^^
  File "C:\Odoo16\server\odoo\api.py", line 1004, in get
    raise CacheMiss(record, field)
odoo.exceptions.CacheMiss: 'ir.attachment(2,).raw'

During handling of the above exception, another exception occurred:

Traceback (most recent call last):
  File "C:\Odoo16\server\odoo\addons\base\models\ir_attachment.py", line 121, in _file_read
    with open(full_path, 'rb') as f:
         ^^^^^^^^^^^^^^^^^^^^^
FileNotFoundError: [Errno 2] No such file or directory: 'c:\\odoo16\\sessions\\filestore\\asset_001\\62/627090759f9a66678c28c1bc3c3039b37f40f66e'
2024-07-19 10:05:08,155 23560 INFO asset_001 odoo.addons.base.models.ir_attachment: _read_file reading c:\odoo16\sessions\filestore\asset_001\23/23fe89f51c8121f053a697a3dd79106f25aeeb52 
Traceback (most recent call last):
  File "C:\Odoo16\server\odoo\tools\cache.py", line 85, in lookup
    r = d[key]
        ~^^^^^
  File "<decorator-gen-8>", line 2, in __getitem__
  File "C:\Odoo16\server\odoo\tools\func.py", line 87, in locked
    return func(inst, *args, **kwargs)
           ^^^^^^^^^^^^^^^^^^^^^^^^^^^
  File "C:\Odoo16\server\odoo\tools\lru.py", line 34, in __getitem__
    a = self.d[obj]
        ~~~~~~^^^^^
KeyError: ('res.lang', <function Lang.get_available at 0x0000021A63926200>)

During handling of the above exception, another exception occurred:

Traceback (most recent call last):
  File "C:\Odoo16\server\odoo\api.py", line 997, in get
    cache_value = field_cache[record._ids[0]]
                  ~~~~~~~~~~~^^^^^^^^^^^^^^^^
KeyError: 1

During handling of the above exception, another exception occurred:

Traceback (most recent call last):
  File "C:\Odoo16\server\odoo\fields.py", line 1161, in __get__
    value = env.cache.get(record, self)
            ^^^^^^^^^^^^^^^^^^^^^^^^^^^
  File "C:\Odoo16\server\odoo\api.py", line 1004, in get
    raise CacheMiss(record, field)
odoo.exceptions.CacheMiss: 'res.lang(1,).flag_image_url'

During handling of the above exception, another exception occurred:

Traceback (most recent call last):
  File "C:\Odoo16\server\odoo\api.py", line 997, in get
    cache_value = field_cache[record._ids[0]]
                  ~~~~~~~~~~~^^^^^^^^^^^^^^^^
KeyError: 1

During handling of the above exception, another exception occurred:

Traceback (most recent call last):
  File "C:\Odoo16\server\odoo\fields.py", line 1161, in __get__
    value = env.cache.get(record, self)
            ^^^^^^^^^^^^^^^^^^^^^^^^^^^
  File "C:\Odoo16\server\odoo\api.py", line 1004, in get
    raise CacheMiss(record, field)
odoo.exceptions.CacheMiss: 'res.lang(1,).flag_image'

During handling of the above exception, another exception occurred:

Traceback (most recent call last):
  File "C:\Odoo16\server\odoo\api.py", line 997, in get
    cache_value = field_cache[record._ids[0]]
                  ~~~~~~~~~~~^^^^^^^^^^^^^^^^
KeyError: 2

During handling of the above exception, another exception occurred:

Traceback (most recent call last):
  File "C:\Odoo16\server\odoo\fields.py", line 1161, in __get__
    value = env.cache.get(record, self)
            ^^^^^^^^^^^^^^^^^^^^^^^^^^^
  File "C:\Odoo16\server\odoo\api.py", line 1004, in get
    raise CacheMiss(record, field)
odoo.exceptions.CacheMiss: 'ir.attachment(2,).datas'

During handling of the above exception, another exception occurred:

Traceback (most recent call last):
  File "C:\Odoo16\server\odoo\api.py", line 997, in get
    cache_value = field_cache[record._ids[0]]
                  ~~~~~~~~~~~^^^^^^^^^^^^^^^^
KeyError: 2

During handling of the above exception, another exception occurred:

Traceback (most recent call last):
  File "C:\Odoo16\server\odoo\fields.py", line 1161, in __get__
    value = env.cache.get(record, self)
            ^^^^^^^^^^^^^^^^^^^^^^^^^^^
  File "C:\Odoo16\server\odoo\api.py", line 1004, in get
    raise CacheMiss(record, field)
odoo.exceptions.CacheMiss: 'ir.attachment(2,).raw'

During handling of the above exception, another exception occurred:

Traceback (most recent call last):
  File "C:\Odoo16\server\odoo\addons\base\models\ir_attachment.py", line 121, in _file_read
    with open(full_path, 'rb') as f:
         ^^^^^^^^^^^^^^^^^^^^^
FileNotFoundError: [Errno 2] No such file or directory: 'c:\\odoo16\\sessions\\filestore\\asset_001\\23/23fe89f51c8121f053a697a3dd79106f25aeeb52'
2024-07-19 10:05:08,170 23560 INFO asset_001 werkzeug: 127.0.0.1 - - [19/Jul/2024 10:05:08] "GET /website/translations/a0904ff8e2c6bfa6bb5d9f87c1ef6d45fe749aa6 HTTP/1.1" 200 - 11 0.012 0.153
2024-07-19 10:06:12,538 23560 INFO asset_001 odoo.addons.base.models.res_users: Login failed for db:asset_001 login:admin from 127.0.0.1 
2024-07-19 10:06:12,985 23560 INFO asset_001 werkzeug: 127.0.0.1 - - [19/Jul/2024 10:06:12] "POST /web/login HTTP/1.1" 200 - 49 0.130 0.686
2024-07-19 10:06:13,038 23560 INFO asset_001 werkzeug: 127.0.0.1 - - [19/Jul/2024 10:06:13] "GET /web/binary/company_logo?dbname=asset_001 HTTP/1.1" 200 - 2 0.003 0.011
2024-07-19 11:01:48,905 23560 INFO Asset werkzeug: 127.0.0.1 - - [19/Jul/2024 11:01:48] "GET /websocket HTTP/1.1" 101 - 1 0.001 0.028
2024-07-19 11:05:42,156 23560 INFO asset_001 odoo.addons.base.models.res_users: Login successful for db:asset_001 login:admin from 127.0.0.1 
2024-07-19 11:05:42,240 23560 INFO asset_001 odoo.modules.registry: At least one model cache has been invalidated, signaling through the database. 
2024-07-19 11:05:42,243 23560 INFO asset_001 werkzeug: 127.0.0.1 - - [19/Jul/2024 11:05:42] "POST /web/login HTTP/1.1" 303 - 60 0.998 1.057
2024-07-19 11:05:42,796 23560 INFO asset_001 odoo.addons.base.models.ir_attachment: _read_file reading c:\odoo16\sessions\filestore\asset_001\11/116da2379e342b5e35b514a7778e6d06ce33a607 
Traceback (most recent call last):
  File "C:\Odoo16\server\odoo\tools\cache.py", line 85, in lookup
    r = d[key]
        ~^^^^^
  File "<decorator-gen-8>", line 2, in __getitem__
  File "C:\Odoo16\server\odoo\tools\func.py", line 87, in locked
    return func(inst, *args, **kwargs)
           ^^^^^^^^^^^^^^^^^^^^^^^^^^^
  File "C:\Odoo16\server\odoo\tools\lru.py", line 34, in __getitem__
    a = self.d[obj]
        ~~~~~~^^^^^
KeyError: ('ir.ui.menu', <function IrUiMenu.load_menus at 0x0000021A630F7F60>, 2, '', ('en_US',))

During handling of the above exception, another exception occurred:

Traceback (most recent call last):
  File "C:\Odoo16\server\odoo\api.py", line 997, in get
    cache_value = field_cache[record._ids[0]]
                  ~~~~~~~~~~~^^^^^^^^^^^^^^^^
KeyError: 112

During handling of the above exception, another exception occurred:

Traceback (most recent call last):
  File "C:\Odoo16\server\odoo\fields.py", line 1161, in __get__
    value = env.cache.get(record, self)
            ^^^^^^^^^^^^^^^^^^^^^^^^^^^
  File "C:\Odoo16\server\odoo\api.py", line 1004, in get
    raise CacheMiss(record, field)
odoo.exceptions.CacheMiss: 'ir.attachment(112,).datas'

During handling of the above exception, another exception occurred:

Traceback (most recent call last):
  File "C:\Odoo16\server\odoo\api.py", line 997, in get
    cache_value = field_cache[record._ids[0]]
                  ~~~~~~~~~~~^^^^^^^^^^^^^^^^
KeyError: 112

During handling of the above exception, another exception occurred:

Traceback (most recent call last):
  File "C:\Odoo16\server\odoo\fields.py", line 1161, in __get__
    value = env.cache.get(record, self)
            ^^^^^^^^^^^^^^^^^^^^^^^^^^^
  File "C:\Odoo16\server\odoo\api.py", line 1004, in get
    raise CacheMiss(record, field)
odoo.exceptions.CacheMiss: 'ir.attachment(112,).raw'

During handling of the above exception, another exception occurred:

Traceback (most recent call last):
  File "C:\Odoo16\server\odoo\addons\base\models\ir_attachment.py", line 121, in _file_read
    with open(full_path, 'rb') as f:
         ^^^^^^^^^^^^^^^^^^^^^
FileNotFoundError: [Errno 2] No such file or directory: 'c:\\odoo16\\sessions\\filestore\\asset_001\\11/116da2379e342b5e35b514a7778e6d06ce33a607'
2024-07-19 11:05:42,802 23560 INFO asset_001 odoo.addons.base.models.ir_attachment: _read_file reading c:\odoo16\sessions\filestore\asset_001\59/59f76a9b296a2e8e4732f4e69b4b7ace8a5057c9 
Traceback (most recent call last):
  File "C:\Odoo16\server\odoo\tools\cache.py", line 85, in lookup
    r = d[key]
        ~^^^^^
  File "<decorator-gen-8>", line 2, in __getitem__
  File "C:\Odoo16\server\odoo\tools\func.py", line 87, in locked
    return func(inst, *args, **kwargs)
           ^^^^^^^^^^^^^^^^^^^^^^^^^^^
  File "C:\Odoo16\server\odoo\tools\lru.py", line 34, in __getitem__
    a = self.d[obj]
        ~~~~~~^^^^^
KeyError: ('ir.ui.menu', <function IrUiMenu.load_menus at 0x0000021A630F7F60>, 2, '', ('en_US',))

During handling of the above exception, another exception occurred:

Traceback (most recent call last):
  File "C:\Odoo16\server\odoo\api.py", line 997, in get
    cache_value = field_cache[record._ids[0]]
                  ~~~~~~~~~~~^^^^^^^^^^^^^^^^
KeyError: 112

During handling of the above exception, another exception occurred:

Traceback (most recent call last):
  File "C:\Odoo16\server\odoo\fields.py", line 1161, in __get__
    value = env.cache.get(record, self)
            ^^^^^^^^^^^^^^^^^^^^^^^^^^^
  File "C:\Odoo16\server\odoo\api.py", line 1004, in get
    raise CacheMiss(record, field)
odoo.exceptions.CacheMiss: 'ir.attachment(112,).datas'

During handling of the above exception, another exception occurred:

Traceback (most recent call last):
  File "C:\Odoo16\server\odoo\api.py", line 997, in get
    cache_value = field_cache[record._ids[0]]
                  ~~~~~~~~~~~^^^^^^^^^^^^^^^^
KeyError: 112

During handling of the above exception, another exception occurred:

Traceback (most recent call last):
  File "C:\Odoo16\server\odoo\fields.py", line 1161, in __get__
    value = env.cache.get(record, self)
            ^^^^^^^^^^^^^^^^^^^^^^^^^^^
  File "C:\Odoo16\server\odoo\api.py", line 1004, in get
    raise CacheMiss(record, field)
odoo.exceptions.CacheMiss: 'ir.attachment(112,).raw'

During handling of the above exception, another exception occurred:

Traceback (most recent call last):
  File "C:\Odoo16\server\odoo\addons\base\models\ir_attachment.py", line 121, in _file_read
    with open(full_path, 'rb') as f:
         ^^^^^^^^^^^^^^^^^^^^^
FileNotFoundError: [Errno 2] No such file or directory: 'c:\\odoo16\\sessions\\filestore\\asset_001\\59/59f76a9b296a2e8e4732f4e69b4b7ace8a5057c9'
2024-07-19 11:05:42,807 23560 INFO asset_001 odoo.addons.base.models.ir_attachment: _read_file reading c:\odoo16\sessions\filestore\asset_001\6a/6a5b448a0e0b9b61d0f519949af275b96008a96b 
Traceback (most recent call last):
  File "C:\Odoo16\server\odoo\tools\cache.py", line 85, in lookup
    r = d[key]
        ~^^^^^
  File "<decorator-gen-8>", line 2, in __getitem__
  File "C:\Odoo16\server\odoo\tools\func.py", line 87, in locked
    return func(inst, *args, **kwargs)
           ^^^^^^^^^^^^^^^^^^^^^^^^^^^
  File "C:\Odoo16\server\odoo\tools\lru.py", line 34, in __getitem__
    a = self.d[obj]
        ~~~~~~^^^^^
KeyError: ('ir.ui.menu', <function IrUiMenu.load_menus at 0x0000021A630F7F60>, 2, '', ('en_US',))

During handling of the above exception, another exception occurred:

Traceback (most recent call last):
  File "C:\Odoo16\server\odoo\api.py", line 997, in get
    cache_value = field_cache[record._ids[0]]
                  ~~~~~~~~~~~^^^^^^^^^^^^^^^^
KeyError: 112

During handling of the above exception, another exception occurred:

Traceback (most recent call last):
  File "C:\Odoo16\server\odoo\fields.py", line 1161, in __get__
    value = env.cache.get(record, self)
            ^^^^^^^^^^^^^^^^^^^^^^^^^^^
  File "C:\Odoo16\server\odoo\api.py", line 1004, in get
    raise CacheMiss(record, field)
odoo.exceptions.CacheMiss: 'ir.attachment(112,).datas'

During handling of the above exception, another exception occurred:

Traceback (most recent call last):
  File "C:\Odoo16\server\odoo\api.py", line 997, in get
    cache_value = field_cache[record._ids[0]]
                  ~~~~~~~~~~~^^^^^^^^^^^^^^^^
KeyError: 112

During handling of the above exception, another exception occurred:

Traceback (most recent call last):
  File "C:\Odoo16\server\odoo\fields.py", line 1161, in __get__
    value = env.cache.get(record, self)
            ^^^^^^^^^^^^^^^^^^^^^^^^^^^
  File "C:\Odoo16\server\odoo\api.py", line 1004, in get
    raise CacheMiss(record, field)
odoo.exceptions.CacheMiss: 'ir.attachment(112,).raw'

During handling of the above exception, another exception occurred:

Traceback (most recent call last):
  File "C:\Odoo16\server\odoo\addons\base\models\ir_attachment.py", line 121, in _file_read
    with open(full_path, 'rb') as f:
         ^^^^^^^^^^^^^^^^^^^^^
FileNotFoundError: [Errno 2] No such file or directory: 'c:\\odoo16\\sessions\\filestore\\asset_001\\6a/6a5b448a0e0b9b61d0f519949af275b96008a96b'
2024-07-19 11:05:42,812 23560 INFO asset_001 odoo.addons.base.models.ir_attachment: _read_file reading c:\odoo16\sessions\filestore\asset_001\a3/a330920abcef2433621d6bb985bc24828d77f77b 
Traceback (most recent call last):
  File "C:\Odoo16\server\odoo\tools\cache.py", line 85, in lookup
    r = d[key]
        ~^^^^^
  File "<decorator-gen-8>", line 2, in __getitem__
  File "C:\Odoo16\server\odoo\tools\func.py", line 87, in locked
    return func(inst, *args, **kwargs)
           ^^^^^^^^^^^^^^^^^^^^^^^^^^^
  File "C:\Odoo16\server\odoo\tools\lru.py", line 34, in __getitem__
    a = self.d[obj]
        ~~~~~~^^^^^
KeyError: ('ir.ui.menu', <function IrUiMenu.load_menus at 0x0000021A630F7F60>, 2, '', ('en_US',))

During handling of the above exception, another exception occurred:

Traceback (most recent call last):
  File "C:\Odoo16\server\odoo\api.py", line 997, in get
    cache_value = field_cache[record._ids[0]]
                  ~~~~~~~~~~~^^^^^^^^^^^^^^^^
KeyError: 112

During handling of the above exception, another exception occurred:

Traceback (most recent call last):
  File "C:\Odoo16\server\odoo\fields.py", line 1161, in __get__
    value = env.cache.get(record, self)
            ^^^^^^^^^^^^^^^^^^^^^^^^^^^
  File "C:\Odoo16\server\odoo\api.py", line 1004, in get
    raise CacheMiss(record, field)
odoo.exceptions.CacheMiss: 'ir.attachment(112,).datas'

During handling of the above exception, another exception occurred:

Traceback (most recent call last):
  File "C:\Odoo16\server\odoo\api.py", line 997, in get
    cache_value = field_cache[record._ids[0]]
                  ~~~~~~~~~~~^^^^^^^^^^^^^^^^
KeyError: 112

During handling of the above exception, another exception occurred:

Traceback (most recent call last):
  File "C:\Odoo16\server\odoo\fields.py", line 1161, in __get__
    value = env.cache.get(record, self)
            ^^^^^^^^^^^^^^^^^^^^^^^^^^^
  File "C:\Odoo16\server\odoo\api.py", line 1004, in get
    raise CacheMiss(record, field)
odoo.exceptions.CacheMiss: 'ir.attachment(112,).raw'

During handling of the above exception, another exception occurred:

Traceback (most recent call last):
  File "C:\Odoo16\server\odoo\addons\base\models\ir_attachment.py", line 121, in _file_read
    with open(full_path, 'rb') as f:
         ^^^^^^^^^^^^^^^^^^^^^
FileNotFoundError: [Errno 2] No such file or directory: 'c:\\odoo16\\sessions\\filestore\\asset_001\\a3/a330920abcef2433621d6bb985bc24828d77f77b'
2024-07-19 11:05:42,815 23560 INFO asset_001 odoo.addons.base.models.ir_attachment: _read_file reading c:\odoo16\sessions\filestore\asset_001\b8/b8f9001425cfd0ef0315797909281b912817643a 
Traceback (most recent call last):
  File "C:\Odoo16\server\odoo\tools\cache.py", line 85, in lookup
    r = d[key]
        ~^^^^^
  File "<decorator-gen-8>", line 2, in __getitem__
  File "C:\Odoo16\server\odoo\tools\func.py", line 87, in locked
    return func(inst, *args, **kwargs)
           ^^^^^^^^^^^^^^^^^^^^^^^^^^^
  File "C:\Odoo16\server\odoo\tools\lru.py", line 34, in __getitem__
    a = self.d[obj]
        ~~~~~~^^^^^
KeyError: ('ir.ui.menu', <function IrUiMenu.load_menus at 0x0000021A630F7F60>, 2, '', ('en_US',))

During handling of the above exception, another exception occurred:

Traceback (most recent call last):
  File "C:\Odoo16\server\odoo\api.py", line 997, in get
    cache_value = field_cache[record._ids[0]]
                  ~~~~~~~~~~~^^^^^^^^^^^^^^^^
KeyError: 112

During handling of the above exception, another exception occurred:

Traceback (most recent call last):
  File "C:\Odoo16\server\odoo\fields.py", line 1161, in __get__
    value = env.cache.get(record, self)
            ^^^^^^^^^^^^^^^^^^^^^^^^^^^
  File "C:\Odoo16\server\odoo\api.py", line 1004, in get
    raise CacheMiss(record, field)
odoo.exceptions.CacheMiss: 'ir.attachment(112,).datas'

During handling of the above exception, another exception occurred:

Traceback (most recent call last):
  File "C:\Odoo16\server\odoo\api.py", line 997, in get
    cache_value = field_cache[record._ids[0]]
                  ~~~~~~~~~~~^^^^^^^^^^^^^^^^
KeyError: 112

During handling of the above exception, another exception occurred:

Traceback (most recent call last):
  File "C:\Odoo16\server\odoo\fields.py", line 1161, in __get__
    value = env.cache.get(record, self)
            ^^^^^^^^^^^^^^^^^^^^^^^^^^^
  File "C:\Odoo16\server\odoo\api.py", line 1004, in get
    raise CacheMiss(record, field)
odoo.exceptions.CacheMiss: 'ir.attachment(112,).raw'

During handling of the above exception, another exception occurred:

Traceback (most recent call last):
  File "C:\Odoo16\server\odoo\addons\base\models\ir_attachment.py", line 121, in _file_read
    with open(full_path, 'rb') as f:
         ^^^^^^^^^^^^^^^^^^^^^
FileNotFoundError: [Errno 2] No such file or directory: 'c:\\odoo16\\sessions\\filestore\\asset_001\\b8/b8f9001425cfd0ef0315797909281b912817643a'
2024-07-19 11:06:26,620 23560 INFO asset_001 odoo.modules.registry: At least one model cache has been invalidated, signaling through the database. 
2024-07-19 11:06:26,623 23560 INFO asset_001 werkzeug: 127.0.0.1 - - [19/Jul/2024 11:06:26] "GET /web HTTP/1.1" 200 - 174 1.938 42.433
2024-07-19 11:06:26,704 23560 INFO asset_001 werkzeug: 127.0.0.1 - - [19/Jul/2024 11:06:26] "GET /web/assets/124-9fcbc49/web.assets_common.min.css HTTP/1.1" 200 - 10 0.012 0.014
2024-07-19 11:06:27,432 23560 INFO asset_001 werkzeug: 127.0.0.1 - - [19/Jul/2024 11:06:27] "GET /web/assets/125-c693be3/web.assets_backend.min.css HTTP/1.1" 200 - 4 0.009 0.430
2024-07-19 11:06:27,433 23560 INFO asset_001 werkzeug: 127.0.0.1 - - [19/Jul/2024 11:06:27] "GET /web/assets/126-9fcbc49/web.assets_common.min.js HTTP/1.1" 200 - 4 0.010 0.428
2024-07-19 11:06:27,444 23560 INFO asset_001 werkzeug: 127.0.0.1 - - [19/Jul/2024 11:06:27] "GET /web/assets/127-c693be3/web.assets_backend.min.js HTTP/1.1" 200 - 4 0.009 0.436
2024-07-19 11:06:27,448 23560 INFO asset_001 werkzeug: 127.0.0.1 - - [19/Jul/2024 11:06:27] "GET /web/assets/128-1b3aeae/web.assets_backend_prod_only.min.js HTTP/1.1" 200 - 4 0.009 0.438
2024-07-19 11:06:27,457 23560 INFO asset_001 werkzeug: 127.0.0.1 - - [19/Jul/2024 11:06:27] "GET /web/webclient/translations/53f02201b96c4c9d9906226762ee8d95b9e6376e?lang=en_US HTTP/1.1" 200 - 2 0.014 0.425
2024-07-19 11:06:27,513 23560 INFO asset_001 odoo.addons.base.models.ir_attachment: _read_file reading c:\odoo16\sessions\filestore\asset_001\11/116da2379e342b5e35b514a7778e6d06ce33a607 
Traceback (most recent call last):
  File "C:\Odoo16\server\odoo\tools\cache.py", line 85, in lookup
    r = d[key]
        ~^^^^^
  File "<decorator-gen-8>", line 2, in __getitem__
  File "C:\Odoo16\server\odoo\tools\func.py", line 87, in locked
    return func(inst, *args, **kwargs)
           ^^^^^^^^^^^^^^^^^^^^^^^^^^^
  File "C:\Odoo16\server\odoo\tools\lru.py", line 34, in __getitem__
    a = self.d[obj]
        ~~~~~~^^^^^
KeyError: ('ir.ui.menu', <function IrUiMenu.load_menus at 0x0000021A630F7F60>, 2, '', ('en_US',))

During handling of the above exception, another exception occurred:

Traceback (most recent call last):
  File "C:\Odoo16\server\odoo\api.py", line 997, in get
    cache_value = field_cache[record._ids[0]]
                  ~~~~~~~~~~~^^^^^^^^^^^^^^^^
KeyError: 112

During handling of the above exception, another exception occurred:

Traceback (most recent call last):
  File "C:\Odoo16\server\odoo\fields.py", line 1161, in __get__
    value = env.cache.get(record, self)
            ^^^^^^^^^^^^^^^^^^^^^^^^^^^
  File "C:\Odoo16\server\odoo\api.py", line 1004, in get
    raise CacheMiss(record, field)
odoo.exceptions.CacheMiss: 'ir.attachment(112,).datas'

During handling of the above exception, another exception occurred:

Traceback (most recent call last):
  File "C:\Odoo16\server\odoo\api.py", line 997, in get
    cache_value = field_cache[record._ids[0]]
                  ~~~~~~~~~~~^^^^^^^^^^^^^^^^
KeyError: 112

During handling of the above exception, another exception occurred:

Traceback (most recent call last):
  File "C:\Odoo16\server\odoo\fields.py", line 1161, in __get__
    value = env.cache.get(record, self)
            ^^^^^^^^^^^^^^^^^^^^^^^^^^^
  File "C:\Odoo16\server\odoo\api.py", line 1004, in get
    raise CacheMiss(record, field)
odoo.exceptions.CacheMiss: 'ir.attachment(112,).raw'

During handling of the above exception, another exception occurred:

Traceback (most recent call last):
  File "C:\Odoo16\server\odoo\addons\base\models\ir_attachment.py", line 121, in _file_read
    with open(full_path, 'rb') as f:
         ^^^^^^^^^^^^^^^^^^^^^
FileNotFoundError: [Errno 2] No such file or directory: 'c:\\odoo16\\sessions\\filestore\\asset_001\\11/116da2379e342b5e35b514a7778e6d06ce33a607'
2024-07-19 11:06:27,519 23560 INFO asset_001 odoo.addons.base.models.ir_attachment: _read_file reading c:\odoo16\sessions\filestore\asset_001\59/59f76a9b296a2e8e4732f4e69b4b7ace8a5057c9 
Traceback (most recent call last):
  File "C:\Odoo16\server\odoo\tools\cache.py", line 85, in lookup
    r = d[key]
        ~^^^^^
  File "<decorator-gen-8>", line 2, in __getitem__
  File "C:\Odoo16\server\odoo\tools\func.py", line 87, in locked
    return func(inst, *args, **kwargs)
           ^^^^^^^^^^^^^^^^^^^^^^^^^^^
  File "C:\Odoo16\server\odoo\tools\lru.py", line 34, in __getitem__
    a = self.d[obj]
        ~~~~~~^^^^^
KeyError: ('ir.ui.menu', <function IrUiMenu.load_menus at 0x0000021A630F7F60>, 2, '', ('en_US',))

During handling of the above exception, another exception occurred:

Traceback (most recent call last):
  File "C:\Odoo16\server\odoo\api.py", line 997, in get
    cache_value = field_cache[record._ids[0]]
                  ~~~~~~~~~~~^^^^^^^^^^^^^^^^
KeyError: 112

During handling of the above exception, another exception occurred:

Traceback (most recent call last):
  File "C:\Odoo16\server\odoo\fields.py", line 1161, in __get__
    value = env.cache.get(record, self)
            ^^^^^^^^^^^^^^^^^^^^^^^^^^^
  File "C:\Odoo16\server\odoo\api.py", line 1004, in get
    raise CacheMiss(record, field)
odoo.exceptions.CacheMiss: 'ir.attachment(112,).datas'

During handling of the above exception, another exception occurred:

Traceback (most recent call last):
  File "C:\Odoo16\server\odoo\api.py", line 997, in get
    cache_value = field_cache[record._ids[0]]
                  ~~~~~~~~~~~^^^^^^^^^^^^^^^^
KeyError: 112

During handling of the above exception, another exception occurred:

Traceback (most recent call last):
  File "C:\Odoo16\server\odoo\fields.py", line 1161, in __get__
    value = env.cache.get(record, self)
            ^^^^^^^^^^^^^^^^^^^^^^^^^^^
  File "C:\Odoo16\server\odoo\api.py", line 1004, in get
    raise CacheMiss(record, field)
odoo.exceptions.CacheMiss: 'ir.attachment(112,).raw'

During handling of the above exception, another exception occurred:

Traceback (most recent call last):
  File "C:\Odoo16\server\odoo\addons\base\models\ir_attachment.py", line 121, in _file_read
    with open(full_path, 'rb') as f:
         ^^^^^^^^^^^^^^^^^^^^^
FileNotFoundError: [Errno 2] No such file or directory: 'c:\\odoo16\\sessions\\filestore\\asset_001\\59/59f76a9b296a2e8e4732f4e69b4b7ace8a5057c9'
2024-07-19 11:06:27,524 23560 INFO asset_001 odoo.addons.base.models.ir_attachment: _read_file reading c:\odoo16\sessions\filestore\asset_001\6a/6a5b448a0e0b9b61d0f519949af275b96008a96b 
Traceback (most recent call last):
  File "C:\Odoo16\server\odoo\tools\cache.py", line 85, in lookup
    r = d[key]
        ~^^^^^
  File "<decorator-gen-8>", line 2, in __getitem__
  File "C:\Odoo16\server\odoo\tools\func.py", line 87, in locked
    return func(inst, *args, **kwargs)
           ^^^^^^^^^^^^^^^^^^^^^^^^^^^
  File "C:\Odoo16\server\odoo\tools\lru.py", line 34, in __getitem__
    a = self.d[obj]
        ~~~~~~^^^^^
KeyError: ('ir.ui.menu', <function IrUiMenu.load_menus at 0x0000021A630F7F60>, 2, '', ('en_US',))

During handling of the above exception, another exception occurred:

Traceback (most recent call last):
  File "C:\Odoo16\server\odoo\api.py", line 997, in get
    cache_value = field_cache[record._ids[0]]
                  ~~~~~~~~~~~^^^^^^^^^^^^^^^^
KeyError: 112

During handling of the above exception, another exception occurred:

Traceback (most recent call last):
  File "C:\Odoo16\server\odoo\fields.py", line 1161, in __get__
    value = env.cache.get(record, self)
            ^^^^^^^^^^^^^^^^^^^^^^^^^^^
  File "C:\Odoo16\server\odoo\api.py", line 1004, in get
    raise CacheMiss(record, field)
odoo.exceptions.CacheMiss: 'ir.attachment(112,).datas'

During handling of the above exception, another exception occurred:

Traceback (most recent call last):
  File "C:\Odoo16\server\odoo\api.py", line 997, in get
    cache_value = field_cache[record._ids[0]]
                  ~~~~~~~~~~~^^^^^^^^^^^^^^^^
KeyError: 112

During handling of the above exception, another exception occurred:

Traceback (most recent call last):
  File "C:\Odoo16\server\odoo\fields.py", line 1161, in __get__
    value = env.cache.get(record, self)
            ^^^^^^^^^^^^^^^^^^^^^^^^^^^
  File "C:\Odoo16\server\odoo\api.py", line 1004, in get
    raise CacheMiss(record, field)
odoo.exceptions.CacheMiss: 'ir.attachment(112,).raw'

During handling of the above exception, another exception occurred:

Traceback (most recent call last):
  File "C:\Odoo16\server\odoo\addons\base\models\ir_attachment.py", line 121, in _file_read
    with open(full_path, 'rb') as f:
         ^^^^^^^^^^^^^^^^^^^^^
FileNotFoundError: [Errno 2] No such file or directory: 'c:\\odoo16\\sessions\\filestore\\asset_001\\6a/6a5b448a0e0b9b61d0f519949af275b96008a96b'
2024-07-19 11:06:27,530 23560 INFO asset_001 odoo.addons.base.models.ir_attachment: _read_file reading c:\odoo16\sessions\filestore\asset_001\a3/a330920abcef2433621d6bb985bc24828d77f77b 
Traceback (most recent call last):
  File "C:\Odoo16\server\odoo\tools\cache.py", line 85, in lookup
    r = d[key]
        ~^^^^^
  File "<decorator-gen-8>", line 2, in __getitem__
  File "C:\Odoo16\server\odoo\tools\func.py", line 87, in locked
    return func(inst, *args, **kwargs)
           ^^^^^^^^^^^^^^^^^^^^^^^^^^^
  File "C:\Odoo16\server\odoo\tools\lru.py", line 34, in __getitem__
    a = self.d[obj]
        ~~~~~~^^^^^
KeyError: ('ir.ui.menu', <function IrUiMenu.load_menus at 0x0000021A630F7F60>, 2, '', ('en_US',))

During handling of the above exception, another exception occurred:

Traceback (most recent call last):
  File "C:\Odoo16\server\odoo\api.py", line 997, in get
    cache_value = field_cache[record._ids[0]]
                  ~~~~~~~~~~~^^^^^^^^^^^^^^^^
KeyError: 112

During handling of the above exception, another exception occurred:

Traceback (most recent call last):
  File "C:\Odoo16\server\odoo\fields.py", line 1161, in __get__
    value = env.cache.get(record, self)
            ^^^^^^^^^^^^^^^^^^^^^^^^^^^
  File "C:\Odoo16\server\odoo\api.py", line 1004, in get
    raise CacheMiss(record, field)
odoo.exceptions.CacheMiss: 'ir.attachment(112,).datas'

During handling of the above exception, another exception occurred:

Traceback (most recent call last):
  File "C:\Odoo16\server\odoo\api.py", line 997, in get
    cache_value = field_cache[record._ids[0]]
                  ~~~~~~~~~~~^^^^^^^^^^^^^^^^
KeyError: 112

During handling of the above exception, another exception occurred:

Traceback (most recent call last):
  File "C:\Odoo16\server\odoo\fields.py", line 1161, in __get__
    value = env.cache.get(record, self)
            ^^^^^^^^^^^^^^^^^^^^^^^^^^^
  File "C:\Odoo16\server\odoo\api.py", line 1004, in get
    raise CacheMiss(record, field)
odoo.exceptions.CacheMiss: 'ir.attachment(112,).raw'

During handling of the above exception, another exception occurred:

Traceback (most recent call last):
  File "C:\Odoo16\server\odoo\addons\base\models\ir_attachment.py", line 121, in _file_read
    with open(full_path, 'rb') as f:
         ^^^^^^^^^^^^^^^^^^^^^
FileNotFoundError: [Errno 2] No such file or directory: 'c:\\odoo16\\sessions\\filestore\\asset_001\\a3/a330920abcef2433621d6bb985bc24828d77f77b'
2024-07-19 11:06:27,532 23560 INFO asset_001 odoo.addons.base.models.ir_attachment: _read_file reading c:\odoo16\sessions\filestore\asset_001\b8/b8f9001425cfd0ef0315797909281b912817643a 
Traceback (most recent call last):
  File "C:\Odoo16\server\odoo\tools\cache.py", line 85, in lookup
    r = d[key]
        ~^^^^^
  File "<decorator-gen-8>", line 2, in __getitem__
  File "C:\Odoo16\server\odoo\tools\func.py", line 87, in locked
    return func(inst, *args, **kwargs)
           ^^^^^^^^^^^^^^^^^^^^^^^^^^^
  File "C:\Odoo16\server\odoo\tools\lru.py", line 34, in __getitem__
    a = self.d[obj]
        ~~~~~~^^^^^
KeyError: ('ir.ui.menu', <function IrUiMenu.load_menus at 0x0000021A630F7F60>, 2, '', ('en_US',))

During handling of the above exception, another exception occurred:

Traceback (most recent call last):
  File "C:\Odoo16\server\odoo\api.py", line 997, in get
    cache_value = field_cache[record._ids[0]]
                  ~~~~~~~~~~~^^^^^^^^^^^^^^^^
KeyError: 112

During handling of the above exception, another exception occurred:

Traceback (most recent call last):
  File "C:\Odoo16\server\odoo\fields.py", line 1161, in __get__
    value = env.cache.get(record, self)
            ^^^^^^^^^^^^^^^^^^^^^^^^^^^
  File "C:\Odoo16\server\odoo\api.py", line 1004, in get
    raise CacheMiss(record, field)
odoo.exceptions.CacheMiss: 'ir.attachment(112,).datas'

During handling of the above exception, another exception occurred:

Traceback (most recent call last):
  File "C:\Odoo16\server\odoo\api.py", line 997, in get
    cache_value = field_cache[record._ids[0]]
                  ~~~~~~~~~~~^^^^^^^^^^^^^^^^
KeyError: 112

During handling of the above exception, another exception occurred:

Traceback (most recent call last):
  File "C:\Odoo16\server\odoo\fields.py", line 1161, in __get__
    value = env.cache.get(record, self)
            ^^^^^^^^^^^^^^^^^^^^^^^^^^^
  File "C:\Odoo16\server\odoo\api.py", line 1004, in get
    raise CacheMiss(record, field)
odoo.exceptions.CacheMiss: 'ir.attachment(112,).raw'

During handling of the above exception, another exception occurred:

Traceback (most recent call last):
  File "C:\Odoo16\server\odoo\addons\base\models\ir_attachment.py", line 121, in _file_read
    with open(full_path, 'rb') as f:
         ^^^^^^^^^^^^^^^^^^^^^
FileNotFoundError: [Errno 2] No such file or directory: 'c:\\odoo16\\sessions\\filestore\\asset_001\\b8/b8f9001425cfd0ef0315797909281b912817643a'
2024-07-19 11:06:27,561 23560 INFO asset_001 werkzeug: 127.0.0.1 - - [19/Jul/2024 11:06:27] "GET /web/webclient/load_menus/57e70491872ca764acd8e3a0bb454350041beeae1f7a08becb63987c47cbfb93 HTTP/1.1" 200 - 27 0.057 0.500
2024-07-19 11:06:28,557 23560 INFO asset_001 werkzeug: 127.0.0.1 - - [19/Jul/2024 11:06:28] "GET /web/image?model=res.users&field=avatar_128&id=2 HTTP/1.1" 200 - 19 0.024 0.019
2024-07-19 11:06:28,569 23560 INFO ? werkzeug: 127.0.0.1 - - [19/Jul/2024 11:06:28] "GET /web_enterprise/static/img/default_icon_app.png HTTP/1.1" 200 - 0 0.000 0.012
2024-07-19 11:06:29,026 23560 INFO asset_001 odoo.modules.registry: At least one model cache has been invalidated, signaling through the database. 
2024-07-19 11:06:29,028 23560 INFO asset_001 werkzeug: 127.0.0.1 - - [19/Jul/2024 11:06:29] "GET /bus/websocket_worker_bundle?v=1.0.5 HTTP/1.1" 200 - 15 0.369 0.086
2024-07-19 11:06:29,191 23560 INFO ? werkzeug: 127.0.0.1 - - [19/Jul/2024 11:06:29] "GET /mail/static/src/audio/ting.ogg HTTP/1.1" 206 - 0 0.000 0.015
2024-07-19 11:06:29,234 23560 INFO asset_001 werkzeug: 127.0.0.1 - - [19/Jul/2024 11:06:29] "POST /web/dataset/call_kw/res.users/systray_get_activities HTTP/1.1" 200 - 9 0.077 0.011
2024-07-19 11:06:29,384 23560 INFO asset_001 werkzeug: 127.0.0.1 - - [19/Jul/2024 11:06:29] "GET /websocket HTTP/1.1" 101 - 1 0.001 0.023
2024-07-19 11:06:29,883 23560 INFO asset_001 werkzeug: 127.0.0.1 - - [19/Jul/2024 11:06:29] "POST /mail/init_messaging HTTP/1.1" 200 - 58 0.987 0.055
2024-07-19 11:06:30,247 23560 INFO asset_001 werkzeug: 127.0.0.1 - - [19/Jul/2024 11:06:30] "POST /mail/load_message_failures HTTP/1.1" 200 - 3 0.031 0.009
2024-07-19 11:09:17,655 23560 INFO asset_001 werkzeug: 127.0.0.1 - - [19/Jul/2024 11:09:17] "POST /web/action/load HTTP/1.1" 200 - 11 0.124 0.018
2024-07-19 11:09:18,137 23560 INFO asset_001 werkzeug: 127.0.0.1 - - [19/Jul/2024 11:09:18] "POST /web/dataset/call_kw/ir.module.module/get_views HTTP/1.1" 200 - 47 0.313 0.058
2024-07-19 11:09:18,233 23560 INFO asset_001 werkzeug: 127.0.0.1 - - [19/Jul/2024 11:09:18] "POST /web/dataset/call_kw/ir.module.module/search_panel_select_range HTTP/1.1" 200 - 45 0.051 0.020
2024-07-19 11:09:18,491 23560 INFO asset_001 werkzeug: 127.0.0.1 - - [19/Jul/2024 11:09:18] "POST /web/dataset/call_kw/ir.module.module/web_search_read HTTP/1.1" 200 - 3 0.005 0.013
2024-07-19 11:09:19,005 23560 INFO ? werkzeug: 127.0.0.1 - - [19/Jul/2024 11:09:19] "GET /mrp_plm/static/description/icon.png HTTP/1.1" 200 - 0 0.000 0.016
2024-07-19 11:09:19,008 23560 INFO ? werkzeug: 127.0.0.1 - - [19/Jul/2024 11:09:19] "GET /helpdesk/static/description/icon.png HTTP/1.1" 200 - 0 0.000 0.024
2024-07-19 11:09:19,009 23560 INFO ? werkzeug: 127.0.0.1 - - [19/Jul/2024 11:09:19] "GET /data_recycle/static/description/icon.png HTTP/1.1" 200 - 0 0.000 0.026
2024-07-19 11:09:19,013 23560 INFO ? werkzeug: 127.0.0.1 - - [19/Jul/2024 11:09:19] "GET /purchase/static/description/icon.png HTTP/1.1" 200 - 0 0.000 0.027
2024-07-19 11:09:19,014 23560 INFO ? werkzeug: 127.0.0.1 - - [19/Jul/2024 11:09:19] "GET /web/static/lib/odoo_ui_icons/fonts/odoo_ui_icons.woff2 HTTP/1.1" 200 - 0 0.000 0.034
2024-07-19 11:09:19,015 23560 INFO ? werkzeug: 127.0.0.1 - - [19/Jul/2024 11:09:19] "GET /industry_fsm/static/description/icon.png HTTP/1.1" 200 - 0 0.000 0.034
2024-07-19 11:09:19,334 23560 INFO ? werkzeug: 127.0.0.1 - - [19/Jul/2024 11:09:19] "GET /documents/static/description/icon.png HTTP/1.1" 200 - 0 0.000 0.019
2024-07-19 11:09:19,344 23560 INFO ? werkzeug: 127.0.0.1 - - [19/Jul/2024 11:09:19] "GET /calendar/static/description/icon.png HTTP/1.1" 200 - 0 0.000 0.023
2024-07-19 11:09:19,347 23560 INFO ? werkzeug: 127.0.0.1 - - [19/Jul/2024 11:09:19] "GET /knowledge/static/description/icon.png HTTP/1.1" 200 - 0 0.000 0.021
2024-07-19 11:09:19,347 23560 INFO ? werkzeug: 127.0.0.1 - - [19/Jul/2024 11:09:19] "GET /hr_recruitment/static/description/icon.png HTTP/1.1" 200 - 0 0.000 0.024
2024-07-19 11:09:19,350 23560 INFO ? werkzeug: 127.0.0.1 - - [19/Jul/2024 11:09:19] "GET /planning/static/description/icon.png HTTP/1.1" 200 - 0 0.000 0.022
2024-07-19 11:09:19,353 23560 INFO ? werkzeug: 127.0.0.1 - - [19/Jul/2024 11:09:19] "GET /hr/static/description/icon.png HTTP/1.1" 200 - 0 0.000 0.021
2024-07-19 11:09:19,654 23560 INFO ? werkzeug: 127.0.0.1 - - [19/Jul/2024 11:09:19] "GET /mail/static/description/icon.png HTTP/1.1" 200 - 0 0.000 0.010
2024-07-19 11:09:19,670 23560 INFO ? werkzeug: 127.0.0.1 - - [19/Jul/2024 11:09:19] "GET /point_of_sale/static/description/icon.png HTTP/1.1" 200 - 0 0.000 0.019
2024-07-19 11:09:19,674 23560 INFO ? werkzeug: 127.0.0.1 - - [19/Jul/2024 11:09:19] "GET /web_studio/static/description/icon.png HTTP/1.1" 200 - 0 0.000 0.014
2024-07-19 11:09:19,679 23560 INFO ? werkzeug: 127.0.0.1 - - [19/Jul/2024 11:09:19] "GET /social/static/description/icon.png HTTP/1.1" 200 - 0 0.000 0.022
2024-07-19 11:09:19,688 23560 INFO ? werkzeug: 127.0.0.1 - - [19/Jul/2024 11:09:19] "GET /contacts/static/description/icon.png HTTP/1.1" 200 - 0 0.000 0.016
2024-07-19 11:09:19,689 23560 INFO ? werkzeug: 127.0.0.1 - - [19/Jul/2024 11:09:19] "GET /sign/static/description/icon.png HTTP/1.1" 200 - 0 0.000 0.021
2024-07-19 11:09:19,975 23560 INFO ? werkzeug: 127.0.0.1 - - [19/Jul/2024 11:09:19] "GET /hr_holidays/static/description/icon.png HTTP/1.1" 200 - 0 0.000 0.010
2024-07-19 11:09:19,999 23560 INFO ? werkzeug: 127.0.0.1 - - [19/Jul/2024 11:09:19] "GET /quality_control/static/description/icon.png HTTP/1.1" 200 - 0 0.000 0.008
2024-07-19 11:09:20,002 23560 INFO ? werkzeug: 127.0.0.1 - - [19/Jul/2024 11:09:20] "GET /mass_mailing/static/description/icon.png HTTP/1.1" 200 - 0 0.000 0.016
2024-07-19 11:09:20,003 23560 INFO ? werkzeug: 127.0.0.1 - - [19/Jul/2024 11:09:20] "GET /timesheet_grid/static/description/icon.png HTTP/1.1" 200 - 0 0.000 0.019
2024-07-19 11:09:20,015 23560 INFO ? werkzeug: 127.0.0.1 - - [19/Jul/2024 11:09:20] "GET /delivery_ups_rest/static/description/icon.png HTTP/1.1" 200 - 0 0.000 0.013
2024-07-19 11:09:20,016 23560 INFO ? werkzeug: 127.0.0.1 - - [19/Jul/2024 11:09:20] "GET /sale_renting/static/description/icon.png HTTP/1.1" 200 - 0 0.000 0.018
2024-07-19 11:09:20,297 23560 INFO ? werkzeug: 127.0.0.1 - - [19/Jul/2024 11:09:20] "GET /website_slides/static/description/icon.png HTTP/1.1" 200 - 0 0.000 0.012
2024-07-19 11:09:20,329 23560 INFO ? werkzeug: 127.0.0.1 - - [19/Jul/2024 11:09:20] "GET /project/static/description/icon.png HTTP/1.1" 200 - 0 0.000 0.015
2024-07-19 11:09:20,330 23560 INFO ? werkzeug: 127.0.0.1 - - [19/Jul/2024 11:09:20] "GET /account_accountant/static/description/icon.png HTTP/1.1" 200 - 0 0.000 0.018
2024-07-19 11:09:20,332 23560 INFO ? werkzeug: 127.0.0.1 - - [19/Jul/2024 11:09:20] "GET /mrp/static/description/icon.png HTTP/1.1" 200 - 0 0.000 0.015
2024-07-19 11:09:20,340 23560 INFO ? werkzeug: 127.0.0.1 - - [19/Jul/2024 11:09:20] "GET /maintenance/static/description/icon.png HTTP/1.1" 200 - 0 0.000 0.016
2024-07-19 11:09:20,342 23560 INFO ? werkzeug: 127.0.0.1 - - [19/Jul/2024 11:09:20] "GET /hr_expense/static/description/icon.png HTTP/1.1" 200 - 0 0.000 0.015
2024-07-19 11:09:20,617 23560 INFO ? werkzeug: 127.0.0.1 - - [19/Jul/2024 11:09:20] "GET /website_event/static/description/icon.png HTTP/1.1" 200 - 0 0.000 0.010
2024-07-19 11:09:20,655 23560 INFO ? werkzeug: 127.0.0.1 - - [19/Jul/2024 11:09:20] "GET /sale_subscription/static/description/icon.png HTTP/1.1" 200 - 0 0.000 0.018
2024-07-19 11:09:20,661 23560 INFO ? werkzeug: 127.0.0.1 - - [19/Jul/2024 11:09:20] "GET /website_sale/static/description/icon.png HTTP/1.1" 200 - 0 0.000 0.021
2024-07-19 11:09:20,665 23560 INFO ? werkzeug: 127.0.0.1 - - [19/Jul/2024 11:09:20] "GET /sale_management/static/description/icon.png HTTP/1.1" 200 - 0 0.000 0.022
2024-07-19 11:09:20,673 23560 INFO ? werkzeug: 127.0.0.1 - - [19/Jul/2024 11:09:20] "GET /account/static/description/icon.png HTTP/1.1" 200 - 0 0.000 0.025
2024-07-19 11:09:20,675 23560 INFO ? werkzeug: 127.0.0.1 - - [19/Jul/2024 11:09:20] "GET /crm/static/description/icon.png HTTP/1.1" 200 - 0 0.000 0.024
2024-07-19 11:09:20,938 23560 INFO ? werkzeug: 127.0.0.1 - - [19/Jul/2024 11:09:20] "GET /base/static/description/icon.png HTTP/1.1" 200 - 0 0.000 0.012
2024-07-19 11:09:20,984 23560 INFO ? werkzeug: 127.0.0.1 - - [19/Jul/2024 11:09:20] "GET /website/static/description/icon.png HTTP/1.1" 200 - 0 0.000 0.015
2024-07-19 11:09:20,986 23560 INFO ? werkzeug: 127.0.0.1 - - [19/Jul/2024 11:09:20] "GET /stock/static/description/icon.png HTTP/1.1" 200 - 0 0.000 0.014
2024-07-19 11:09:20,992 23560 INFO ? werkzeug: 127.0.0.1 - - [19/Jul/2024 11:09:20] "GET /hr_appraisal/static/description/icon.png HTTP/1.1" 200 - 0 0.000 0.015
2024-07-19 11:09:21,002 23560 INFO ? werkzeug: 127.0.0.1 - - [19/Jul/2024 11:09:21] "GET /approvals/static/description/icon.png HTTP/1.1" 200 - 0 0.000 0.013
2024-07-19 11:09:21,004 23560 INFO ? werkzeug: 127.0.0.1 - - [19/Jul/2024 11:09:21] "GET /fleet/static/description/icon.png HTTP/1.1" 200 - 0 0.000 0.021
2024-07-19 11:09:21,259 23560 INFO ? werkzeug: 127.0.0.1 - - [19/Jul/2024 11:09:21] "GET /marketing_automation/static/description/icon.png HTTP/1.1" 200 - 0 0.000 0.012
2024-07-19 11:09:21,311 23560 INFO ? werkzeug: 127.0.0.1 - - [19/Jul/2024 11:09:21] "GET /im_livechat/static/description/icon.png HTTP/1.1" 200 - 0 0.000 0.010
2024-07-19 11:09:21,315 23560 INFO ? werkzeug: 127.0.0.1 - - [19/Jul/2024 11:09:21] "GET /account_consolidation/static/description/icon.png HTTP/1.1" 200 - 0 0.000 0.016
2024-07-19 11:09:21,320 23560 INFO ? werkzeug: 127.0.0.1 - - [19/Jul/2024 11:09:21] "GET /appointment/static/description/icon.png HTTP/1.1" 200 - 0 0.000 0.015
2024-07-19 11:09:21,328 23560 INFO ? werkzeug: 127.0.0.1 - - [19/Jul/2024 11:09:21] "GET /survey/static/description/icon.png HTTP/1.1" 200 - 0 0.000 0.012
2024-07-19 11:09:21,330 23560 INFO ? werkzeug: 127.0.0.1 - - [19/Jul/2024 11:09:21] "GET /repair/static/description/icon.png HTTP/1.1" 200 - 0 0.000 0.011
2024-07-19 11:09:21,582 23560 INFO ? werkzeug: 127.0.0.1 - - [19/Jul/2024 11:09:21] "GET /hr_referral/static/description/icon.png HTTP/1.1" 200 - 0 0.000 0.011
2024-07-19 11:09:21,637 23560 INFO ? werkzeug: 127.0.0.1 - - [19/Jul/2024 11:09:21] "GET /hr_attendance/static/description/icon.png HTTP/1.1" 200 - 0 0.000 0.015
2024-07-19 11:09:21,640 23560 INFO ? werkzeug: 127.0.0.1 - - [19/Jul/2024 11:09:21] "GET /mass_mailing_sms/static/description/icon.png HTTP/1.1" 200 - 0 0.000 0.016
2024-07-19 11:09:21,645 23560 INFO ? werkzeug: 127.0.0.1 - - [19/Jul/2024 11:09:21] "GET /iot/static/description/icon.png HTTP/1.1" 200 - 0 0.000 0.017
2024-07-19 11:09:21,653 23560 INFO ? werkzeug: 127.0.0.1 - - [19/Jul/2024 11:09:21] "GET /stock_barcode/static/description/icon.png HTTP/1.1" 200 - 0 0.000 0.018
2024-07-19 11:09:21,655 23560 INFO ? werkzeug: 127.0.0.1 - - [19/Jul/2024 11:09:21] "GET /note/static/description/icon.png HTTP/1.1" 200 - 0 0.000 0.017
2024-07-19 11:09:21,905 23560 INFO ? werkzeug: 127.0.0.1 - - [19/Jul/2024 11:09:21] "GET /hr_skills/static/description/icon.png HTTP/1.1" 200 - 0 0.000 0.012
2024-07-19 11:09:21,971 23560 INFO ? werkzeug: 127.0.0.1 - - [19/Jul/2024 11:09:21] "GET /delivery_dhl/static/description/icon.png HTTP/1.1" 200 - 0 0.000 0.019
2024-07-19 11:09:21,973 23560 INFO ? werkzeug: 127.0.0.1 - - [19/Jul/2024 11:09:21] "GET /voip/static/description/icon.png HTTP/1.1" 200 - 0 0.000 0.022
2024-07-19 11:09:21,975 23560 INFO ? werkzeug: 127.0.0.1 - - [19/Jul/2024 11:09:21] "GET /hr_payroll/static/description/icon.png HTTP/1.1" 200 - 0 0.000 0.019
2024-07-19 11:09:21,977 23560 INFO ? werkzeug: 127.0.0.1 - - [19/Jul/2024 11:09:21] "GET /delivery_fedex/static/description/icon.png HTTP/1.1" 200 - 0 0.000 0.014
2024-07-19 11:09:21,979 23560 INFO ? werkzeug: 127.0.0.1 - - [19/Jul/2024 11:09:21] "GET /lunch/static/description/icon.png HTTP/1.1" 200 - 0 0.000 0.014
2024-07-19 11:09:22,226 23560 INFO ? werkzeug: 127.0.0.1 - - [19/Jul/2024 11:09:22] "GET /delivery_usps/static/description/icon.png HTTP/1.1" 200 - 0 0.000 0.011
2024-07-19 11:09:22,299 23560 INFO ? werkzeug: 127.0.0.1 - - [19/Jul/2024 11:09:22] "GET /website_hr_recruitment/static/description/icon.png HTTP/1.1" 200 - 0 0.000 0.018
2024-07-19 11:09:22,309 23560 INFO ? werkzeug: 127.0.0.1 - - [19/Jul/2024 11:09:22] "GET /delivery_shiprocket/static/description/icon.png HTTP/1.1" 200 - 0 0.000 0.018
2024-07-19 11:09:22,311 23560 INFO ? werkzeug: 127.0.0.1 - - [19/Jul/2024 11:09:22] "GET /sale_amazon/static/description/icon.png HTTP/1.1" 200 - 0 0.000 0.017
2024-07-19 11:09:22,313 23560 INFO ? werkzeug: 127.0.0.1 - - [19/Jul/2024 11:09:22] "GET /delivery_easypost/static/description/icon.png HTTP/1.1" 200 - 0 0.000 0.025
2024-07-19 11:09:22,315 23560 INFO ? werkzeug: 127.0.0.1 - - [19/Jul/2024 11:09:22] "GET /delivery_sendcloud/static/description/icon.png HTTP/1.1" 200 - 0 0.000 0.025
2024-07-19 11:09:22,548 23560 INFO ? werkzeug: 127.0.0.1 - - [19/Jul/2024 11:09:22] "GET /sale_ebay/static/description/icon.png HTTP/1.1" 200 - 0 0.000 0.012
2024-07-19 11:09:22,623 23560 INFO ? werkzeug: 127.0.0.1 - - [19/Jul/2024 11:09:22] "GET /delivery_bpost/static/description/icon.png HTTP/1.1" 200 - 0 0.000 0.012
2024-07-19 11:09:22,633 23560 INFO ? werkzeug: 127.0.0.1 - - [19/Jul/2024 11:09:22] "GET /hr_contract/static/description/icon.png HTTP/1.1" 200 - 0 0.000 0.012
2024-07-19 11:09:42,053 23560 INFO asset_001 werkzeug: 127.0.0.1 - - [19/Jul/2024 11:09:42] "POST /web/dataset/call_kw/ir.module.module/web_search_read HTTP/1.1" 200 - 4 0.009 0.014
2024-07-19 11:09:42,081 23560 INFO asset_001 werkzeug: 127.0.0.1 - - [19/Jul/2024 11:09:42] "POST /web/dataset/call_kw/ir.module.module/search_panel_select_range HTTP/1.1" 200 - 41 0.057 0.027
2024-07-19 11:09:45,496 23560 INFO asset_001 werkzeug: 127.0.0.1 - - [19/Jul/2024 11:09:45] "POST /web/dataset/call_kw/ir.module.module/search_panel_select_range HTTP/1.1" 200 - 41 0.046 0.028
2024-07-19 11:09:45,843 23560 INFO asset_001 werkzeug: 127.0.0.1 - - [19/Jul/2024 11:09:45] "POST /web/dataset/call_kw/ir.module.module/web_search_read HTTP/1.1" 200 - 3 0.023 0.011
2024-07-19 11:09:46,072 23560 INFO ? werkzeug: 127.0.0.1 - - [19/Jul/2024 11:09:46] "GET /website_helpdesk_forum/static/description/icon.png HTTP/1.1" 200 - 0 0.000 0.011
2024-07-19 11:09:46,201 23560 INFO ? werkzeug: 127.0.0.1 - - [19/Jul/2024 11:09:46] "GET /account_check_printing/static/description/icon.png HTTP/1.1" 200 - 0 0.000 0.014
2024-07-19 11:09:46,202 23560 INFO ? werkzeug: 127.0.0.1 - - [19/Jul/2024 11:09:46] "GET /sale_timesheet/static/description/icon.png HTTP/1.1" 200 - 0 0.000 0.014
2024-07-19 11:09:46,203 23560 INFO ? werkzeug: 127.0.0.1 - - [19/Jul/2024 11:09:46] "GET /website_sale_comparison/static/description/icon.png HTTP/1.1" 200 - 0 0.000 0.014
2024-07-19 11:09:46,206 23560 INFO ? werkzeug: 127.0.0.1 - - [19/Jul/2024 11:09:46] "GET /payment_asiapay/static/description/icon.png HTTP/1.1" 200 - 0 0.000 0.016
2024-07-19 11:09:54,793 23560 INFO asset_001 odoo.addons.base.models.ir_module: ALLOW access to module.button_immediate_upgrade on ['Base'] to user admin #2 via 127.0.0.1 
2024-07-19 11:09:54,794 23560 INFO asset_001 odoo.addons.base.models.ir_module: ALLOW access to module.button_upgrade on ['Base'] to user admin #2 via 127.0.0.1 
2024-07-19 11:09:54,794 23560 INFO asset_001 odoo.addons.base.models.ir_module: ALLOW access to module.update_list on ['Base'] to user admin #2 via 127.0.0.1 
2024-07-19 11:09:56,904 23560 INFO asset_001 odoo.addons.base.models.ir_module: ALLOW access to module.button_install on [] to user admin #2 via 127.0.0.1 
2024-07-19 11:09:57,377 23560 INFO asset_001 odoo.modules.loading: loading 1 modules... 
2024-07-19 11:09:57,378 23560 INFO asset_001 odoo.modules.loading: Loading module base (1/1) 
2024-07-19 11:09:57,404 23560 INFO asset_001 odoo.modules.registry: module base: creating or updating database tables 
2024-07-19 11:09:58,376 23560 INFO ? werkzeug: 127.0.0.1 - - [19/Jul/2024 11:09:58] "GET /web/static/img/spin.svg HTTP/1.1" 200 - 0 0.000 0.015
2024-07-19 11:09:59,147 23560 INFO asset_001 odoo.modules.loading: loading base/data/res_bank.xml 
2024-07-19 11:09:59,218 23560 INFO asset_001 odoo.modules.loading: loading base/data/res.lang.csv 
2024-07-19 11:09:59,486 23560 INFO asset_001 odoo.modules.loading: loading base/data/res_lang_data.xml 
2024-07-19 11:09:59,561 23560 INFO asset_001 odoo.modules.loading: loading base/data/res_partner_data.xml 
2024-07-19 11:09:59,692 23560 INFO asset_001 odoo.modules.loading: loading base/data/res_currency_data.xml 
2024-07-19 11:09:59,950 23560 INFO asset_001 odoo.modules.loading: loading base/data/res_company_data.xml 
2024-07-19 11:09:59,964 23560 INFO asset_001 odoo.modules.loading: loading base/data/res_users_data.xml 
2024-07-19 11:09:59,986 23560 INFO asset_001 odoo.modules.loading: loading base/data/report_paperformat_data.xml 
2024-07-19 11:10:00,045 23560 INFO asset_001 odoo.modules.loading: loading base/data/res_country_data.xml 
2024-07-19 11:10:00,483 23560 INFO asset_001 odoo.modules.loading: loading base/data/ir_demo_data.xml 
2024-07-19 11:10:00,606 23560 INFO asset_001 odoo.modules.loading: loading base/data/ir_config_parameter_data.xml 
2024-07-19 11:10:00,630 23560 INFO asset_001 odoo.modules.loading: loading base/security/base_groups.xml 
2024-07-19 11:10:00,842 23560 INFO asset_001 odoo.modules.loading: loading base/security/base_security.xml 
2024-07-19 11:10:00,917 23560 INFO asset_001 odoo.modules.loading: loading base/views/base_menus.xml 
2024-07-19 11:10:01,236 23560 INFO asset_001 odoo.modules.loading: loading base/views/decimal_precision_views.xml 
2024-07-19 11:10:01,322 23560 INFO asset_001 odoo.modules.loading: loading base/views/res_config_views.xml 
2024-07-19 11:10:01,361 23560 INFO asset_001 odoo.modules.loading: loading base/data/res.country.state.csv 
2024-07-19 11:10:02,955 23560 INFO asset_001 odoo.modules.loading: loading base/views/ir_actions_views.xml 
2024-07-19 11:10:03,164 23560 INFO asset_001 odoo.modules.loading: loading base/views/ir_asset_views.xml 
2024-07-19 11:10:03,217 23560 INFO asset_001 odoo.modules.loading: loading base/views/ir_config_parameter_views.xml 
2024-07-19 11:10:03,260 23560 INFO asset_001 odoo.modules.loading: loading base/views/ir_cron_views.xml 
2024-07-19 11:10:03,392 23560 INFO asset_001 odoo.modules.loading: loading base/views/ir_cron_trigger_views.xml 
2024-07-19 11:10:03,444 23560 INFO asset_001 odoo.modules.loading: loading base/views/ir_filters_views.xml 
2024-07-19 11:10:03,496 23560 INFO asset_001 odoo.modules.loading: loading base/views/ir_mail_server_views.xml 
2024-07-19 11:10:03,553 23560 INFO asset_001 odoo.modules.loading: loading base/views/ir_model_views.xml 
2024-07-19 11:10:03,859 23560 INFO asset_001 odoo.modules.loading: loading base/views/ir_attachment_views.xml 
2024-07-19 11:10:03,923 23560 INFO asset_001 odoo.modules.loading: loading base/views/ir_rule_views.xml 
2024-07-19 11:10:04,151 23560 INFO asset_001 odoo.modules.loading: loading base/views/ir_sequence_views.xml 
2024-07-19 11:10:04,219 23560 INFO asset_001 odoo.modules.loading: loading base/views/ir_ui_menu_views.xml 
2024-07-19 11:10:04,277 23560 INFO asset_001 odoo.modules.loading: loading base/views/ir_ui_view_views.xml 
2024-07-19 11:10:04,383 23560 INFO asset_001 odoo.modules.loading: loading base/views/ir_default_views.xml 
2024-07-19 11:10:04,432 23560 INFO asset_001 odoo.modules.loading: loading base/data/ir_cron_data.xml 
2024-07-19 11:10:04,457 23560 INFO asset_001 odoo.modules.loading: loading base/report/ir_model_report.xml 
2024-07-19 11:10:04,474 23560 INFO asset_001 odoo.modules.loading: loading base/report/ir_model_templates.xml 
2024-07-19 11:10:04,515 23560 INFO asset_001 odoo.modules.loading: loading base/views/ir_logging_views.xml 
2024-07-19 11:10:04,565 23560 INFO asset_001 odoo.modules.loading: loading base/views/ir_qweb_widget_templates.xml 
2024-07-19 11:10:04,602 23560 INFO asset_001 odoo.modules.loading: loading base/views/ir_module_views.xml 
2024-07-19 11:10:04,731 23560 INFO asset_001 odoo.modules.loading: loading base/data/ir_module_category_data.xml 
2024-07-19 11:10:04,940 23560 INFO asset_001 odoo.modules.loading: loading base/data/ir_module_module.xml 
2024-07-19 11:10:05,009 23560 INFO asset_001 odoo.modules.loading: loading base/report/ir_module_reports.xml 
2024-07-19 11:10:05,024 23560 INFO asset_001 odoo.modules.loading: loading base/report/ir_module_report_templates.xml 
2024-07-19 11:10:05,055 23560 INFO asset_001 odoo.modules.loading: loading base/wizard/base_module_update_views.xml 
2024-07-19 11:10:05,091 23560 INFO asset_001 odoo.modules.loading: loading base/wizard/base_language_install_views.xml 
2024-07-19 11:10:05,130 23560 INFO asset_001 odoo.modules.loading: loading base/wizard/base_import_language_views.xml 
2024-07-19 11:10:05,163 23560 INFO asset_001 odoo.modules.loading: loading base/wizard/base_module_upgrade_views.xml 
2024-07-19 11:10:05,211 23560 INFO asset_001 odoo.modules.loading: loading base/wizard/base_module_uninstall_views.xml 
2024-07-19 11:10:05,240 23560 INFO asset_001 odoo.modules.loading: loading base/wizard/base_export_language_views.xml 
2024-07-19 11:10:05,274 23560 INFO asset_001 odoo.modules.loading: loading base/wizard/base_partner_merge_views.xml 
2024-07-19 11:10:05,327 23560 INFO asset_001 odoo.modules.loading: loading base/data/ir_actions_data.xml 
2024-07-19 11:10:05,347 23560 INFO asset_001 odoo.modules.loading: loading base/data/ir_demo_failure_data.xml 
2024-07-19 11:10:05,385 23560 INFO asset_001 odoo.modules.loading: loading base/views/ir_profile_views.xml 
2024-07-19 11:10:05,439 23560 INFO asset_001 odoo.modules.loading: loading base/views/res_company_views.xml 
2024-07-19 11:10:05,503 23560 INFO asset_001 odoo.modules.loading: loading base/views/res_lang_views.xml 
2024-07-19 11:10:05,569 23560 INFO asset_001 odoo.modules.loading: loading base/views/res_partner_views.xml 
2024-07-19 11:10:05,770 23560 INFO asset_001 odoo.modules.loading: loading base/views/res_bank_views.xml 
2024-07-19 11:10:05,836 23560 INFO asset_001 odoo.modules.loading: loading base/views/res_country_views.xml 
2024-07-19 11:10:05,915 23560 INFO asset_001 odoo.modules.loading: loading base/views/res_currency_views.xml 
2024-07-19 11:10:06,009 23560 INFO asset_001 odoo.modules.loading: loading base/views/res_users_views.xml 
2024-07-19 11:10:06,252 23560 INFO asset_001 odoo.modules.loading: loading base/views/ir_property_views.xml 
2024-07-19 11:10:06,285 23560 INFO asset_001 odoo.modules.loading: loading base/views/res_config_settings_views.xml 
2024-07-19 11:10:06,307 23560 INFO asset_001 odoo.modules.loading: loading base/views/report_paperformat_views.xml 
2024-07-19 11:10:06,355 23560 INFO asset_001 odoo.modules.loading: loading base/views/onboarding_views.xml 
2024-07-19 11:10:06,415 23560 INFO asset_001 odoo.modules.loading: loading base/security/ir.model.access.csv 
2024-07-19 11:10:06,817 23560 INFO asset_001 odoo.modules.loading: Module base loaded in 9.44s, 7019 queries (+7019 other) 
2024-07-19 11:10:06,817 23560 INFO asset_001 odoo.modules.loading: 1 modules loaded in 9.44s, 7019 queries (+7019 extra) 
2024-07-19 11:10:06,833 23560 INFO asset_001 odoo.modules.loading: updating modules list 
2024-07-19 11:10:06,836 23560 INFO asset_001 odoo.addons.base.models.ir_module: ALLOW access to module.update_list on [] to user __system__ #1 via 127.0.0.1 
2024-07-19 11:10:08,470 23560 INFO asset_001 odoo.modules.loading: loading 72 modules... 
2024-07-19 11:10:08,470 23560 INFO asset_001 odoo.modules.loading: Loading module uom (2/72) 
2024-07-19 11:10:08,501 23560 INFO asset_001 odoo.modules.registry: module uom: creating or updating database tables 
2024-07-19 11:10:08,577 23560 INFO asset_001 odoo.modules.loading: loading uom/data/uom_data.xml 
2024-07-19 11:10:08,705 23560 INFO asset_001 odoo.modules.loading: loading uom/security/uom_security.xml 
2024-07-19 11:10:08,722 23560 INFO asset_001 odoo.modules.loading: loading uom/security/ir.model.access.csv 
2024-07-19 11:10:08,745 23560 INFO asset_001 odoo.modules.loading: loading uom/views/uom_uom_views.xml 
2024-07-19 11:10:08,880 23560 INFO asset_001 odoo.modules.loading: Module uom loaded in 0.41s, 195 queries (+195 other) 
2024-07-19 11:10:08,880 23560 INFO asset_001 odoo.modules.loading: Loading module web (3/72) 
2024-07-19 11:10:08,919 23560 INFO asset_001 odoo.modules.registry: module web: creating or updating database tables 
2024-07-19 11:10:09,810 23560 INFO asset_001 odoo.modules.loading: loading web/security/ir.model.access.csv 
2024-07-19 11:10:09,830 23560 INFO asset_001 odoo.modules.loading: loading web/views/webclient_templates.xml 
2024-07-19 11:10:10,027 23560 INFO asset_001 odoo.modules.loading: loading web/views/report_templates.xml 
2024-07-19 11:10:10,322 23560 INFO asset_001 odoo.modules.loading: loading web/views/base_document_layout_views.xml 
2024-07-19 11:10:10,376 23560 INFO asset_001 odoo.modules.loading: loading web/views/speedscope_template.xml 
2024-07-19 11:10:10,408 23560 INFO asset_001 odoo.modules.loading: loading web/views/lazy_assets.xml 
2024-07-19 11:10:10,438 23560 INFO asset_001 odoo.modules.loading: loading web/views/neutralize_views.xml 
2024-07-19 11:10:10,479 23560 INFO asset_001 odoo.modules.loading: loading web/data/ir_attachment.xml 
2024-07-19 11:10:10,502 23560 INFO asset_001 odoo.modules.loading: loading web/data/report_layout.xml 
2024-07-19 11:10:10,704 23560 INFO asset_001 odoo.modules.loading: Module web loaded in 1.82s, 1119 queries (+1119 other) 
2024-07-19 11:10:10,704 23560 INFO asset_001 odoo.modules.loading: Loading module auth_totp (4/72) 
2024-07-19 11:10:10,747 23560 INFO asset_001 odoo.modules.registry: module auth_totp: creating or updating database tables 
2024-07-19 11:10:10,847 23560 INFO asset_001 odoo.modules.loading: loading auth_totp/security/security.xml 
2024-07-19 11:10:10,915 23560 INFO asset_001 odoo.modules.loading: loading auth_totp/security/ir.model.access.csv 
2024-07-19 11:10:10,938 23560 INFO asset_001 odoo.modules.loading: loading auth_totp/data/ir_action_data.xml 
2024-07-19 11:10:10,970 23560 INFO asset_001 odoo.modules.loading: loading auth_totp/views/res_users_views.xml 
2024-07-19 11:10:11,080 23560 INFO asset_001 odoo.modules.loading: loading auth_totp/views/templates.xml 
2024-07-19 11:10:11,120 23560 INFO asset_001 odoo.modules.loading: loading auth_totp/wizard/auth_totp_wizard_views.xml 
2024-07-19 11:10:11,197 23560 INFO asset_001 odoo.modules.loading: Module auth_totp loaded in 0.49s, 185 queries (+185 other) 
2024-07-19 11:10:11,197 23560 INFO asset_001 odoo.modules.loading: Loading module base_import (5/72) 
2024-07-19 11:10:11,249 23560 INFO asset_001 odoo.modules.registry: module base_import: creating or updating database tables 
2024-07-19 11:10:12,353 23560 INFO asset_001 odoo.modules.loading: loading base_import/security/ir.model.access.csv 
2024-07-19 11:10:12,437 23560 INFO asset_001 odoo.modules.loading: Module base_import loaded in 1.24s, 741 queries (+741 other) 
2024-07-19 11:10:12,437 23560 INFO asset_001 odoo.modules.loading: Loading module base_setup (6/72) 
2024-07-19 11:10:12,483 23560 INFO asset_001 odoo.modules.registry: module base_setup: creating or updating database tables 
2024-07-19 11:10:12,582 23560 INFO asset_001 odoo.modules.loading: loading base_setup/data/base_setup_data.xml 
2024-07-19 11:10:12,598 23560 INFO asset_001 odoo.modules.loading: loading base_setup/views/res_config_settings_views.xml 
2024-07-19 11:10:12,686 23560 INFO asset_001 odoo.modules.loading: loading base_setup/views/res_partner_views.xml 
2024-07-19 11:10:12,745 23560 INFO asset_001 odoo.modules.loading: Module base_setup loaded in 0.31s, 117 queries (+117 other) 
2024-07-19 11:10:12,745 23560 INFO asset_001 odoo.modules.loading: Loading module bus (7/72) 
2024-07-19 11:10:12,795 23560 INFO asset_001 odoo.modules.registry: module bus: creating or updating database tables 
2024-07-19 11:10:12,892 23560 INFO asset_001 odoo.modules.loading: loading bus/security/ir.model.access.csv 
2024-07-19 11:10:13,066 23560 INFO asset_001 odoo.modules.loading: Module bus loaded in 0.32s, 85 queries (+85 other) 
2024-07-19 11:10:13,066 23560 INFO asset_001 odoo.modules.loading: Loading module http_routing (8/72) 
2024-07-19 11:10:13,106 23560 INFO asset_001 odoo.modules.registry: module http_routing: creating or updating database tables 
2024-07-19 11:10:13,140 23560 INFO asset_001 odoo.modules.loading: loading http_routing/views/http_routing_template.xml 
2024-07-19 11:10:13,235 23560 INFO asset_001 odoo.modules.loading: loading http_routing/views/res_lang_views.xml 
2024-07-19 11:10:13,283 23560 INFO asset_001 odoo.modules.loading: Module http_routing loaded in 0.22s, 145 queries (+145 other) 
2024-07-19 11:10:13,283 23560 INFO asset_001 odoo.modules.loading: Loading module resource (9/72) 
2024-07-19 11:10:13,320 23560 INFO asset_001 odoo.modules.registry: module resource: creating or updating database tables 
2024-07-19 11:10:13,432 23560 INFO asset_001 odoo.modules.loading: loading resource/data/resource_data.xml 
2024-07-19 11:10:13,517 23560 INFO asset_001 odoo.modules.loading: loading resource/security/ir.model.access.csv 
2024-07-19 11:10:13,552 23560 INFO asset_001 odoo.modules.loading: loading resource/security/resource_security.xml 
2024-07-19 11:10:13,577 23560 INFO asset_001 odoo.modules.loading: loading resource/views/resource_views.xml 
2024-07-19 11:10:13,773 23560 INFO asset_001 odoo.modules.loading: Module resource loaded in 0.49s, 327 queries (+327 other) 
2024-07-19 11:10:13,774 23560 INFO asset_001 odoo.modules.loading: Loading module web_cohort (10/72) 
2024-07-19 11:10:13,823 23560 INFO asset_001 odoo.modules.registry: module web_cohort: creating or updating database tables 
2024-07-19 11:10:14,831 23560 INFO asset_001 odoo.modules.loading: Module web_cohort loaded in 1.06s, 735 queries (+735 other) 
2024-07-19 11:10:14,831 23560 INFO asset_001 odoo.modules.loading: Loading module web_enterprise (11/72) 
2024-07-19 11:10:14,870 23560 INFO asset_001 odoo.modules.registry: module web_enterprise: creating or updating database tables 
2024-07-19 11:10:14,962 23560 INFO asset_001 odoo.modules.loading: loading web_enterprise/views/partner_view.xml 
2024-07-19 11:10:14,980 23560 INFO asset_001 odoo.modules.loading: loading web_enterprise/views/webclient_templates.xml 
2024-07-19 11:10:15,033 23560 INFO asset_001 odoo.modules.loading: Module web_enterprise loaded in 0.20s, 86 queries (+86 other) 
2024-07-19 11:10:15,033 23560 INFO asset_001 odoo.modules.loading: Loading module web_gantt (12/72) 
2024-07-19 11:10:15,082 23560 INFO asset_001 odoo.modules.registry: module web_gantt: creating or updating database tables 
2024-07-19 11:10:16,012 23560 INFO asset_001 odoo.modules.loading: Module web_gantt loaded in 0.98s, 734 queries (+734 other) 
2024-07-19 11:10:16,013 23560 INFO asset_001 odoo.modules.loading: Loading module web_grid (13/72) 
2024-07-19 11:10:16,064 23560 INFO asset_001 odoo.modules.registry: module web_grid: creating or updating database tables 
2024-07-19 11:10:17,014 23560 INFO asset_001 odoo.modules.loading: Module web_grid loaded in 1.00s, 735 queries (+735 other) 
2024-07-19 11:10:17,014 23560 INFO asset_001 odoo.modules.loading: Loading module web_kanban_gauge (14/72) 
2024-07-19 11:10:17,087 23560 INFO asset_001 odoo.modules.loading: Module web_kanban_gauge loaded in 0.07s, 15 queries (+15 other) 
2024-07-19 11:10:17,087 23560 INFO asset_001 odoo.modules.loading: Loading module web_tour (15/72) 
2024-07-19 11:10:17,132 23560 INFO asset_001 odoo.modules.registry: module web_tour: creating or updating database tables 
2024-07-19 11:10:17,165 23560 INFO asset_001 odoo.modules.loading: loading web_tour/security/ir.model.access.csv 
2024-07-19 11:10:17,184 23560 INFO asset_001 odoo.modules.loading: loading web_tour/security/ir.rule.csv 
2024-07-19 11:10:17,200 23560 INFO asset_001 odoo.modules.loading: loading web_tour/views/tour_views.xml 
2024-07-19 11:10:17,274 23560 INFO asset_001 odoo.modules.loading: Module web_tour loaded in 0.19s, 95 queries (+95 other) 
2024-07-19 11:10:17,275 23560 INFO asset_001 odoo.modules.loading: Loading module iap (16/72) 
2024-07-19 11:10:17,312 23560 INFO asset_001 odoo.modules.registry: module iap: creating or updating database tables 
2024-07-19 11:10:17,357 23560 INFO asset_001 odoo.modules.loading: loading iap/security/ir.model.access.csv 
2024-07-19 11:10:17,374 23560 INFO asset_001 odoo.modules.loading: loading iap/security/ir_rule.xml 
2024-07-19 11:10:17,388 23560 INFO asset_001 odoo.modules.loading: loading iap/views/iap_views.xml 
2024-07-19 11:10:17,431 23560 INFO asset_001 odoo.modules.loading: loading iap/views/res_config_settings.xml 
2024-07-19 11:10:17,496 23560 INFO asset_001 odoo.modules.loading: Module iap loaded in 0.22s, 137 queries (+137 other) 
2024-07-19 11:10:17,496 23560 INFO asset_001 odoo.modules.loading: Loading module mail (17/72) 
2024-07-19 11:10:17,554 23560 INFO asset_001 odoo.modules.registry: module mail: creating or updating database tables 
2024-07-19 11:10:18,857 23560 INFO asset_001 odoo.modules.loading: loading mail/data/mail_groups.xml 
2024-07-19 11:10:18,873 23560 INFO asset_001 odoo.modules.loading: loading mail/wizard/mail_blacklist_remove_views.xml 
2024-07-19 11:10:18,895 23560 INFO asset_001 odoo.modules.loading: loading mail/wizard/mail_compose_message_views.xml 
2024-07-19 11:10:18,934 23560 INFO asset_001 odoo.modules.loading: loading mail/wizard/mail_resend_message_views.xml 
2024-07-19 11:10:18,962 23560 INFO asset_001 odoo.modules.loading: loading mail/wizard/mail_template_preview_views.xml 
2024-07-19 11:10:18,993 23560 INFO asset_001 odoo.modules.loading: loading mail/wizard/mail_wizard_invite_views.xml 
2024-07-19 11:10:19,016 23560 INFO asset_001 odoo.modules.loading: loading mail/wizard/mail_template_reset_views.xml 
2024-07-19 11:10:19,038 23560 INFO asset_001 odoo.modules.loading: loading mail/views/fetchmail_views.xml 
2024-07-19 11:10:19,086 23560 INFO asset_001 odoo.modules.loading: loading mail/views/mail_message_subtype_views.xml 
2024-07-19 11:10:19,120 23560 INFO asset_001 odoo.modules.loading: loading mail/views/mail_tracking_views.xml 
2024-07-19 11:10:19,155 23560 INFO asset_001 odoo.modules.loading: loading mail/views/mail_notification_views.xml 
2024-07-19 11:10:19,195 23560 INFO asset_001 odoo.modules.loading: loading mail/views/mail_message_views.xml 
2024-07-19 11:10:19,250 23560 INFO asset_001 odoo.modules.loading: loading mail/views/mail_message_schedule_views.xml 
2024-07-19 11:10:19,286 23560 INFO asset_001 odoo.modules.loading: loading mail/views/mail_mail_views.xml 
2024-07-19 11:10:19,346 23560 INFO asset_001 odoo.modules.loading: loading mail/views/mail_followers_views.xml 
2024-07-19 11:10:19,375 23560 INFO asset_001 odoo.modules.loading: loading mail/views/mail_ice_server_views.xml 
2024-07-19 11:10:19,405 23560 INFO asset_001 odoo.modules.loading: loading mail/views/mail_channel_member_views.xml 
2024-07-19 11:10:19,437 23560 INFO asset_001 odoo.modules.loading: loading mail/views/mail_channel_rtc_session_views.xml 
2024-07-19 11:10:19,475 23560 INFO asset_001 odoo.modules.loading: loading mail/views/mail_link_preview_views.xml 
2024-07-19 11:10:19,498 23560 INFO asset_001 odoo.modules.loading: loading mail/views/mail_channel_views.xml 
2024-07-19 11:10:19,549 23560 INFO asset_001 odoo.modules.loading: loading mail/views/mail_shortcode_views.xml 
2024-07-19 11:10:19,585 23560 INFO asset_001 odoo.modules.loading: loading mail/views/mail_activity_views.xml 
2024-07-19 11:10:19,694 23560 INFO asset_001 odoo.modules.loading: loading mail/views/res_config_settings_views.xml 
2024-07-19 11:10:19,743 23560 INFO asset_001 odoo.modules.loading: loading mail/data/res_partner_data.xml 
2024-07-19 11:10:19,759 23560 INFO asset_001 odoo.modules.loading: loading mail/data/mail_message_subtype_data.xml 
2024-07-19 11:10:19,773 23560 INFO asset_001 odoo.modules.loading: loading mail/data/mail_templates_chatter.xml 
2024-07-19 11:10:19,838 23560 INFO asset_001 odoo.modules.loading: loading mail/data/mail_templates_email_layouts.xml 
2024-07-19 11:10:19,907 23560 INFO asset_001 odoo.modules.loading: loading mail/data/mail_templates_mailgateway.xml 
2024-07-19 11:10:19,947 23560 INFO asset_001 odoo.modules.loading: loading mail/data/mail_channel_data.xml 
2024-07-19 11:10:19,964 23560 INFO asset_001 odoo.modules.loading: loading mail/data/mail_activity_data.xml 
2024-07-19 11:10:20,013 23560 INFO asset_001 odoo.modules.loading: loading mail/data/ir_cron_data.xml 
2024-07-19 11:10:20,037 23560 INFO asset_001 odoo.modules.loading: loading mail/security/mail_security.xml 
2024-07-19 11:10:20,069 23560 INFO asset_001 odoo.modules.loading: loading mail/security/ir.model.access.csv 
2024-07-19 11:10:20,226 23560 INFO asset_001 odoo.modules.loading: loading mail/views/discuss_public_templates.xml 
2024-07-19 11:10:20,259 23560 INFO asset_001 odoo.modules.loading: loading mail/views/mail_alias_views.xml 
2024-07-19 11:10:20,300 23560 INFO asset_001 odoo.modules.loading: loading mail/views/mail_gateway_allowed_views.xml 
2024-07-19 11:10:20,324 23560 INFO asset_001 odoo.modules.loading: loading mail/views/mail_guest_views.xml 
2024-07-19 11:10:20,347 23560 INFO asset_001 odoo.modules.loading: loading mail/views/mail_message_reaction_views.xml 
2024-07-19 11:10:20,371 23560 INFO asset_001 odoo.modules.loading: loading mail/views/res_users_views.xml 
2024-07-19 11:10:20,424 23560 INFO asset_001 odoo.modules.loading: loading mail/views/res_users_settings_views.xml 
2024-07-19 11:10:20,460 23560 INFO asset_001 odoo.modules.loading: loading mail/views/mail_template_views.xml 
2024-07-19 11:10:20,514 23560 INFO asset_001 odoo.modules.loading: loading mail/views/ir_actions_server_views.xml 
2024-07-19 11:10:20,549 23560 INFO asset_001 odoo.modules.loading: loading mail/views/ir_model_views.xml 
2024-07-19 11:10:20,603 23560 INFO asset_001 odoo.modules.loading: loading mail/views/res_partner_views.xml 
2024-07-19 11:10:20,706 23560 INFO asset_001 odoo.modules.loading: loading mail/views/mail_blacklist_views.xml 
2024-07-19 11:10:20,749 23560 INFO asset_001 odoo.modules.loading: loading mail/views/mail_menus.xml 
2024-07-19 11:10:20,993 23560 INFO asset_001 odoo.modules.loading: Module mail loaded in 3.50s, 2617 queries (+2617 other) 
2024-07-19 11:10:20,993 23560 INFO asset_001 odoo.modules.loading: Loading module spreadsheet (18/72) 
2024-07-19 11:10:21,044 23560 INFO asset_001 odoo.modules.registry: module spreadsheet: creating or updating database tables 
2024-07-19 11:10:21,102 23560 INFO asset_001 odoo.modules.loading: Module spreadsheet loaded in 0.11s, 46 queries (+46 other) 
2024-07-19 11:10:21,102 23560 INFO asset_001 odoo.modules.loading: Loading module web_editor (19/72) 
2024-07-19 11:10:21,172 23560 INFO asset_001 odoo.modules.registry: module web_editor: creating or updating database tables 
2024-07-19 11:10:22,263 23560 INFO asset_001 odoo.modules.loading: loading web_editor/security/ir.model.access.csv 
2024-07-19 11:10:22,277 23560 INFO asset_001 odoo.modules.loading: loading web_editor/data/editor_assets.xml 
2024-07-19 11:10:22,290 23560 INFO asset_001 odoo.modules.loading: loading web_editor/views/editor.xml 
2024-07-19 11:10:22,351 23560 INFO asset_001 odoo.modules.loading: loading web_editor/views/snippets.xml 
2024-07-19 11:10:22,475 23560 INFO asset_001 odoo.modules.loading: Module web_editor loaded in 1.37s, 1152 queries (+1152 other) 
2024-07-19 11:10:22,475 23560 INFO asset_001 odoo.modules.loading: Loading module web_map (20/72) 
2024-07-19 11:10:22,543 23560 INFO asset_001 odoo.modules.registry: module web_map: creating or updating database tables 
2024-07-19 11:10:23,538 23560 INFO asset_001 odoo.modules.loading: loading web_map/views/res_config_settings.xml 
2024-07-19 11:10:23,593 23560 INFO asset_001 odoo.modules.loading: loading web_map/views/res_partner_views.xml 
2024-07-19 11:10:23,643 23560 INFO asset_001 odoo.modules.loading: Module web_map loaded in 1.17s, 1058 queries (+1058 other) 
2024-07-19 11:10:23,643 23560 INFO asset_001 odoo.modules.loading: Loading module web_mobile (21/72) 
2024-07-19 11:10:23,705 23560 INFO asset_001 odoo.modules.registry: module web_mobile: creating or updating database tables 
2024-07-19 11:10:23,869 23560 INFO asset_001 odoo.modules.loading: loading web_mobile/views/views.xml 
2024-07-19 11:10:23,909 23560 INFO asset_001 odoo.modules.loading: Module web_mobile loaded in 0.27s, 76 queries (+76 other) 
2024-07-19 11:10:23,909 23560 INFO asset_001 odoo.modules.loading: Loading module analytic (22/72) 
2024-07-19 11:10:23,964 23560 INFO asset_001 odoo.modules.registry: module analytic: creating or updating database tables 
2024-07-19 11:10:24,038 23560 INFO asset_001 odoo.modules.loading: loading analytic/security/analytic_security.xml 
2024-07-19 11:10:24,058 23560 INFO asset_001 odoo.modules.loading: loading analytic/security/ir.model.access.csv 
2024-07-19 11:10:24,078 23560 INFO asset_001 odoo.modules.loading: loading analytic/views/analytic_line_views.xml 
2024-07-19 11:10:24,180 23560 INFO asset_001 odoo.modules.loading: loading analytic/views/analytic_account_views.xml 
2024-07-19 11:10:24,251 23560 INFO asset_001 odoo.modules.loading: loading analytic/views/analytic_plan_views.xml 
2024-07-19 11:10:24,294 23560 INFO asset_001 odoo.models.unlink: User #1 deleted ir.actions.act_window.view records with IDs: [17, 18] 
2024-07-19 11:10:24,300 23560 INFO asset_001 odoo.modules.loading: loading analytic/views/analytic_distribution_model_views.xml 
2024-07-19 11:10:24,338 23560 INFO asset_001 odoo.modules.loading: loading analytic/data/analytic_data.xml 
2024-07-19 11:10:24,407 23560 INFO asset_001 odoo.modules.loading: Module analytic loaded in 0.50s, 295 queries (+295 other) 
2024-07-19 11:10:24,407 23560 INFO asset_001 odoo.modules.loading: Loading module auth_signup (23/72) 
2024-07-19 11:10:24,464 23560 INFO asset_001 odoo.modules.registry: module auth_signup: creating or updating database tables 
2024-07-19 11:10:24,537 23560 INFO asset_001 odoo.modules.loading: loading auth_signup/data/ir_config_parameter_data.xml 
2024-07-19 11:10:24,549 23560 INFO asset_001 odoo.modules.loading: loading auth_signup/data/ir_cron_data.xml 
2024-07-19 11:10:24,573 23560 INFO asset_001 odoo.modules.loading: loading auth_signup/data/mail_template_data.xml 
2024-07-19 11:10:24,622 23560 INFO asset_001 odoo.modules.loading: loading auth_signup/views/res_config_settings_views.xml 
2024-07-19 11:10:24,679 23560 INFO asset_001 odoo.modules.loading: loading auth_signup/views/res_users_views.xml 
2024-07-19 11:10:24,719 23560 INFO asset_001 odoo.modules.loading: loading auth_signup/views/auth_signup_login_templates.xml 
2024-07-19 11:10:24,782 23560 INFO asset_001 odoo.modules.loading: loading auth_signup/views/webclient_templates.xml 
2024-07-19 11:10:24,865 23560 INFO asset_001 odoo.modules.loading: Module auth_signup loaded in 0.46s, 242 queries (+242 other) 
2024-07-19 11:10:24,865 23560 INFO asset_001 odoo.modules.loading: Loading module auth_totp_mail (24/72) 
2024-07-19 11:10:24,927 23560 INFO asset_001 odoo.modules.registry: module auth_totp_mail: creating or updating database tables 
2024-07-19 11:10:24,975 23560 INFO asset_001 odoo.modules.loading: loading auth_totp_mail/data/ir_action_data.xml 
2024-07-19 11:10:25,000 23560 INFO asset_001 odoo.modules.loading: loading auth_totp_mail/data/mail_template_data.xml 
2024-07-19 11:10:25,016 23560 INFO asset_001 odoo.modules.loading: loading auth_totp_mail/views/res_users_views.xml 
2024-07-19 11:10:25,082 23560 INFO asset_001 odoo.modules.loading: Module auth_totp_mail loaded in 0.22s, 104 queries (+104 other) 
2024-07-19 11:10:25,082 23560 INFO asset_001 odoo.modules.loading: Loading module base_install_request (25/72) 
2024-07-19 11:10:25,137 23560 INFO asset_001 odoo.modules.registry: module base_install_request: creating or updating database tables 
2024-07-19 11:10:25,180 23560 INFO asset_001 odoo.modules.loading: loading base_install_request/security/ir.model.access.csv 
2024-07-19 11:10:25,196 23560 INFO asset_001 odoo.modules.loading: loading base_install_request/wizard/base_module_install_request_views.xml 
2024-07-19 11:10:25,226 23560 INFO asset_001 odoo.modules.loading: loading base_install_request/data/mail_template_data.xml 
2024-07-19 11:10:25,242 23560 INFO asset_001 odoo.modules.loading: loading base_install_request/data/mail_templates_module_install.xml 
2024-07-19 11:10:25,261 23560 INFO asset_001 odoo.modules.loading: loading base_install_request/views/ir_module_module_views.xml 
2024-07-19 11:10:25,318 23560 INFO asset_001 odoo.modules.loading: Module base_install_request loaded in 0.24s, 126 queries (+126 other) 
2024-07-19 11:10:25,318 23560 INFO asset_001 odoo.modules.loading: Loading module google_gmail (26/72) 
2024-07-19 11:10:25,375 23560 INFO asset_001 odoo.modules.registry: module google_gmail: creating or updating database tables 
2024-07-19 11:10:25,417 23560 INFO asset_001 odoo.modules.loading: loading google_gmail/views/fetchmail_server_views.xml 
2024-07-19 11:10:25,449 23560 INFO asset_001 odoo.modules.loading: loading google_gmail/views/ir_mail_server_views.xml 
2024-07-19 11:10:25,476 23560 INFO asset_001 odoo.modules.loading: loading google_gmail/views/res_config_settings_views.xml 
2024-07-19 11:10:25,540 23560 INFO asset_001 odoo.modules.loading: Module google_gmail loaded in 0.22s, 115 queries (+115 other) 
2024-07-19 11:10:25,540 23560 INFO asset_001 odoo.modules.loading: Loading module iap_mail (27/72) 
2024-07-19 11:10:25,596 23560 INFO asset_001 odoo.modules.registry: module iap_mail: creating or updating database tables 
2024-07-19 11:10:25,627 23560 INFO asset_001 odoo.modules.loading: loading iap_mail/data/mail_templates.xml 
2024-07-19 11:10:25,669 23560 INFO asset_001 odoo.modules.loading: Module iap_mail loaded in 0.13s, 46 queries (+46 other) 
2024-07-19 11:10:25,669 23560 INFO asset_001 odoo.modules.loading: Loading module mail_bot (28/72) 
2024-07-19 11:10:25,754 23560 INFO asset_001 odoo.modules.registry: module mail_bot: creating or updating database tables 
2024-07-19 11:10:25,858 23560 INFO asset_001 odoo.modules.loading: loading mail_bot/views/res_users_views.xml 
2024-07-19 11:10:25,904 23560 INFO asset_001 odoo.modules.loading: loading mail_bot/data/mailbot_data.xml 
2024-07-19 11:10:25,931 23560 INFO asset_001 odoo.modules.loading: Module mail_bot loaded in 0.26s, 140 queries (+140 other) 
2024-07-19 11:10:25,931 23560 INFO asset_001 odoo.modules.loading: Loading module mail_enterprise (29/72) 
2024-07-19 11:10:25,997 23560 INFO asset_001 odoo.modules.registry: module mail_enterprise: creating or updating database tables 
2024-07-19 11:10:26,037 23560 INFO asset_001 odoo.modules.loading: Module mail_enterprise loaded in 0.11s, 21 queries (+21 other) 
2024-07-19 11:10:26,037 23560 INFO asset_001 odoo.modules.loading: Loading module phone_validation (30/72) 
2024-07-19 11:10:26,095 23560 INFO asset_001 odoo.modules.registry: module phone_validation: creating or updating database tables 
2024-07-19 11:10:26,168 23560 INFO asset_001 odoo.modules.loading: loading phone_validation/security/ir.model.access.csv 
2024-07-19 11:10:26,187 23560 INFO asset_001 odoo.modules.loading: loading phone_validation/views/phone_blacklist_views.xml 
2024-07-19 11:10:26,243 23560 INFO asset_001 odoo.modules.loading: loading phone_validation/wizard/phone_blacklist_remove_view.xml 
2024-07-19 11:10:26,280 23560 INFO asset_001 odoo.modules.loading: Module phone_validation loaded in 0.24s, 151 queries (+151 other) 
2024-07-19 11:10:26,281 23560 INFO asset_001 odoo.modules.loading: Loading module privacy_lookup (31/72) 
2024-07-19 11:10:26,351 23560 INFO asset_001 odoo.modules.registry: module privacy_lookup: creating or updating database tables 
2024-07-19 11:10:26,444 23560 INFO asset_001 odoo.modules.loading: loading privacy_lookup/wizard/privacy_lookup_wizard_views.xml 
2024-07-19 11:10:26,502 23560 INFO asset_001 odoo.modules.loading: loading privacy_lookup/views/privacy_log_views.xml 
2024-07-19 11:10:26,547 23560 INFO asset_001 odoo.modules.loading: loading privacy_lookup/security/ir.model.access.csv 
2024-07-19 11:10:26,573 23560 INFO asset_001 odoo.modules.loading: loading privacy_lookup/data/ir_actions_server_data.xml 
2024-07-19 11:10:26,616 23560 INFO asset_001 odoo.modules.loading: Module privacy_lookup loaded in 0.34s, 201 queries (+201 other) 
2024-07-19 11:10:26,616 23560 INFO asset_001 odoo.modules.loading: Loading module product (32/72) 
2024-07-19 11:10:26,683 23560 INFO asset_001 odoo.modules.registry: module product: creating or updating database tables 
2024-07-19 11:10:27,062 23560 INFO asset_001 odoo.modules.loading: loading product/data/product_data.xml 
2024-07-19 11:10:27,160 23560 INFO asset_001 odoo.modules.loading: loading product/security/product_security.xml 
2024-07-19 11:10:27,203 23560 INFO asset_001 odoo.modules.loading: loading product/security/ir.model.access.csv 
2024-07-19 11:10:27,252 23560 INFO asset_001 odoo.modules.loading: loading product/wizard/product_label_layout_views.xml 
2024-07-19 11:10:27,280 23560 INFO asset_001 odoo.models.unlink: User #1 deleted ir.actions.act_window.view records with IDs: [19] 
2024-07-19 11:10:27,285 23560 INFO asset_001 odoo.modules.loading: loading product/views/product_views.xml 
2024-07-19 11:10:27,367 23560 INFO asset_001 odoo.models.unlink: User #1 deleted ir.actions.act_window.view records with IDs: [20, 21, 22] 
2024-07-19 11:10:27,411 23560 INFO asset_001 odoo.modules.loading: loading product/views/res_config_settings_views.xml 
2024-07-19 11:10:27,453 23560 INFO asset_001 odoo.modules.loading: loading product/views/product_attribute_views.xml 
2024-07-19 11:10:27,505 23560 INFO asset_001 odoo.modules.loading: loading product/views/product_category_views.xml 
2024-07-19 11:10:27,531 23560 INFO asset_001 odoo.modules.loading: loading product/views/product_packaging_views.xml 
2024-07-19 11:10:27,596 23560 INFO asset_001 odoo.models.unlink: User #1 deleted ir.actions.act_window.view records with IDs: [23, 24] 
2024-07-19 11:10:27,600 23560 INFO asset_001 odoo.modules.loading: loading product/views/product_pricelist_item_views.xml 
2024-07-19 11:10:27,671 23560 INFO asset_001 odoo.modules.loading: loading product/views/product_pricelist_views.xml 
2024-07-19 11:10:27,735 23560 INFO asset_001 odoo.modules.loading: loading product/views/product_supplierinfo_views.xml 
2024-07-19 11:10:27,795 23560 INFO asset_001 odoo.modules.loading: loading product/views/product_template_views.xml 
2024-07-19 11:10:27,864 23560 INFO asset_001 odoo.modules.loading: loading product/views/product_tag_views.xml 
2024-07-19 11:10:27,891 23560 INFO asset_001 odoo.modules.loading: loading product/views/res_country_group_views.xml 
2024-07-19 11:10:27,912 23560 INFO asset_001 odoo.modules.loading: loading product/views/res_partner_views.xml 
2024-07-19 11:10:27,944 23560 INFO asset_001 odoo.modules.loading: loading product/report/product_reports.xml 
2024-07-19 11:10:27,970 23560 INFO asset_001 odoo.modules.loading: loading product/report/product_product_templates.xml 
2024-07-19 11:10:28,037 23560 INFO asset_001 odoo.modules.loading: loading product/report/product_template_templates.xml 
2024-07-19 11:10:28,062 23560 INFO asset_001 odoo.modules.loading: loading product/report/product_packaging.xml 
2024-07-19 11:10:28,091 23560 INFO asset_001 odoo.modules.loading: loading product/report/product_pricelist_report_templates.xml 
2024-07-19 11:10:28,183 23560 INFO asset_001 odoo.modules.loading: Module product loaded in 1.57s, 1128 queries (+1128 other) 
2024-07-19 11:10:28,183 23560 INFO asset_001 odoo.modules.loading: Loading module spreadsheet_dashboard (33/72) 
2024-07-19 11:10:28,271 23560 INFO asset_001 odoo.modules.registry: module spreadsheet_dashboard: creating or updating database tables 
2024-07-19 11:10:28,324 23560 INFO asset_001 odoo.modules.loading: loading spreadsheet_dashboard/security/security.xml 
2024-07-19 11:10:28,341 23560 INFO asset_001 odoo.modules.loading: loading spreadsheet_dashboard/security/ir.model.access.csv 
2024-07-19 11:10:28,355 23560 INFO asset_001 odoo.modules.loading: loading spreadsheet_dashboard/views/spreadsheet_dashboard_views.xml 
2024-07-19 11:10:28,393 23560 INFO asset_001 odoo.modules.loading: loading spreadsheet_dashboard/views/menu_views.xml 
2024-07-19 11:10:28,463 23560 INFO asset_001 odoo.modules.loading: loading spreadsheet_dashboard/data/dashboard.xml 
2024-07-19 11:10:28,537 23560 INFO asset_001 odoo.modules.loading: Module spreadsheet_dashboard loaded in 0.35s, 164 queries (+164 other) 
2024-07-19 11:10:28,537 23560 INFO asset_001 odoo.modules.loading: Loading module spreadsheet_edition (34/72) 
2024-07-19 11:10:28,610 23560 INFO asset_001 odoo.modules.registry: module spreadsheet_edition: creating or updating database tables 
2024-07-19 11:10:28,656 23560 INFO asset_001 odoo.modules.loading: loading spreadsheet_edition/data/spreadsheet_data.xml 
2024-07-19 11:10:28,665 23560 INFO asset_001 odoo.modules.loading: loading spreadsheet_edition/security/ir.model.access.csv 
2024-07-19 11:10:28,692 23560 INFO asset_001 odoo.modules.loading: Module spreadsheet_edition loaded in 0.16s, 48 queries (+48 other) 
2024-07-19 11:10:28,692 23560 INFO asset_001 odoo.modules.loading: Loading module web_unsplash (35/72) 
2024-07-19 11:10:28,772 23560 INFO asset_001 odoo.modules.registry: module web_unsplash: creating or updating database tables 
2024-07-19 11:10:28,852 23560 INFO asset_001 odoo.modules.loading: loading web_unsplash/views/res_config_settings_view.xml 
2024-07-19 11:10:28,918 23560 INFO asset_001 odoo.modules.loading: Module web_unsplash loaded in 0.23s, 96 queries (+96 other) 
2024-07-19 11:10:28,919 23560 INFO asset_001 odoo.modules.loading: Loading module mail_mobile (36/72) 
2024-07-19 11:10:28,991 23560 INFO asset_001 odoo.modules.registry: module mail_mobile: creating or updating database tables 
2024-07-19 11:10:29,115 23560 INFO asset_001 odoo.modules.loading: loading mail_mobile/data/mail_mobile_data.xml 
2024-07-19 11:10:29,131 23560 INFO asset_001 odoo.modules.loading: loading mail_mobile/views/res_config_settings_views.xml 
2024-07-19 11:10:29,206 23560 INFO asset_001 odoo.modules.loading: Module mail_mobile loaded in 0.29s, 163 queries (+163 other) 
2024-07-19 11:10:29,207 23560 INFO asset_001 odoo.modules.loading: Loading module partner_autocomplete (37/72) 
2024-07-19 11:10:29,282 23560 INFO asset_001 odoo.modules.registry: module partner_autocomplete: creating or updating database tables 
2024-07-19 11:10:29,387 23560 INFO asset_001 odoo.modules.loading: loading partner_autocomplete/security/ir.model.access.csv 
2024-07-19 11:10:29,403 23560 INFO asset_001 odoo.modules.loading: loading partner_autocomplete/views/res_partner_views.xml 
2024-07-19 11:10:29,452 23560 INFO asset_001 odoo.modules.loading: loading partner_autocomplete/views/res_company_views.xml 
2024-07-19 11:10:29,473 23560 INFO asset_001 odoo.modules.loading: loading partner_autocomplete/views/res_config_settings_views.xml 
2024-07-19 11:10:29,526 23560 INFO asset_001 odoo.modules.loading: loading partner_autocomplete/data/cron.xml 
2024-07-19 11:10:29,565 23560 INFO asset_001 odoo.modules.loading: Module partner_autocomplete loaded in 0.36s, 195 queries (+195 other) 
2024-07-19 11:10:29,565 23560 INFO asset_001 odoo.modules.loading: Loading module portal (38/72) 
2024-07-19 11:10:29,653 23560 INFO asset_001 odoo.modules.registry: module portal: creating or updating database tables 
2024-07-19 11:10:29,867 23560 INFO asset_001 odoo.modules.loading: loading portal/security/ir.model.access.csv 
2024-07-19 11:10:29,883 23560 INFO asset_001 odoo.modules.loading: loading portal/data/mail_template_data.xml 
2024-07-19 11:10:29,900 23560 INFO asset_001 odoo.modules.loading: loading portal/data/mail_templates.xml 
2024-07-19 11:10:29,914 23560 INFO asset_001 odoo.modules.loading: loading portal/views/portal_templates.xml 
2024-07-19 11:10:30,151 23560 INFO asset_001 odoo.modules.loading: loading portal/views/res_config_settings_views.xml 
2024-07-19 11:10:30,202 23560 INFO asset_001 odoo.modules.loading: loading portal/wizard/portal_share_views.xml 
2024-07-19 11:10:30,227 23560 INFO asset_001 odoo.modules.loading: loading portal/wizard/portal_wizard_views.xml 
2024-07-19 11:10:30,299 23560 INFO asset_001 odoo.modules.loading: Module portal loaded in 0.73s, 609 queries (+609 other) 
2024-07-19 11:10:30,299 23560 INFO asset_001 odoo.modules.loading: Loading module sms (39/72) 
2024-07-19 11:10:30,384 23560 INFO asset_001 odoo.modules.registry: module sms: creating or updating database tables 
2024-07-19 11:10:30,719 23560 INFO asset_001 odoo.modules.loading: loading sms/data/ir_cron_data.xml 
2024-07-19 11:10:30,732 23560 INFO asset_001 odoo.modules.loading: loading sms/wizard/sms_composer_views.xml 
2024-07-19 11:10:30,773 23560 INFO asset_001 odoo.modules.loading: loading sms/wizard/sms_template_preview_views.xml 
2024-07-19 11:10:30,802 23560 INFO asset_001 odoo.modules.loading: loading sms/wizard/sms_resend_views.xml 
2024-07-19 11:10:30,834 23560 INFO asset_001 odoo.modules.loading: loading sms/wizard/sms_template_reset_views.xml 
2024-07-19 11:10:30,860 23560 INFO asset_001 odoo.modules.loading: loading sms/views/ir_actions_server_views.xml 
2024-07-19 11:10:30,896 23560 INFO asset_001 odoo.modules.loading: loading sms/views/mail_notification_views.xml 
2024-07-19 11:10:30,926 23560 INFO asset_001 odoo.modules.loading: loading sms/views/res_config_settings_views.xml 
2024-07-19 11:10:30,973 23560 INFO asset_001 odoo.modules.loading: loading sms/views/res_partner_views.xml 
2024-07-19 11:10:31,029 23560 INFO asset_001 odoo.modules.loading: loading sms/views/sms_sms_views.xml 
2024-07-19 11:10:31,076 23560 INFO asset_001 odoo.modules.loading: loading sms/views/sms_template_views.xml 
2024-07-19 11:10:31,120 23560 INFO asset_001 odoo.modules.loading: loading sms/security/ir.model.access.csv 
2024-07-19 11:10:31,173 23560 INFO asset_001 odoo.modules.loading: loading sms/security/sms_security.xml 
2024-07-19 11:10:31,225 23560 INFO asset_001 odoo.modules.loading: Module sms loaded in 0.93s, 535 queries (+537 other) 
2024-07-19 11:10:31,225 23560 INFO asset_001 odoo.modules.loading: Loading module snailmail (40/72) 
2024-07-19 11:10:31,307 23560 INFO asset_001 odoo.modules.registry: module snailmail: creating or updating database tables 
2024-07-19 11:10:31,538 23560 INFO asset_001 odoo.modules.loading: loading snailmail/data/snailmail_data.xml 
2024-07-19 11:10:31,560 23560 INFO asset_001 odoo.modules.loading: loading snailmail/views/report_assets.xml 
2024-07-19 11:10:31,602 23560 INFO asset_001 odoo.modules.loading: loading snailmail/views/snailmail_views.xml 
2024-07-19 11:10:31,645 23560 INFO asset_001 odoo.modules.loading: loading snailmail/wizard/snailmail_confirm_views.xml 
2024-07-19 11:10:31,669 23560 INFO asset_001 odoo.modules.loading: loading snailmail/wizard/snailmail_letter_format_error_views.xml 
2024-07-19 11:10:31,702 23560 INFO asset_001 odoo.modules.loading: loading snailmail/wizard/snailmail_letter_missing_required_fields_views.xml 
2024-07-19 11:10:31,736 23560 INFO asset_001 odoo.modules.loading: loading snailmail/security/ir.model.access.csv 
2024-07-19 11:10:31,790 23560 INFO asset_001 odoo.modules.loading: Module snailmail loaded in 0.56s, 334 queries (+334 other) 
2024-07-19 11:10:31,790 23560 INFO asset_001 odoo.modules.loading: Loading module spreadsheet_dashboard_edition (41/72) 
2024-07-19 11:10:31,868 23560 INFO asset_001 odoo.modules.registry: module spreadsheet_dashboard_edition: creating or updating database tables 
2024-07-19 11:10:31,924 23560 INFO asset_001 odoo.modules.loading: loading spreadsheet_dashboard_edition/views/spreadsheet_dashboard_views.xml 
2024-07-19 11:10:31,969 23560 INFO asset_001 odoo.modules.loading: Module spreadsheet_dashboard_edition loaded in 0.18s, 50 queries (+50 other) 
2024-07-19 11:10:31,969 23560 INFO asset_001 odoo.modules.loading: Loading module auth_totp_portal (42/72) 
2024-07-19 11:10:32,072 23560 INFO asset_001 odoo.modules.registry: module auth_totp_portal: creating or updating database tables 
2024-07-19 11:10:32,128 23560 INFO asset_001 odoo.modules.loading: loading auth_totp_portal/security/security.xml 
2024-07-19 11:10:32,150 23560 INFO asset_001 odoo.modules.loading: loading auth_totp_portal/views/templates.xml 
2024-07-19 11:10:32,194 23560 INFO asset_001 odoo.modules.loading: Module auth_totp_portal loaded in 0.22s, 77 queries (+77 other) 
2024-07-19 11:10:32,194 23560 INFO asset_001 odoo.modules.loading: Loading module digest (43/72) 
2024-07-19 11:10:32,274 23560 INFO asset_001 odoo.modules.registry: module digest: creating or updating database tables 
2024-07-19 11:10:32,342 23560 INFO asset_001 odoo.modules.loading: loading digest/security/ir.model.access.csv 
2024-07-19 11:10:32,364 23560 INFO asset_001 odoo.modules.loading: loading digest/data/digest_data.xml 
2024-07-19 11:10:32,390 23560 INFO asset_001 odoo.modules.loading: loading digest/data/digest_tips_data.xml 
2024-07-19 11:10:32,469 23560 INFO asset_001 odoo.modules.loading: loading digest/data/ir_cron_data.xml 
2024-07-19 11:10:32,503 23560 INFO asset_001 odoo.modules.loading: loading digest/data/res_config_settings_data.xml 
2024-07-19 11:10:32,520 23560 INFO asset_001 odoo.modules.loading: loading digest/views/digest_views.xml 
2024-07-19 11:10:32,602 23560 INFO asset_001 odoo.modules.loading: loading digest/views/digest_templates.xml 
2024-07-19 11:10:32,621 23560 INFO asset_001 odoo.modules.loading: loading digest/views/res_config_settings_views.xml 
2024-07-19 11:10:32,708 23560 INFO asset_001 odoo.modules.loading: Module digest loaded in 0.51s, 274 queries (+274 other) 
2024-07-19 11:10:32,708 23560 INFO asset_001 odoo.modules.loading: Loading module payment (44/72) 
2024-07-19 11:10:32,788 23560 INFO asset_001 odoo.modules.registry: module payment: creating or updating database tables 
2024-07-19 11:10:32,943 23560 INFO asset_001 odoo.modules.loading: loading payment/data/payment_icon_data.xml 
2024-07-19 11:10:33,802 23560 INFO asset_001 odoo.modules.loading: loading payment/data/payment_provider_data.xml 
2024-07-19 11:10:33,836 23560 INFO asset_001 odoo.modules.loading: loading payment/data/payment_cron.xml 
2024-07-19 11:10:33,864 23560 INFO asset_001 odoo.modules.loading: loading payment/views/payment_portal_templates.xml 
2024-07-19 11:10:33,935 23560 INFO asset_001 odoo.modules.loading: loading payment/views/payment_templates.xml 
2024-07-19 11:10:34,021 23560 INFO asset_001 odoo.modules.loading: loading payment/views/payment_provider_views.xml 
2024-07-19 11:10:34,096 23560 INFO asset_001 odoo.modules.loading: loading payment/views/payment_icon_views.xml 
2024-07-19 11:10:34,127 23560 INFO asset_001 odoo.modules.loading: loading payment/views/payment_transaction_views.xml 
2024-07-19 11:10:34,183 23560 INFO asset_001 odoo.modules.loading: loading payment/views/payment_token_views.xml 
2024-07-19 11:10:34,222 23560 INFO asset_001 odoo.modules.loading: loading payment/views/res_partner_views.xml 
2024-07-19 11:10:34,266 23560 INFO asset_001 odoo.modules.loading: loading payment/security/ir.model.access.csv 
2024-07-19 11:10:34,706 23560 INFO asset_001 odoo.modules.loading: loading payment/security/payment_security.xml 
2024-07-19 11:10:34,723 23560 INFO asset_001 odoo.modules.loading: loading payment/wizards/payment_link_wizard_views.xml 
2024-07-19 11:10:34,747 23560 INFO asset_001 odoo.modules.loading: loading payment/wizards/payment_onboarding_views.xml 
2024-07-19 11:10:34,801 23560 INFO asset_001 odoo.modules.loading: Module payment loaded in 2.09s, 777 queries (+777 other) 
2024-07-19 11:10:34,801 23560 INFO asset_001 odoo.modules.loading: Loading module account (45/72) 
2024-07-19 11:10:34,917 23560 INFO asset_001 odoo.modules.registry: module account: creating or updating database tables 
2024-07-19 11:10:35,983 23560 INFO asset_001 odoo.modules.loading: loading account/security/account_security.xml 
2024-07-19 11:10:36,143 23560 INFO asset_001 odoo.modules.loading: loading account/security/ir.model.access.csv 
2024-07-19 11:10:36,278 23560 INFO asset_001 odoo.modules.loading: loading account/data/account_data.xml 
2024-07-19 11:10:36,435 23560 INFO asset_001 odoo.modules.loading: loading account/data/digest_data.xml 
2024-07-19 11:10:36,462 23560 INFO asset_001 odoo.modules.loading: loading account/views/account_report.xml 
2024-07-19 11:10:36,493 23560 INFO asset_001 odoo.modules.loading: loading account/data/mail_template_data.xml 
2024-07-19 11:10:36,514 23560 INFO asset_001 odoo.modules.loading: loading account/views/account_payment_view.xml 
2024-07-19 11:10:36,661 23560 INFO asset_001 odoo.modules.loading: loading account/wizard/account_automatic_entry_wizard_views.xml 
2024-07-19 11:10:36,686 23560 INFO asset_001 odoo.modules.loading: loading account/wizard/account_unreconcile_view.xml 
2024-07-19 11:10:36,711 23560 INFO asset_001 odoo.modules.loading: loading account/wizard/account_move_reversal_view.xml 
2024-07-19 11:10:36,747 23560 INFO asset_001 odoo.modules.loading: loading account/wizard/account_resequence_views.xml 
2024-07-19 11:10:36,766 23560 INFO asset_001 odoo.modules.loading: loading account/wizard/account_payment_register_views.xml 
2024-07-19 11:10:36,799 23560 INFO asset_001 odoo.modules.loading: loading account/views/account_move_views.xml 
2024-07-19 11:10:37,292 23560 INFO asset_001 odoo.modules.loading: loading account/wizard/setup_wizards_view.xml 
2024-07-19 11:10:37,327 23560 INFO asset_001 odoo.modules.loading: loading account/views/account_account_views.xml 
2024-07-19 11:10:37,380 23560 INFO asset_001 odoo.modules.loading: loading account/views/account_group_views.xml 
2024-07-19 11:10:37,412 23560 INFO asset_001 odoo.modules.loading: loading account/views/account_journal_views.xml 
2024-07-19 11:10:37,542 23560 INFO asset_001 odoo.models.unlink: User #1 deleted ir.actions.act_window.view records with IDs: [25, 26, 27] 
2024-07-19 11:10:37,564 23560 INFO asset_001 odoo.modules.loading: loading account/views/account_account_tag_views.xml 
2024-07-19 11:10:37,600 23560 INFO asset_001 odoo.modules.loading: loading account/views/account_bank_statement_views.xml 
2024-07-19 11:10:37,657 23560 INFO asset_001 odoo.modules.loading: loading account/views/account_reconcile_model_views.xml 
2024-07-19 11:10:37,728 23560 INFO asset_001 odoo.modules.loading: loading account/views/account_tax_views.xml 
2024-07-19 11:10:37,831 23560 INFO asset_001 odoo.modules.loading: loading account/views/account_full_reconcile_views.xml 
2024-07-19 11:10:37,850 23560 INFO asset_001 odoo.modules.loading: loading account/views/account_payment_term_views.xml 
2024-07-19 11:10:37,914 23560 INFO asset_001 odoo.modules.loading: loading account/views/account_chart_template_views.xml 
2024-07-19 11:10:37,986 23560 INFO asset_001 odoo.modules.loading: loading account/views/res_partner_bank_views.xml 
2024-07-19 11:10:38,010 23560 INFO asset_001 odoo.modules.loading: loading account/views/report_statement.xml 
2024-07-19 11:10:38,047 23560 INFO asset_001 odoo.modules.loading: loading account/views/terms_template.xml 
2024-07-19 11:10:38,089 23560 INFO asset_001 odoo.modules.loading: loading account/wizard/account_validate_move_view.xml 
2024-07-19 11:10:38,116 23560 INFO asset_001 odoo.modules.loading: loading account/views/res_company_views.xml 
2024-07-19 11:10:38,149 23560 INFO asset_001 odoo.modules.loading: loading account/views/product_view.xml 
2024-07-19 11:10:38,224 23560 INFO asset_001 odoo.modules.loading: loading account/views/account_analytic_plan_views.xml 
2024-07-19 11:10:38,244 23560 INFO asset_001 odoo.modules.loading: loading account/views/account_analytic_account_views.xml 
2024-07-19 11:10:38,277 23560 INFO asset_001 odoo.modules.loading: loading account/views/account_analytic_distribution_model_views.xml 
2024-07-19 11:10:38,307 23560 INFO asset_001 odoo.modules.loading: loading account/views/account_analytic_line_views.xml 
2024-07-19 11:10:38,373 23560 INFO asset_001 odoo.modules.loading: loading account/views/report_invoice.xml 
2024-07-19 11:10:38,448 23560 INFO asset_001 odoo.modules.loading: loading account/report/account_invoice_report_view.xml 
2024-07-19 11:10:38,528 23560 INFO asset_001 odoo.modules.loading: loading account/views/account_cash_rounding_view.xml 
2024-07-19 11:10:38,559 23560 INFO asset_001 odoo.modules.loading: loading account/views/ir_module_views.xml 
2024-07-19 11:10:38,583 23560 INFO asset_001 odoo.modules.loading: loading account/views/res_config_settings_views.xml 
2024-07-19 11:10:38,689 23560 INFO asset_001 odoo.modules.loading: loading account/views/partner_view.xml 
2024-07-19 11:10:38,827 23560 INFO asset_001 odoo.modules.loading: loading account/views/account_journal_dashboard_view.xml 
2024-07-19 11:10:38,875 23560 INFO asset_001 odoo.modules.loading: loading account/views/account_portal_templates.xml 
2024-07-19 11:10:38,941 23560 INFO asset_001 odoo.modules.loading: loading account/views/report_payment_receipt_templates.xml 
2024-07-19 11:10:38,975 23560 INFO asset_001 odoo.modules.loading: loading account/views/account_onboarding_templates.xml 
2024-07-19 11:10:39,064 23560 INFO asset_001 odoo.modules.loading: loading account/data/service_cron.xml 
2024-07-19 11:10:39,080 23560 INFO asset_001 odoo.modules.loading: loading account/views/account_incoterms_view.xml 
2024-07-19 11:10:39,116 23560 INFO asset_001 odoo.modules.loading: loading account/data/account_incoterms_data.xml 
2024-07-19 11:10:39,179 23560 INFO asset_001 odoo.modules.loading: loading account/views/digest_views.xml 
2024-07-19 11:10:39,204 23560 INFO asset_001 odoo.modules.loading: loading account/wizard/account_invoice_send_views.xml 
2024-07-19 11:10:39,234 23560 INFO asset_001 odoo.modules.loading: loading account/report/account_hash_integrity_templates.xml 
2024-07-19 11:10:39,257 23560 INFO asset_001 odoo.modules.loading: loading account/views/res_currency.xml 
2024-07-19 11:10:39,282 23560 INFO asset_001 odoo.modules.loading: loading account/views/account_menuitem.xml 
2024-07-19 11:10:39,548 23560 INFO asset_001 odoo.modules.loading: loading account/wizard/account_tour_upload_bill.xml 
2024-07-19 11:10:39,579 23560 INFO asset_001 odoo.modules.loading: loading account/wizard/accrued_orders.xml 
2024-07-19 11:10:39,599 23560 INFO asset_001 odoo.modules.loading: loading account/views/bill_preview_template.xml 
2024-07-19 11:10:39,640 23560 INFO asset_001 odoo.modules.loading: loading account/data/account_reports_data.xml 
2024-07-19 11:10:39,959 23560 INFO asset_001 odoo.modules.loading: Module account loaded in 5.16s, 4121 queries (+4121 other) 
2024-07-19 11:10:39,959 23560 INFO asset_001 odoo.modules.loading: Loading module digest_enterprise (46/72) 
2024-07-19 11:10:40,125 23560 INFO asset_001 odoo.modules.loading: loading digest_enterprise/data/digest_data.xml 
2024-07-19 11:10:40,159 23560 INFO asset_001 odoo.modules.loading: Module digest_enterprise loaded in 0.20s, 23 queries (+25 other) 
2024-07-19 11:10:40,159 23560 INFO asset_001 odoo.modules.loading: Loading module account_accountant (47/72) 
2024-07-19 11:10:40,316 23560 INFO asset_001 odoo.modules.registry: module account_accountant: creating or updating database tables 
2024-07-19 11:10:40,551 23560 INFO asset_001 odoo.modules.loading: loading account_accountant/data/account_accountant_data.xml 
2024-07-19 11:10:40,644 23560 INFO asset_001 odoo.modules.loading: loading account_accountant/data/ir_cron.xml 
2024-07-19 11:10:40,668 23560 INFO asset_001 odoo.modules.loading: loading account_accountant/data/digest_data.xml 
2024-07-19 11:10:40,686 23560 INFO asset_001 odoo.modules.loading: loading account_accountant/security/ir.model.access.csv 
2024-07-19 11:10:40,715 23560 INFO asset_001 odoo.modules.loading: loading account_accountant/security/account_accountant_security.xml 
2024-07-19 11:10:40,819 23560 INFO asset_001 odoo.modules.loading: loading account_accountant/views/account_account_views.xml 
2024-07-19 11:10:40,854 23560 INFO asset_001 odoo.modules.loading: loading account_accountant/views/account_fiscal_year_view.xml 
2024-07-19 11:10:40,890 23560 INFO asset_001 odoo.modules.loading: loading account_accountant/views/account_journal_dashboard_views.xml 
2024-07-19 11:10:40,921 23560 INFO asset_001 odoo.modules.loading: loading account_accountant/views/account_move_views.xml 
2024-07-19 11:10:41,040 23560 INFO asset_001 odoo.modules.loading: loading account_accountant/views/account_payment_views.xml 
2024-07-19 11:10:41,073 23560 INFO asset_001 odoo.modules.loading: loading account_accountant/views/account_reconcile_model_views.xml 
2024-07-19 11:10:41,209 23560 INFO asset_001 odoo.modules.loading: loading account_accountant/views/account_accountant_menuitems.xml 
2024-07-19 11:10:41,237 23560 INFO asset_001 odoo.modules.loading: loading account_accountant/views/digest_views.xml 
2024-07-19 11:10:41,258 23560 INFO asset_001 odoo.modules.loading: loading account_accountant/views/res_config_settings_views.xml 
2024-07-19 11:10:41,322 23560 INFO asset_001 odoo.modules.loading: loading account_accountant/views/product_views.xml 
2024-07-19 11:10:41,390 23560 INFO asset_001 odoo.modules.loading: loading account_accountant/views/bank_rec_widget_views.xml 
2024-07-19 11:10:41,492 23560 INFO asset_001 odoo.modules.loading: loading account_accountant/wizard/account_change_lock_date.xml 
2024-07-19 11:10:41,513 23560 INFO asset_001 odoo.modules.loading: loading account_accountant/wizard/reconcile_model_wizard.xml 
2024-07-19 11:10:41,565 23560 INFO asset_001 odoo.modules.loading: Module account_accountant loaded in 1.41s, 925 queries (+925 other) 
2024-07-19 11:10:41,566 23560 INFO asset_001 odoo.modules.loading: Loading module account_edi (48/72) 
2024-07-19 11:10:41,711 23560 INFO asset_001 odoo.modules.registry: module account_edi: creating or updating database tables 
2024-07-19 11:10:41,894 23560 INFO asset_001 odoo.modules.loading: loading account_edi/security/ir.model.access.csv 
2024-07-19 11:10:41,907 23560 INFO asset_001 odoo.modules.loading: loading account_edi/views/account_edi_document_views.xml 
2024-07-19 11:10:41,931 23560 INFO asset_001 odoo.modules.loading: loading account_edi/views/account_move_views.xml 
2024-07-19 11:10:42,087 23560 INFO asset_001 odoo.modules.loading: loading account_edi/views/account_payment_views.xml 
2024-07-19 11:10:42,128 23560 INFO asset_001 odoo.modules.loading: loading account_edi/views/account_journal_views.xml 
2024-07-19 11:10:42,159 23560 INFO asset_001 odoo.modules.loading: loading account_edi/data/cron.xml 
2024-07-19 11:10:42,186 23560 INFO asset_001 odoo.modules.loading: Module account_edi loaded in 0.62s, 321 queries (+321 other) 
2024-07-19 11:10:42,186 23560 INFO asset_001 odoo.modules.loading: Loading module account_invoice_extract (49/72) 
2024-07-19 11:10:42,332 23560 INFO asset_001 odoo.modules.registry: module account_invoice_extract: creating or updating database tables 
2024-07-19 11:10:42,500 23560 INFO asset_001 odoo.modules.loading: loading account_invoice_extract/security/ir.model.access.csv 
2024-07-19 11:10:42,512 23560 INFO asset_001 odoo.modules.loading: loading account_invoice_extract/data/mail_template_data.xml 
2024-07-19 11:10:42,523 23560 INFO asset_001 odoo.modules.loading: loading account_invoice_extract/data/config_parameter_endpoint.xml 
2024-07-19 11:10:42,536 23560 INFO asset_001 odoo.modules.loading: loading account_invoice_extract/data/extraction_status.xml 
2024-07-19 11:10:42,621 23560 INFO asset_001 odoo.modules.loading: loading account_invoice_extract/data/res_config_settings_views.xml 
2024-07-19 11:10:42,686 23560 INFO asset_001 odoo.modules.loading: loading account_invoice_extract/data/crons.xml 
2024-07-19 11:10:42,718 23560 INFO asset_001 odoo.modules.loading: loading account_invoice_extract/views/account_move_views.xml 
2024-07-19 11:10:42,806 23560 INFO asset_001 odoo.modules.loading: Module account_invoice_extract loaded in 0.62s, 245 queries (+245 other) 
2024-07-19 11:10:42,807 23560 INFO asset_001 odoo.modules.loading: Loading module account_payment (50/72) 
2024-07-19 11:10:42,947 23560 INFO asset_001 odoo.modules.registry: module account_payment: creating or updating database tables 
2024-07-19 11:10:43,222 23560 INFO asset_001 odoo.modules.loading: loading account_payment/security/ir.model.access.csv 
2024-07-19 11:10:43,239 23560 INFO asset_001 odoo.modules.loading: loading account_payment/security/ir_rules.xml 
2024-07-19 11:10:43,254 23560 INFO asset_001 odoo.modules.loading: loading account_payment/views/account_payment_menus.xml 
2024-07-19 11:10:43,290 23560 INFO asset_001 odoo.modules.loading: loading account_payment/views/account_portal_templates.xml 
2024-07-19 11:10:43,355 23560 INFO asset_001 odoo.modules.loading: loading account_payment/views/payment_templates.xml 
2024-07-19 11:10:43,387 23560 INFO asset_001 odoo.modules.loading: loading account_payment/views/account_move_views.xml 
2024-07-19 11:10:43,454 23560 INFO asset_001 odoo.modules.loading: loading account_payment/views/account_journal_views.xml 
2024-07-19 11:10:43,489 23560 INFO asset_001 odoo.modules.loading: loading account_payment/views/account_payment_views.xml 
2024-07-19 11:10:43,526 23560 INFO asset_001 odoo.modules.loading: loading account_payment/views/payment_provider_views.xml 
2024-07-19 11:10:43,548 23560 INFO asset_001 odoo.modules.loading: loading account_payment/views/payment_transaction_views.xml 
2024-07-19 11:10:43,571 23560 INFO asset_001 odoo.modules.loading: loading account_payment/wizards/account_payment_register_views.xml 
2024-07-19 11:10:43,593 23560 INFO asset_001 odoo.modules.loading: loading account_payment/wizards/payment_link_wizard_views.xml 
2024-07-19 11:10:43,608 23560 INFO asset_001 odoo.modules.loading: loading account_payment/wizards/payment_refund_wizard_views.xml 
2024-07-19 11:10:43,646 23560 INFO asset_001 odoo.modules.loading: Module account_payment loaded in 0.84s, 442 queries (+442 other) 
2024-07-19 11:10:43,646 23560 INFO asset_001 odoo.modules.loading: Loading module account_sequence (51/72) 
2024-07-19 11:10:43,808 23560 INFO asset_001 odoo.modules.registry: module account_sequence: creating or updating database tables 
2024-07-19 11:10:43,928 23560 INFO asset_001 odoo.modules.loading: Module account_sequence loaded in 0.28s, 58 queries (+58 other) 
2024-07-19 11:10:43,929 23560 INFO asset_001 odoo.modules.loading: Loading module analytic_enterprise (52/72) 
2024-07-19 11:10:44,067 23560 INFO asset_001 odoo.modules.registry: module analytic_enterprise: creating or updating database tables 
2024-07-19 11:10:44,114 23560 INFO asset_001 odoo.modules.loading: loading analytic_enterprise/views/account_analytic_view.xml 
2024-07-19 11:10:44,148 23560 INFO asset_001 odoo.models.unlink: User #1 deleted ir.actions.act_window.view records with IDs: [29, 30, 31, 32, 33, 34] 
2024-07-19 11:10:44,163 23560 INFO asset_001 odoo.modules.loading: Module analytic_enterprise loaded in 0.23s, 70 queries (+70 other) 
2024-07-19 11:10:44,164 23560 INFO asset_001 odoo.modules.loading: Loading module currency_rate_live (53/72) 
2024-07-19 11:10:44,314 23560 INFO asset_001 odoo.modules.registry: module currency_rate_live: creating or updating database tables 
2024-07-19 11:10:44,421 23560 INFO asset_001 odoo.modules.loading: loading currency_rate_live/views/res_config_settings_views.xml 
2024-07-19 11:10:44,483 23560 INFO asset_001 odoo.modules.loading: loading currency_rate_live/views/service_cron_data.xml 
2024-07-19 11:10:44,529 23560 INFO asset_001 odoo.modules.loading: Module currency_rate_live loaded in 0.37s, 112 queries (+112 other) 
2024-07-19 11:10:44,529 23560 INFO asset_001 odoo.modules.loading: Loading module snailmail_account (54/72) 
2024-07-19 11:10:44,776 23560 INFO asset_001 odoo.modules.registry: module snailmail_account: creating or updating database tables 
2024-07-19 11:10:44,875 23560 INFO asset_001 odoo.modules.loading: loading snailmail_account/views/res_config_settings_views.xml 
2024-07-19 11:10:44,946 23560 INFO asset_001 odoo.modules.loading: loading snailmail_account/wizard/account_invoice_send_views.xml 
2024-07-19 11:10:44,977 23560 INFO asset_001 odoo.modules.loading: loading snailmail_account/security/ir.model.access.csv 
2024-07-19 11:10:45,008 23560 INFO asset_001 odoo.modules.loading: Module snailmail_account loaded in 0.48s, 124 queries (+124 other) 
2024-07-19 11:10:45,008 23560 INFO asset_001 odoo.modules.loading: Loading module spreadsheet_account (55/72) 
2024-07-19 11:10:45,174 23560 INFO asset_001 odoo.modules.registry: module spreadsheet_account: creating or updating database tables 
2024-07-19 11:10:45,265 23560 INFO asset_001 odoo.modules.loading: Module spreadsheet_account loaded in 0.26s, 53 queries (+53 other) 
2024-07-19 11:10:45,265 23560 INFO asset_001 odoo.modules.loading: Loading module spreadsheet_dashboard_account (56/72) 
2024-07-19 11:10:45,448 23560 INFO asset_001 odoo.modules.loading: loading spreadsheet_dashboard_account/data/dashboards.xml 
2024-07-19 11:10:45,625 23560 INFO asset_001 odoo.modules.loading: Module spreadsheet_dashboard_account loaded in 0.36s, 32 queries (+32 other) 
2024-07-19 11:10:45,625 23560 INFO asset_001 odoo.modules.loading: Loading module account_auto_transfer (57/72) 
2024-07-19 11:10:45,774 23560 INFO asset_001 odoo.modules.registry: module account_auto_transfer: creating or updating database tables 
2024-07-19 11:10:45,897 23560 INFO asset_001 odoo.modules.loading: loading account_auto_transfer/security/account_auto_transfer_security.xml 
2024-07-19 11:10:45,912 23560 INFO asset_001 odoo.modules.loading: loading account_auto_transfer/security/ir.model.access.csv 
2024-07-19 11:10:45,941 23560 INFO asset_001 odoo.modules.loading: loading account_auto_transfer/data/cron.xml 
2024-07-19 11:10:45,965 23560 INFO asset_001 odoo.modules.loading: loading account_auto_transfer/views/transfer_model_views.xml 
2024-07-19 11:10:46,055 23560 INFO asset_001 odoo.modules.loading: Module account_auto_transfer loaded in 0.43s, 197 queries (+197 other) 
2024-07-19 11:10:46,055 23560 INFO asset_001 odoo.modules.loading: Loading module account_bank_statement_import (58/72) 
2024-07-19 11:10:46,314 23560 INFO asset_001 odoo.modules.registry: module account_bank_statement_import: creating or updating database tables 
2024-07-19 11:10:46,383 23560 INFO asset_001 odoo.modules.loading: loading account_bank_statement_import/views/account_bank_statement_import_view.xml 
2024-07-19 11:10:46,440 23560 INFO asset_001 odoo.modules.loading: Module account_bank_statement_import loaded in 0.38s, 96 queries (+96 other) 
2024-07-19 11:10:46,440 23560 INFO asset_001 odoo.modules.loading: Loading module account_base_import (59/72) 
2024-07-19 11:10:46,577 23560 INFO asset_001 odoo.modules.registry: module account_base_import: creating or updating database tables 
2024-07-19 11:10:46,646 23560 INFO asset_001 odoo.modules.loading: loading account_base_import/views/account_account_views.xml 
2024-07-19 11:10:46,670 23560 INFO asset_001 odoo.modules.loading: loading account_base_import/views/account_import_views.xml 
2024-07-19 11:10:46,685 23560 INFO asset_001 odoo.modules.loading: loading account_base_import/views/account_move_views.xml 
2024-07-19 11:10:46,692 23560 INFO asset_001 odoo.modules.loading: loading account_base_import/views/res_partner_views.xml 
2024-07-19 11:10:46,708 23560 INFO asset_001 odoo.modules.loading: loading account_base_import/wizard/setup_wizards_views.xml 
2024-07-19 11:10:46,732 23560 INFO asset_001 odoo.modules.loading: loading account_base_import/views/res_config_settings_views.xml 
2024-07-19 11:10:46,819 23560 INFO asset_001 odoo.modules.loading: Module account_base_import loaded in 0.38s, 160 queries (+160 other) 
2024-07-19 11:10:46,819 23560 INFO asset_001 odoo.modules.loading: Loading module account_edi_ubl_cii (60/72) 
2024-07-19 11:10:46,965 23560 INFO asset_001 odoo.modules.registry: module account_edi_ubl_cii: creating or updating database tables 
2024-07-19 11:10:47,038 23560 INFO asset_001 odoo.modules.loading: loading account_edi_ubl_cii/data/account_edi_data.xml 
2024-07-19 11:10:47,102 23560 INFO asset_001 odoo.modules.loading: loading account_edi_ubl_cii/data/cii_22_templates.xml 
2024-07-19 11:10:47,175 23560 INFO asset_001 odoo.modules.loading: loading account_edi_ubl_cii/data/ubl_20_templates.xml 
2024-07-19 11:10:47,260 23560 INFO asset_001 odoo.modules.loading: loading account_edi_ubl_cii/data/ubl_21_templates.xml 
2024-07-19 11:10:47,322 23560 INFO asset_001 odoo.modules.loading: Module account_edi_ubl_cii loaded in 0.50s, 293 queries (+293 other) 
2024-07-19 11:10:47,323 23560 INFO asset_001 odoo.modules.loading: Loading module account_online_synchronization (61/72) 
2024-07-19 11:10:47,480 23560 INFO asset_001 odoo.modules.registry: module account_online_synchronization: creating or updating database tables 
2024-07-19 11:10:47,756 23560 INFO asset_001 odoo.modules.loading: loading account_online_synchronization/data/config_parameter.xml 
2024-07-19 11:10:47,771 23560 INFO asset_001 odoo.modules.loading: loading account_online_synchronization/data/mail_activity_type_data.xml 
2024-07-19 11:10:47,788 23560 INFO asset_001 odoo.modules.loading: loading account_online_synchronization/security/ir.model.access.csv 
2024-07-19 11:10:47,816 23560 INFO asset_001 odoo.modules.loading: loading account_online_synchronization/security/account_online_sync_security.xml 
2024-07-19 11:10:47,827 23560 INFO asset_001 odoo.modules.loading: loading account_online_synchronization/views/account_online_sync.xml 
2024-07-19 11:10:47,916 23560 INFO asset_001 odoo.modules.loading: loading account_online_synchronization/wizard/account_link_journal_wizard.xml 
2024-07-19 11:10:47,963 23560 INFO asset_001 odoo.modules.loading: Module account_online_synchronization loaded in 0.64s, 265 queries (+265 other) 
2024-07-19 11:10:47,963 23560 INFO asset_001 odoo.modules.loading: Loading module account_payment_invoice_online_payment_patch (62/72) 
2024-07-19 11:10:48,110 23560 INFO asset_001 odoo.modules.registry: module account_payment_invoice_online_payment_patch: creating or updating database tables 
2024-07-19 11:10:48,219 23560 INFO asset_001 odoo.modules.loading: loading account_payment_invoice_online_payment_patch/data/ir_config_parameter.xml 
2024-07-19 11:10:48,235 23560 INFO asset_001 odoo.modules.loading: loading account_payment_invoice_online_payment_patch/views/account_portal_templates.xml 
2024-07-19 11:10:48,287 23560 INFO asset_001 odoo.modules.loading: loading account_payment_invoice_online_payment_patch/wizards/res_config_settings_views.xml 
2024-07-19 11:10:48,365 23560 INFO asset_001 odoo.modules.loading: Module account_payment_invoice_online_payment_patch loaded in 0.40s, 151 queries (+151 other) 
2024-07-19 11:10:48,365 23560 INFO asset_001 odoo.modules.loading: Loading module account_predictive_bills (63/72) 
2024-07-19 11:10:48,520 23560 INFO asset_001 odoo.modules.registry: module account_predictive_bills: creating or updating database tables 
2024-07-19 11:10:48,666 23560 INFO asset_001 odoo.modules.loading: Module account_predictive_bills loaded in 0.30s, 81 queries (+81 other) 
2024-07-19 11:10:48,667 23560 INFO asset_001 odoo.modules.loading: Loading module account_reports (64/72) 
2024-07-19 11:10:48,829 23560 INFO asset_001 odoo.modules.registry: module account_reports: creating or updating database tables 
2024-07-19 11:10:49,387 23560 INFO asset_001 odoo.modules.loading: loading account_reports/security/ir.model.access.csv 
2024-07-19 11:10:49,425 23560 INFO asset_001 odoo.modules.loading: loading account_reports/views/report_templates.xml 
2024-07-19 11:10:49,703 23560 INFO asset_001 odoo.modules.loading: loading account_reports/data/balance_sheet.xml 
2024-07-19 11:10:49,951 23560 INFO asset_001 odoo.modules.loading: loading account_reports/data/cash_flow_report.xml 
2024-07-19 11:10:49,967 23560 INFO asset_001 odoo.modules.loading: loading account_reports/data/executive_summary.xml 
2024-07-19 11:10:50,118 23560 INFO asset_001 odoo.modules.loading: loading account_reports/data/profit_and_loss.xml 
2024-07-19 11:10:50,182 23560 INFO asset_001 odoo.modules.loading: loading account_reports/data/aged_partner_balance.xml 
2024-07-19 11:10:50,323 23560 INFO asset_001 odoo.modules.loading: loading account_reports/data/general_ledger.xml 
2024-07-19 11:10:50,385 23560 INFO asset_001 odoo.modules.loading: loading account_reports/data/bank_reconciliation_report.xml 
2024-07-19 11:10:50,451 23560 INFO asset_001 odoo.modules.loading: loading account_reports/data/trial_balance.xml 
2024-07-19 11:10:50,489 23560 INFO asset_001 odoo.modules.loading: loading account_reports/data/sales_report.xml 
2024-07-19 11:10:50,537 23560 INFO asset_001 odoo.modules.loading: loading account_reports/data/partner_ledger.xml 
2024-07-19 11:10:50,597 23560 INFO asset_001 odoo.modules.loading: loading account_reports/data/multicurrency_revaluation_report.xml 
2024-07-19 11:10:50,677 23560 INFO asset_001 odoo.modules.loading: loading account_reports/data/journal_report.xml 
2024-07-19 11:10:50,791 23560 INFO asset_001 odoo.modules.loading: loading account_reports/data/generic_tax_report.xml 
2024-07-19 11:10:50,816 23560 INFO asset_001 odoo.modules.loading: loading account_reports/views/account_report_view.xml 
2024-07-19 11:10:50,904 23560 INFO asset_001 odoo.modules.loading: loading account_reports/data/account_report_actions.xml 
2024-07-19 11:10:50,973 23560 INFO asset_001 odoo.modules.loading: loading account_reports/data/menuitems.xml 
2024-07-19 11:10:51,096 23560 INFO asset_001 odoo.modules.loading: loading account_reports/data/mail_activity_type_data.xml 
2024-07-19 11:10:51,115 23560 INFO asset_001 odoo.modules.loading: loading account_reports/views/account_move_views.xml 
2024-07-19 11:10:51,180 23560 INFO asset_001 odoo.modules.loading: loading account_reports/views/res_company_views.xml 
2024-07-19 11:10:51,214 23560 INFO asset_001 odoo.modules.loading: loading account_reports/views/partner_view.xml 
2024-07-19 11:10:51,266 23560 INFO asset_001 odoo.modules.loading: loading account_reports/views/account_journal_dashboard_view.xml 
2024-07-19 11:10:51,301 23560 INFO asset_001 odoo.modules.loading: loading account_reports/views/mail_activity_views.xml 
2024-07-19 11:10:51,324 23560 INFO asset_001 odoo.modules.loading: loading account_reports/views/res_config_settings_views.xml 
2024-07-19 11:10:51,418 23560 INFO asset_001 odoo.modules.loading: loading account_reports/wizard/multicurrency_revaluation.xml 
2024-07-19 11:10:51,442 23560 INFO asset_001 odoo.modules.loading: loading account_reports/wizard/report_export_wizard.xml 
2024-07-19 11:10:51,459 23560 INFO asset_001 odoo.modules.loading: loading account_reports/wizard/fiscal_year.xml 
2024-07-19 11:10:51,485 23560 INFO asset_001 odoo.modules.loading: loading account_reports/views/account_activity.xml 
2024-07-19 11:10:51,572 23560 INFO asset_001 odoo.modules.loading: loading account_reports/views/account_account_views.xml 
2024-07-19 11:10:51,598 23560 INFO asset_001 odoo.modules.loading: loading account_reports/views/account_tax_views.xml 
2024-07-19 11:10:51,825 23560 INFO asset_001 odoo.modules.loading: Module account_reports loaded in 3.16s, 2555 queries (+2555 other) 
2024-07-19 11:10:51,825 23560 INFO asset_001 odoo.modules.loading: Loading module spreadsheet_dashboard_account_accountant (65/72) 
2024-07-19 11:10:52,019 23560 INFO asset_001 odoo.modules.loading: loading spreadsheet_dashboard_account_accountant/data/dashboards.xml 
2024-07-19 11:10:52,184 23560 INFO asset_001 odoo.modules.loading: Module spreadsheet_dashboard_account_accountant loaded in 0.36s, 40 queries (+40 other) 
2024-07-19 11:10:52,184 23560 INFO asset_001 odoo.modules.loading: Loading module account_asset (66/72) 
2024-07-19 11:10:52,359 23560 INFO asset_001 odoo.modules.registry: module account_asset: creating or updating database tables 
2024-07-19 11:10:52,635 23560 INFO asset_001 odoo.modules.loading: loading account_asset/security/account_asset_security.xml 
2024-07-19 11:10:52,647 23560 INFO asset_001 odoo.modules.loading: loading account_asset/security/ir.model.access.csv 
2024-07-19 11:10:52,677 23560 INFO asset_001 odoo.modules.loading: loading account_asset/wizard/asset_modify_views.xml 
2024-07-19 11:10:52,729 23560 INFO asset_001 odoo.modules.loading: loading account_asset/views/account_account_views.xml 
2024-07-19 11:10:52,810 23560 INFO asset_001 odoo.modules.loading: loading account_asset/views/account_asset_views.xml 
2024-07-19 11:10:52,928 23560 INFO asset_001 odoo.models.unlink: User #1 deleted ir.actions.act_window.view records with IDs: [35, 36, 37] 
2024-07-19 11:10:52,941 23560 INFO asset_001 odoo.models.unlink: User #1 deleted ir.actions.act_window.view records with IDs: [38, 39, 40] 
2024-07-19 11:10:52,997 23560 INFO asset_001 odoo.modules.loading: loading account_asset/views/account_deferred_revenue.xml 
2024-07-19 11:10:53,070 23560 INFO asset_001 odoo.models.unlink: User #1 deleted ir.actions.act_window.view records with IDs: [41, 42, 43] 
2024-07-19 11:10:53,081 23560 INFO asset_001 odoo.models.unlink: User #1 deleted ir.actions.act_window.view records with IDs: [44, 45, 46] 
2024-07-19 11:10:53,095 23560 INFO asset_001 odoo.modules.loading: loading account_asset/views/account_deferred_expense.xml 
2024-07-19 11:10:53,182 23560 INFO asset_001 odoo.models.unlink: User #1 deleted ir.actions.act_window.view records with IDs: [47, 48, 49] 
2024-07-19 11:10:53,343 23560 INFO asset_001 odoo.models.unlink: User #1 deleted ir.actions.act_window.view records with IDs: [50, 51, 52] 
2024-07-19 11:10:53,361 23560 INFO asset_001 odoo.modules.loading: loading account_asset/views/account_move_views.xml 
2024-07-19 11:10:53,490 23560 INFO asset_001 odoo.modules.loading: loading account_asset/data/asset_report.xml 
2024-07-19 11:10:53,565 23560 INFO asset_001 odoo.modules.loading: loading account_asset/data/account_report_actions.xml 
2024-07-19 11:10:53,576 23560 INFO asset_001 odoo.modules.loading: loading account_asset/data/menuitems.xml 
2024-07-19 11:10:53,616 23560 INFO asset_001 odoo.modules.loading: Module account_asset loaded in 1.43s, 777 queries (+777 other) 
2024-07-19 11:10:53,616 23560 INFO asset_001 odoo.modules.loading: Loading module account_bank_statement_import_camt (67/72) 
2024-07-19 11:10:53,793 23560 INFO asset_001 odoo.modules.registry: module account_bank_statement_import_camt: creating or updating database tables 
2024-07-19 11:10:53,869 23560 INFO asset_001 odoo.modules.loading: Module account_bank_statement_import_camt loaded in 0.25s, 42 queries (+42 other) 
2024-07-19 11:10:53,869 23560 INFO asset_001 odoo.modules.loading: Loading module account_bank_statement_import_csv (68/72) 
2024-07-19 11:10:54,052 23560 INFO asset_001 odoo.modules.registry: module account_bank_statement_import_csv: creating or updating database tables 
2024-07-19 11:10:54,146 23560 INFO asset_001 odoo.modules.loading: Module account_bank_statement_import_csv loaded in 0.28s, 46 queries (+46 other) 
2024-07-19 11:10:54,147 23560 INFO asset_001 odoo.modules.loading: Loading module account_bank_statement_import_ofx (69/72) 
2024-07-19 11:10:54,320 23560 INFO asset_001 odoo.modules.registry: module account_bank_statement_import_ofx: creating or updating database tables 
2024-07-19 11:10:54,404 23560 INFO asset_001 odoo.modules.loading: Module account_bank_statement_import_ofx loaded in 0.26s, 42 queries (+42 other) 
2024-07-19 11:10:54,404 23560 INFO asset_001 odoo.modules.loading: Loading module account_followup (70/72) 
2024-07-19 11:10:54,685 23560 INFO asset_001 odoo.modules.registry: module account_followup: creating or updating database tables 
2024-07-19 11:10:54,854 23560 INFO asset_001 odoo.modules.loading: loading account_followup/security/account_followup_security.xml 
2024-07-19 11:10:54,869 23560 INFO asset_001 odoo.modules.loading: loading account_followup/security/ir.model.access.csv 
2024-07-19 11:10:54,897 23560 INFO asset_001 odoo.modules.loading: loading account_followup/security/sms_security.xml 
2024-07-19 11:10:54,910 23560 INFO asset_001 odoo.modules.loading: loading account_followup/data/account_followup_data.xml 
2024-07-19 11:10:54,966 23560 INFO asset_001 odoo.modules.loading: loading account_followup/data/cron.xml 
2024-07-19 11:10:54,996 23560 INFO asset_001 odoo.modules.loading: loading account_followup/wizard/followup_manual_reminder_views.xml 
2024-07-19 11:10:55,034 23560 INFO asset_001 odoo.modules.loading: loading account_followup/views/account_followup_views.xml 
2024-07-19 11:10:55,101 23560 INFO asset_001 odoo.models.unlink: User #1 deleted ir.actions.act_window.view records with IDs: [53, 54] 
2024-07-19 11:10:55,110 23560 INFO asset_001 odoo.modules.loading: loading account_followup/views/account_followup_line_views.xml 
2024-07-19 11:10:55,153 23560 INFO asset_001 odoo.modules.loading: loading account_followup/views/partner_view.xml 
2024-07-19 11:10:55,198 23560 INFO asset_001 odoo.modules.loading: loading account_followup/views/report_followup.xml 
2024-07-19 11:10:55,258 23560 INFO asset_001 odoo.modules.loading: loading account_followup/views/account_journal_dashboard_view.xml 
2024-07-19 11:10:55,298 23560 INFO asset_001 odoo.modules.loading: Module account_followup loaded in 0.89s, 433 queries (+433 other) 
2024-07-19 11:10:55,298 23560 INFO asset_001 odoo.modules.loading: Loading module account_reports_tax_reminder (71/72) 
2024-07-19 11:10:55,468 23560 INFO asset_001 odoo.modules.registry: module account_reports_tax_reminder: creating or updating database tables 
2024-07-19 11:10:55,559 23560 INFO asset_001 odoo.modules.loading: loading account_reports_tax_reminder/data/mail_activity_type_data.xml 
2024-07-19 11:10:55,590 23560 INFO asset_001 odoo.modules.loading: Module account_reports_tax_reminder loaded in 0.29s, 65 queries (+65 other) 
2024-07-19 11:10:55,590 23560 INFO asset_001 odoo.modules.loading: Loading module snailmail_account_followup (72/72) 
2024-07-19 11:10:55,748 23560 INFO asset_001 odoo.modules.registry: module snailmail_account_followup: creating or updating database tables 
2024-07-19 11:10:55,840 23560 INFO asset_001 odoo.modules.loading: loading snailmail_account_followup/data/account_followup_data.xml 
2024-07-19 11:10:55,853 23560 INFO asset_001 odoo.modules.loading: loading snailmail_account_followup/views/account_followup_views.xml 
2024-07-19 11:10:55,879 23560 INFO asset_001 odoo.modules.loading: loading snailmail_account_followup/views/assets.xml 
2024-07-19 11:10:55,901 23560 INFO asset_001 odoo.modules.loading: loading snailmail_account_followup/wizard/followup_manual_reminder_views.xml 
2024-07-19 11:10:55,946 23560 INFO asset_001 odoo.modules.loading: Module snailmail_account_followup loaded in 0.36s, 161 queries (+161 other) 
2024-07-19 11:10:55,947 23560 INFO asset_001 odoo.modules.loading: 72 modules loaded in 47.48s, 28221 queries (+28225 extra) 
2024-07-19 11:10:56,921 23560 INFO asset_001 odoo.modules.loading: Modules loaded. 
2024-07-19 11:10:56,933 23560 INFO asset_001 odoo.modules.registry: Registry loaded in 59.660s 
2024-07-19 11:10:56,934 23560 INFO asset_001 odoo.addons.base.models.ir_module: getting next ir.actions.todo() 
2024-07-19 11:10:57,034 23560 INFO asset_001 odoo.modules.registry: Registry changed, signaling through the database 
2024-07-19 11:10:57,301 23560 INFO asset_001 werkzeug: 127.0.0.1 - - [19/Jul/2024 11:10:57] "POST /web/dataset/call_button HTTP/1.1" 200 - 40322 28.592 33.927
2024-07-19 11:10:57,643 23560 INFO asset_001 odoo.addons.base.models.ir_http: Generating routing map for key None 
2024-07-19 11:10:59,327 23560 INFO asset_001 werkzeug: 127.0.0.1 - - [19/Jul/2024 11:10:59] "GET /web HTTP/1.1" 200 - 92 0.154 1.536
2024-07-19 11:10:59,359 23560 INFO asset_001 werkzeug: 127.0.0.1 - - [19/Jul/2024 11:10:59] "GET /web/webclient/load_menus/aefc12fc3e9b4105b309903e3fcc036d946500580407339233a5998df14888ea HTTP/1.1" 200 - 2 0.001 0.005
2024-07-19 11:10:59,978 23560 INFO asset_001 werkzeug: 127.0.0.1 - - [19/Jul/2024 11:10:59] "GET /bus/websocket_worker_bundle?v=1.0.5 HTTP/1.1" 304 - 6 0.006 0.013
2024-07-19 11:11:00,349 23560 INFO asset_001 werkzeug: 127.0.0.1 - - [19/Jul/2024 11:11:00] "POST /web/dataset/call_kw/res.users/systray_get_activities HTTP/1.1" 200 - 3 0.007 0.009
2024-07-19 11:11:00,360 23560 INFO ? werkzeug: 127.0.0.1 - - [19/Jul/2024 11:11:00] "GET /mail/static/src/audio/ting.ogg HTTP/1.1" 206 - 0 0.000 0.009
2024-07-19 11:11:00,381 23560 INFO asset_001 werkzeug: 127.0.0.1 - - [19/Jul/2024 11:11:00] "GET /web/image?model=res.users&field=avatar_128&id=2 HTTP/1.1" 304 - 12 0.016 0.020
2024-07-19 11:11:00,417 23560 INFO asset_001 werkzeug: 127.0.0.1 - - [19/Jul/2024 11:11:00] "POST /mail/init_messaging HTTP/1.1" 200 - 52 0.077 0.038
2024-07-19 11:11:00,420 23560 INFO asset_001 werkzeug: 127.0.0.1 - - [19/Jul/2024 11:11:00] "GET /websocket HTTP/1.1" 101 - 1 0.001 0.022
2024-07-19 11:11:00,575 23560 INFO asset_001 werkzeug: 127.0.0.1 - - [19/Jul/2024 11:11:00] "POST /mail/load_message_failures HTTP/1.1" 200 - 3 0.015 0.008
2024-07-19 11:11:34,854 23560 INFO asset_001 werkzeug: 127.0.0.1 - - [19/Jul/2024 11:11:34] "POST /web/action/load HTTP/1.1" 200 - 14 0.044 0.521
2024-07-19 11:11:35,871 23560 INFO asset_001 werkzeug: 127.0.0.1 - - [19/Jul/2024 11:11:35] "POST /web/dataset/call_kw/account.journal/get_views HTTP/1.1" 200 - 47 0.058 0.645
2024-07-19 11:11:35,915 23560 INFO asset_001 werkzeug: 127.0.0.1 - - [19/Jul/2024 11:11:35] "POST /web/dataset/call_kw/account.journal/web_search_read HTTP/1.1" 200 - 6 0.010 0.010
2024-07-19 11:11:36,323 23560 INFO asset_001 werkzeug: 127.0.0.1 - - [19/Jul/2024 11:11:36] "POST /account/account_dashboard_onboarding HTTP/1.1" 200 - 30 0.041 0.050
2024-07-19 11:11:36,490 23560 INFO ? werkzeug: 127.0.0.1 - - [19/Jul/2024 11:11:36] "GET /account/static/src/img/account_dashboard_onboarding_bg.jpg HTTP/1.1" 200 - 0 0.000 0.006
2024-07-19 11:11:36,677 23560 INFO ? werkzeug: 127.0.0.1 - - [19/Jul/2024 11:11:36] "GET /web/static/img/neutral_face.svg HTTP/1.1" 200 - 0 0.000 0.012
2024-07-19 11:14:42,962 23560 INFO ? werkzeug: 10.0.0.36 - - [19/Jul/2024 11:14:42] "GET /web/login HTTP/1.1" 303 - 2 0.067 0.396
2024-07-19 11:14:44,260 23560 INFO ? werkzeug: 10.0.0.36 - - [19/Jul/2024 11:14:44] "GET /web/database/selector HTTP/1.1" 200 - 6 0.087 1.207
2024-07-19 11:14:45,266 23560 INFO ? werkzeug: 10.0.0.36 - - [19/Jul/2024 11:14:45] "GET /web/static/lib/bootstrap/js/dist/dom/data.js HTTP/1.1" 200 - 1 0.018 0.928
2024-07-19 11:14:45,275 23560 INFO ? werkzeug: 10.0.0.36 - - [19/Jul/2024 11:14:45] "GET /web/static/lib/bootstrap/js/dist/dom/manipulator.js HTTP/1.1" 200 - 1 0.012 0.940
2024-07-19 11:14:45,278 23560 INFO ? werkzeug: 10.0.0.36 - - [19/Jul/2024 11:14:45] "GET /web/static/src/libs/fontawesome/css/font-awesome.css HTTP/1.1" 200 - 1 0.010 0.961
2024-07-19 11:14:45,284 23560 INFO ? werkzeug: 10.0.0.36 - - [19/Jul/2024 11:14:45] "GET /web/static/lib/bootstrap/js/dist/dom/event-handler.js HTTP/1.1" 200 - 1 0.011 0.952
2024-07-19 11:14:45,310 23560 INFO ? werkzeug: 10.0.0.36 - - [19/Jul/2024 11:14:45] "GET /web/static/lib/jquery/jquery.js HTTP/1.1" 200 - 1 0.014 0.978
2024-07-19 11:14:45,312 23560 INFO ? werkzeug: 10.0.0.36 - - [19/Jul/2024 11:14:45] "GET /web/static/lib/bootstrap/dist/css/bootstrap.css HTTP/1.1" 200 - 1 0.013 0.981
2024-07-19 11:14:46,148 23560 INFO ? werkzeug: 10.0.0.36 - - [19/Jul/2024 11:14:46] "GET /web/static/lib/bootstrap/js/dist/dom/selector-engine.js HTTP/1.1" 200 - 1 0.013 0.864
2024-07-19 11:14:46,150 23560 INFO ? werkzeug: 10.0.0.36 - - [19/Jul/2024 11:14:46] "GET /web/static/src/public/database_manager.js HTTP/1.1" 200 - 1 0.012 0.852
2024-07-19 11:14:46,151 23560 INFO ? werkzeug: 10.0.0.36 - - [19/Jul/2024 11:14:46] "GET /web/static/img/logo2.png HTTP/1.1" 200 - 1 0.013 0.815
2024-07-19 11:14:46,153 23560 INFO ? werkzeug: 10.0.0.36 - - [19/Jul/2024 11:14:46] "GET /web/static/lib/bootstrap/js/dist/modal.js HTTP/1.1" 200 - 1 0.011 0.861
2024-07-19 11:14:46,153 23560 INFO ? werkzeug: 10.0.0.36 - - [19/Jul/2024 11:14:46] "GET /web/static/lib/bootstrap/js/dist/base-component.js HTTP/1.1" 200 - 1 0.013 0.862
2024-07-19 12:11:49,371 23560 INFO Asset werkzeug: 127.0.0.1 - - [19/Jul/2024 12:11:49] "GET /websocket HTTP/1.1" 101 - 1 0.002 0.027
2024-07-19 12:12:17,813 23560 INFO ? odoo.service.server: Initiating shutdown 
2024-07-19 12:12:17,813 23560 INFO ? odoo.service.server: Hit CTRL-C again or send a second signal to force the shutdown. 
2024-07-19 12:12:17,922 23560 INFO ? odoo.sql_db: ConnectionPool(used=0/count=0/max=64): Closed 11 connections  
2024-07-19 12:12:39,163 37804 INFO ? odoo: Odoo version 16.0+e-20240716 
2024-07-19 12:12:39,163 37804 INFO ? odoo: Using configuration file at C:\Odoo16\server\odoo.conf 
2024-07-19 12:12:39,163 37804 INFO ? odoo: addons paths: ['C:\\Odoo16\\server\\odoo\\addons', 'c:\\odoo16\\sessions\\addons\\16.0', 'c:\\odoo16\\server\\odoo\\addons', 'c:\\odoo16\\server\\custom_addons'] 
2024-07-19 12:12:39,163 37804 INFO ? odoo: database: openpg@localhost:5432 
2024-07-19 12:12:40,637 37804 INFO ? odoo.addons.base.models.ir_actions_report: Will use the Wkhtmltopdf binary at C:\Odoo16\thirdparty\wkhtmltopdf.exe 
2024-07-19 12:12:44,360 37804 INFO ? odoo.service.server: HTTP service (werkzeug) running on UMDMPASTEL.umdm.gov.za:8069 
2024-07-19 12:12:47,908 37804 INFO Asset odoo.modules.loading: loading 1 modules... 
2024-07-19 12:12:47,920 37804 INFO Asset odoo.modules.loading: 1 modules loaded in 0.01s, 0 queries (+0 extra) 
2024-07-19 12:12:48,073 37804 INFO Asset odoo.modules.loading: loading 13 modules... 
2024-07-19 12:12:49,628 37804 INFO Asset odoo.modules.loading: 13 modules loaded in 1.56s, 0 queries (+0 extra) 
2024-07-19 12:12:49,831 37804 INFO Asset odoo.modules.loading: Modules loaded. 
2024-07-19 12:12:49,911 37804 INFO Asset odoo.modules.registry: Registry loaded in 2.523s 
2024-07-19 12:12:49,915 37804 INFO Asset odoo.addons.base.models.ir_http: Generating routing map for key None 
2024-07-19 12:12:50,415 37804 INFO Asset werkzeug: 127.0.0.1 - - [19/Jul/2024 12:12:50] "GET /websocket HTTP/1.1" 101 - 22 0.880 2.155
2024-07-19 12:12:50,457 37804 INFO ? odoo.addons.bus.models.bus: Bus.loop listen imbus on db postgres 
2024-07-19 12:13:04,414 37804 INFO ? werkzeug: 10.0.0.36 - - [19/Jul/2024 12:13:04] "GET / HTTP/1.1" 303 - 1 0.083 0.249
2024-07-19 12:13:04,938 37804 INFO ? werkzeug: 10.0.0.36 - - [19/Jul/2024 12:13:04] "GET /web HTTP/1.1" 303 - 2 0.033 0.485
2024-07-19 12:13:17,622 37804 INFO ? werkzeug: 10.0.0.36 - - [19/Jul/2024 12:13:17] "GET /web/database/selector HTTP/1.1" 200 - 6 0.184 12.492
2024-07-19 12:13:21,225 37804 INFO ? werkzeug: 10.0.0.36 - - [19/Jul/2024 12:13:21] "GET /web?db=asset_001 HTTP/1.1" 302 - 1 0.016 0.463
2024-07-19 12:13:21,242 37804 INFO ? werkzeug: 10.0.0.36 - - [19/Jul/2024 12:13:21] "GET /web?db=asset_001 HTTP/1.1" 302 - 1 0.020 0.311
2024-07-19 12:13:21,407 37804 INFO asset_001 odoo.modules.loading: loading 1 modules... 
2024-07-19 12:13:21,419 37804 INFO asset_001 odoo.modules.loading: 1 modules loaded in 0.01s, 0 queries (+0 extra) 
2024-07-19 12:13:21,430 37804 INFO asset_001 odoo.modules.loading: loading 72 modules... 
2024-07-19 12:13:31,623 37804 INFO asset_001 odoo.modules.loading: 72 modules loaded in 10.19s, 0 queries (+0 extra) 
2024-07-19 12:13:31,872 37804 INFO asset_001 odoo.modules.loading: Modules loaded. 
2024-07-19 12:13:31,956 37804 INFO asset_001 odoo.modules.registry: Registry loaded in 10.699s 
2024-07-19 12:13:31,959 37804 INFO asset_001 odoo.addons.base.models.ir_http: Generating routing map for key None 
2024-07-19 12:13:32,354 37804 INFO asset_001 werkzeug: 10.0.0.36 - - [19/Jul/2024 12:13:32] "GET /web?db=asset_001 HTTP/1.1" 303 - 21 0.576 10.530
2024-07-19 12:13:33,905 37804 INFO asset_001 werkzeug: 10.0.0.36 - - [19/Jul/2024 12:13:33] "GET /web/login HTTP/1.1" 200 - 61 0.435 1.107
2024-07-19 12:13:34,470 37804 INFO asset_001 werkzeug: 10.0.0.36 - - [19/Jul/2024 12:13:34] "GET /web/assets/121-ab7d389/web.assets_frontend.min.css HTTP/1.1" 200 - 5 0.018 0.412
2024-07-19 12:13:34,516 37804 INFO asset_001 werkzeug: 10.0.0.36 - - [19/Jul/2024 12:13:34] "GET /web/assets/122-33c5310/web.assets_frontend_minimal.min.js HTTP/1.1" 200 - 5 0.003 0.022
2024-07-19 12:13:34,535 37804 INFO asset_001 werkzeug: 10.0.0.36 - - [19/Jul/2024 12:13:34] "GET /web/binary/company_logo HTTP/1.1" 200 - 2 0.070 0.423
2024-07-19 12:13:34,697 37804 INFO asset_001 werkzeug: 10.0.0.36 - - [19/Jul/2024 12:13:34] "GET /web/assets/123-df2f020/web.assets_frontend_lazy.min.js HTTP/1.1" 200 - 5 0.021 0.085
2024-07-19 12:13:34,996 37804 INFO asset_001 werkzeug: 10.0.0.36 - - [19/Jul/2024 12:13:34] "GET /website/translations/a0904ff8e2c6bfa6bb5d9f87c1ef6d45fe749aa6 HTTP/1.1" 200 - 11 0.074 0.035
2024-07-19 12:14:08,131 37804 INFO asset_001 odoo.addons.base.models.res_users: Login successful for db:asset_001 login:admin from 10.0.0.36 
2024-07-19 12:14:08,209 37804 INFO asset_001 odoo.modules.registry: At least one model cache has been invalidated, signaling through the database. 
2024-07-19 12:14:08,212 37804 INFO asset_001 werkzeug: 10.0.0.36 - - [19/Jul/2024 12:14:08] "POST /web/login HTTP/1.1" 303 - 51 0.470 1.045
2024-07-19 12:14:10,239 37804 INFO asset_001 werkzeug: 10.0.0.36 - - [19/Jul/2024 12:14:10] "GET /web HTTP/1.1" 200 - 94 0.459 1.559
2024-07-19 12:14:10,903 37804 INFO asset_001 werkzeug: 10.0.0.36 - - [19/Jul/2024 12:14:10] "GET /web/webclient/load_menus/aefc12fc3e9b4105b309903e3fcc036d946500580407339233a5998df14888ea HTTP/1.1" 200 - 2 0.018 0.601
2024-07-19 12:14:10,908 37804 INFO asset_001 werkzeug: 10.0.0.36 - - [19/Jul/2024 12:14:10] "GET /web/assets/127-c693be3/web.assets_backend.min.js HTTP/1.1" 200 - 4 0.006 0.618
2024-07-19 12:14:10,909 37804 INFO asset_001 werkzeug: 10.0.0.36 - - [19/Jul/2024 12:14:10] "GET /web/assets/128-1b3aeae/web.assets_backend_prod_only.min.js HTTP/1.1" 200 - 4 0.022 0.603
2024-07-19 12:14:10,922 37804 INFO asset_001 werkzeug: 10.0.0.36 - - [19/Jul/2024 12:14:10] "GET /web/webclient/translations/53f02201b96c4c9d9906226762ee8d95b9e6376e?lang=en_US HTTP/1.1" 200 - 3 0.004 0.006
2024-07-19 12:14:10,967 37804 INFO asset_001 werkzeug: 10.0.0.36 - - [19/Jul/2024 12:14:10] "GET /web/assets/124-9fcbc49/web.assets_common.min.css HTTP/1.1" 200 - 4 0.025 0.665
2024-07-19 12:14:10,979 37804 INFO asset_001 werkzeug: 10.0.0.36 - - [19/Jul/2024 12:14:10] "GET /web/assets/126-9fcbc49/web.assets_common.min.js HTTP/1.1" 200 - 4 0.004 0.693
2024-07-19 12:14:10,988 37804 INFO asset_001 werkzeug: 10.0.0.36 - - [19/Jul/2024 12:14:10] "GET /web/assets/125-c693be3/web.assets_backend.min.css HTTP/1.1" 200 - 4 0.026 0.680
2024-07-19 12:14:11,806 37804 INFO asset_001 werkzeug: 10.0.0.36 - - [19/Jul/2024 12:14:11] "GET /web/webclient/locale/en_US HTTP/1.1" 200 - 1 0.001 0.022
2024-07-19 12:14:11,810 37804 INFO ? werkzeug: 10.0.0.36 - - [19/Jul/2024 12:14:11] "GET /mail/static/src/audio/ting.ogg HTTP/1.1" 206 - 0 0.000 0.024
2024-07-19 12:14:11,852 37804 INFO asset_001 werkzeug: 10.0.0.36 - - [19/Jul/2024 12:14:11] "GET /bus/websocket_worker_bundle?v=1.0.5 HTTP/1.1" 200 - 5 0.024 0.037
2024-07-19 12:14:11,922 37804 INFO asset_001 werkzeug: 10.0.0.36 - - [19/Jul/2024 12:14:11] "GET /web/image?model=res.users&field=avatar_128&id=2 HTTP/1.1" 200 - 16 0.020 0.024
2024-07-19 12:14:11,946 37804 INFO asset_001 werkzeug: 10.0.0.36 - - [19/Jul/2024 12:14:11] "GET /websocket HTTP/1.1" 101 - 1 0.001 0.038
2024-07-19 12:14:11,960 37804 ERROR asset_001 odoo.http: Exception during request handling. 
Traceback (most recent call last):
  File "C:\Odoo16\server\odoo\http.py", line 2044, in __call__
    response = request._serve_db()
               ^^^^^^^^^^^^^^^^^^^
  File "C:\Odoo16\server\odoo\http.py", line 1632, in _serve_db
    return service_model.retrying(self._serve_ir_http, self.env)
           ^^^^^^^^^^^^^^^^^^^^^^^^^^^^^^^^^^^^^^^^^^^^^^^^^^^^^
  File "C:\Odoo16\server\odoo\service\model.py", line 133, in retrying
    result = func()
             ^^^^^^
  File "C:\Odoo16\server\odoo\http.py", line 1659, in _serve_ir_http
    response = self.dispatcher.dispatch(rule.endpoint, args)
               ^^^^^^^^^^^^^^^^^^^^^^^^^^^^^^^^^^^^^^^^^^^^^
  File "C:\Odoo16\server\odoo\http.py", line 1773, in dispatch
    return self.request.registry['ir.http']._dispatch(endpoint)
           ^^^^^^^^^^^^^^^^^^^^^^^^^^^^^^^^^^^^^^^^^^^^^^^^^^^^
  File "C:\Odoo16\server\odoo\addons\base\models\ir_http.py", line 154, in _dispatch
    result = endpoint(**request.params)
             ^^^^^^^^^^^^^^^^^^^^^^^^^^
  File "C:\Odoo16\server\odoo\http.py", line 716, in route_wrapper
    result = endpoint(self, *args, **params_ok)
             ^^^^^^^^^^^^^^^^^^^^^^^^^^^^^^^^^^
  File "C:\Odoo16\server\odoo\addons\web\controllers\binary.py", line 147, in content_image
    stream = request.env['ir.binary']._get_image_stream_from(
             ^^^^^^^^^^^^^^^^^^^^^^^^^^^^^^^^^^^^^^^^^^^^^^^^
  File "C:\Odoo16\server\odoo\addons\base\models\ir_binary.py", line 205, in _get_image_stream_from
    stream = self._get_stream_from(
             ^^^^^^^^^^^^^^^^^^^^^^
  File "C:\Odoo16\server\odoo\addons\base\models\ir_binary.py", line 129, in _get_stream_from
    stream = self._record_to_stream(record, field_name)
             ^^^^^^^^^^^^^^^^^^^^^^^^^^^^^^^^^^^^^^^^^^
  File "C:\Odoo16\server\odoo\addons\base\models\ir_binary.py", line 90, in _record_to_stream
    return Stream.from_attachment(field_attachment)
           ^^^^^^^^^^^^^^^^^^^^^^^^^^^^^^^^^^^^^^^^
  File "C:\Odoo16\server\odoo\http.py", line 486, in from_attachment
    stat = os.stat(self.path)
           ^^^^^^^^^^^^^^^^^^
FileNotFoundError: [WinError 2] The system cannot find the file specified: 'c:\\odoo16\\sessions\\filestore\\asset_001/d0/d09086a0794cf3070f12e742f27126254b4e2b5a'
2024-07-19 12:14:11,983 37804 INFO asset_001 werkzeug: 10.0.0.36 - - [19/Jul/2024 12:14:11] "POST /web/dataset/call_kw/res.users/systray_get_activities HTTP/1.1" 200 - 3 0.112 0.009
2024-07-19 12:14:12,038 37804 INFO asset_001 werkzeug: 10.0.0.36 - - [19/Jul/2024 12:14:12] "GET /web/image/res.company/1/favicon HTTP/1.1" 500 - 9 0.051 0.092
2024-07-19 12:14:12,057 37804 ERROR asset_001 odoo.http: Exception during request handling. 
Traceback (most recent call last):
  File "C:\Odoo16\server\odoo\http.py", line 2044, in __call__
    response = request._serve_db()
               ^^^^^^^^^^^^^^^^^^^
  File "C:\Odoo16\server\odoo\http.py", line 1632, in _serve_db
    return service_model.retrying(self._serve_ir_http, self.env)
           ^^^^^^^^^^^^^^^^^^^^^^^^^^^^^^^^^^^^^^^^^^^^^^^^^^^^^
  File "C:\Odoo16\server\odoo\service\model.py", line 133, in retrying
    result = func()
             ^^^^^^
  File "C:\Odoo16\server\odoo\http.py", line 1659, in _serve_ir_http
    response = self.dispatcher.dispatch(rule.endpoint, args)
               ^^^^^^^^^^^^^^^^^^^^^^^^^^^^^^^^^^^^^^^^^^^^^
  File "C:\Odoo16\server\odoo\http.py", line 1773, in dispatch
    return self.request.registry['ir.http']._dispatch(endpoint)
           ^^^^^^^^^^^^^^^^^^^^^^^^^^^^^^^^^^^^^^^^^^^^^^^^^^^^
  File "C:\Odoo16\server\odoo\addons\base\models\ir_http.py", line 154, in _dispatch
    result = endpoint(**request.params)
             ^^^^^^^^^^^^^^^^^^^^^^^^^^
  File "C:\Odoo16\server\odoo\http.py", line 716, in route_wrapper
    result = endpoint(self, *args, **params_ok)
             ^^^^^^^^^^^^^^^^^^^^^^^^^^^^^^^^^^
  File "C:\Odoo16\server\odoo\addons\web\controllers\binary.py", line 147, in content_image
    stream = request.env['ir.binary']._get_image_stream_from(
             ^^^^^^^^^^^^^^^^^^^^^^^^^^^^^^^^^^^^^^^^^^^^^^^^
  File "C:\Odoo16\server\odoo\addons\base\models\ir_binary.py", line 205, in _get_image_stream_from
    stream = self._get_stream_from(
             ^^^^^^^^^^^^^^^^^^^^^^
  File "C:\Odoo16\server\odoo\addons\base\models\ir_binary.py", line 129, in _get_stream_from
    stream = self._record_to_stream(record, field_name)
             ^^^^^^^^^^^^^^^^^^^^^^^^^^^^^^^^^^^^^^^^^^
  File "C:\Odoo16\server\odoo\addons\base\models\ir_binary.py", line 90, in _record_to_stream
    return Stream.from_attachment(field_attachment)
           ^^^^^^^^^^^^^^^^^^^^^^^^^^^^^^^^^^^^^^^^
  File "C:\Odoo16\server\odoo\http.py", line 486, in from_attachment
    stat = os.stat(self.path)
           ^^^^^^^^^^^^^^^^^^
FileNotFoundError: [WinError 2] The system cannot find the file specified: 'c:\\odoo16\\sessions\\filestore\\asset_001/d0/d09086a0794cf3070f12e742f27126254b4e2b5a'
2024-07-19 12:14:12,060 37804 INFO asset_001 werkzeug: 10.0.0.36 - - [19/Jul/2024 12:14:12] "GET /web/image/res.company/1/favicon HTTP/1.1" 500 - 4 0.002 0.015
2024-07-19 12:14:12,081 37804 ERROR asset_001 odoo.http: Exception during request handling. 
Traceback (most recent call last):
  File "C:\Odoo16\server\odoo\http.py", line 2044, in __call__
    response = request._serve_db()
               ^^^^^^^^^^^^^^^^^^^
  File "C:\Odoo16\server\odoo\http.py", line 1632, in _serve_db
    return service_model.retrying(self._serve_ir_http, self.env)
           ^^^^^^^^^^^^^^^^^^^^^^^^^^^^^^^^^^^^^^^^^^^^^^^^^^^^^
  File "C:\Odoo16\server\odoo\service\model.py", line 133, in retrying
    result = func()
             ^^^^^^
  File "C:\Odoo16\server\odoo\http.py", line 1659, in _serve_ir_http
    response = self.dispatcher.dispatch(rule.endpoint, args)
               ^^^^^^^^^^^^^^^^^^^^^^^^^^^^^^^^^^^^^^^^^^^^^
  File "C:\Odoo16\server\odoo\http.py", line 1773, in dispatch
    return self.request.registry['ir.http']._dispatch(endpoint)
           ^^^^^^^^^^^^^^^^^^^^^^^^^^^^^^^^^^^^^^^^^^^^^^^^^^^^
  File "C:\Odoo16\server\odoo\addons\base\models\ir_http.py", line 154, in _dispatch
    result = endpoint(**request.params)
             ^^^^^^^^^^^^^^^^^^^^^^^^^^
  File "C:\Odoo16\server\odoo\http.py", line 716, in route_wrapper
    result = endpoint(self, *args, **params_ok)
             ^^^^^^^^^^^^^^^^^^^^^^^^^^^^^^^^^^
  File "C:\Odoo16\server\odoo\addons\web\controllers\binary.py", line 147, in content_image
    stream = request.env['ir.binary']._get_image_stream_from(
             ^^^^^^^^^^^^^^^^^^^^^^^^^^^^^^^^^^^^^^^^^^^^^^^^
  File "C:\Odoo16\server\odoo\addons\base\models\ir_binary.py", line 205, in _get_image_stream_from
    stream = self._get_stream_from(
             ^^^^^^^^^^^^^^^^^^^^^^
  File "C:\Odoo16\server\odoo\addons\base\models\ir_binary.py", line 129, in _get_stream_from
    stream = self._record_to_stream(record, field_name)
             ^^^^^^^^^^^^^^^^^^^^^^^^^^^^^^^^^^^^^^^^^^
  File "C:\Odoo16\server\odoo\addons\base\models\ir_binary.py", line 90, in _record_to_stream
    return Stream.from_attachment(field_attachment)
           ^^^^^^^^^^^^^^^^^^^^^^^^^^^^^^^^^^^^^^^^
  File "C:\Odoo16\server\odoo\http.py", line 486, in from_attachment
    stat = os.stat(self.path)
           ^^^^^^^^^^^^^^^^^^
FileNotFoundError: [WinError 2] The system cannot find the file specified: 'c:\\odoo16\\sessions\\filestore\\asset_001/d0/d09086a0794cf3070f12e742f27126254b4e2b5a'
2024-07-19 12:14:12,083 37804 INFO asset_001 werkzeug: 10.0.0.36 - - [19/Jul/2024 12:14:12] "GET /web/image/res.company/1/favicon HTTP/1.1" 500 - 4 0.004 0.010
2024-07-19 12:14:12,684 37804 INFO asset_001 werkzeug: 10.0.0.36 - - [19/Jul/2024 12:14:12] "POST /mail/init_messaging HTTP/1.1" 200 - 54 0.836 0.061
2024-07-19 12:14:12,785 37804 INFO asset_001 werkzeug: 10.0.0.36 - - [19/Jul/2024 12:14:12] "POST /mail/load_message_failures HTTP/1.1" 200 - 3 0.067 0.012
2024-07-19 12:14:24,774 37804 INFO asset_001 werkzeug: 10.0.0.36 - - [19/Jul/2024 12:14:24] "POST /web/action/load HTTP/1.1" 200 - 11 0.225 0.026
2024-07-19 12:14:25,094 37804 INFO asset_001 werkzeug: 10.0.0.36 - - [19/Jul/2024 12:14:25] "POST /web/dataset/call_kw/ir.module.module/get_views HTTP/1.1" 200 - 44 0.248 0.054
2024-07-19 12:14:25,184 37804 INFO asset_001 werkzeug: 10.0.0.36 - - [19/Jul/2024 12:14:25] "POST /web/dataset/call_kw/ir.module.module/web_search_read HTTP/1.1" 200 - 4 0.051 0.013
2024-07-19 12:14:25,203 37804 INFO asset_001 werkzeug: 10.0.0.36 - - [19/Jul/2024 12:14:25] "POST /web/dataset/call_kw/ir.module.module/search_panel_select_range HTTP/1.1" 200 - 45 0.061 0.024
2024-07-19 12:14:25,384 37804 INFO ? werkzeug: 10.0.0.36 - - [19/Jul/2024 12:14:25] "GET /sale_management/static/description/icon.png HTTP/1.1" 200 - 0 0.000 0.017
2024-07-19 12:14:25,385 37804 INFO ? werkzeug: 10.0.0.36 - - [19/Jul/2024 12:14:25] "GET /crm/static/description/icon.png HTTP/1.1" 200 - 0 0.000 0.014
2024-07-19 12:14:25,387 37804 INFO ? werkzeug: 10.0.0.36 - - [19/Jul/2024 12:14:25] "GET /account/static/description/icon.png HTTP/1.1" 200 - 0 0.000 0.017
2024-07-19 12:14:25,389 37804 INFO ? werkzeug: 10.0.0.36 - - [19/Jul/2024 12:14:25] "GET /stock/static/description/icon.png HTTP/1.1" 200 - 0 0.000 0.015
2024-07-19 12:14:25,393 37804 INFO ? werkzeug: 10.0.0.36 - - [19/Jul/2024 12:14:25] "GET /website/static/description/icon.png HTTP/1.1" 200 - 0 0.000 0.020
2024-07-19 12:14:25,396 37804 INFO ? werkzeug: 10.0.0.36 - - [19/Jul/2024 12:14:25] "GET /base/static/description/icon.png HTTP/1.1" 200 - 0 0.000 0.024
2024-07-19 12:14:25,410 37804 INFO ? werkzeug: 10.0.0.36 - - [19/Jul/2024 12:14:25] "GET /account_accountant/static/description/icon.png HTTP/1.1" 200 - 0 0.000 0.014
2024-07-19 12:14:25,410 37804 INFO ? werkzeug: 10.0.0.36 - - [19/Jul/2024 12:14:25] "GET /point_of_sale/static/description/icon.png HTTP/1.1" 200 - 0 0.000 0.009
2024-07-19 12:14:25,411 37804 INFO ? werkzeug: 10.0.0.36 - - [19/Jul/2024 12:14:25] "GET /purchase/static/description/icon.png HTTP/1.1" 200 - 0 0.000 0.012
2024-07-19 12:14:25,413 37804 INFO ? werkzeug: 10.0.0.36 - - [19/Jul/2024 12:14:25] "GET /web/static/lib/odoo_ui_icons/fonts/odoo_ui_icons.woff2 HTTP/1.1" 200 - 0 0.000 0.021
2024-07-19 12:14:25,417 37804 INFO ? werkzeug: 10.0.0.36 - - [19/Jul/2024 12:14:25] "GET /hr_holidays/static/description/icon.png HTTP/1.1" 200 - 0 0.000 0.014
2024-07-19 12:14:25,426 37804 INFO ? werkzeug: 10.0.0.36 - - [19/Jul/2024 12:14:25] "GET /website_sale/static/description/icon.png HTTP/1.1" 200 - 0 0.000 0.019
2024-07-19 12:14:25,431 37804 INFO ? werkzeug: 10.0.0.36 - - [19/Jul/2024 12:14:25] "GET /hr/static/description/icon.png HTTP/1.1" 200 - 0 0.000 0.013
2024-07-19 12:14:25,435 37804 INFO ? werkzeug: 10.0.0.36 - - [19/Jul/2024 12:14:25] "GET /web_studio/static/description/icon.png HTTP/1.1" 200 - 0 0.000 0.011
2024-07-19 12:14:25,436 37804 INFO ? werkzeug: 10.0.0.36 - - [19/Jul/2024 12:14:25] "GET /documents/static/description/icon.png HTTP/1.1" 200 - 0 0.000 0.011
2024-07-19 12:14:25,437 37804 INFO ? werkzeug: 10.0.0.36 - - [19/Jul/2024 12:14:25] "GET /data_recycle/static/description/icon.png HTTP/1.1" 200 - 0 0.000 0.016
2024-07-19 12:14:25,444 37804 INFO ? werkzeug: 10.0.0.36 - - [19/Jul/2024 12:14:25] "GET /hr_expense/static/description/icon.png HTTP/1.1" 200 - 0 0.000 0.013
2024-07-19 12:14:25,452 37804 INFO ? werkzeug: 10.0.0.36 - - [19/Jul/2024 12:14:25] "GET /mrp/static/description/icon.png HTTP/1.1" 200 - 0 0.000 0.019
2024-07-19 12:14:25,452 37804 INFO ? werkzeug: 10.0.0.36 - - [19/Jul/2024 12:14:25] "GET /timesheet_grid/static/description/icon.png HTTP/1.1" 200 - 0 0.000 0.013
2024-07-19 12:14:25,455 37804 INFO ? werkzeug: 10.0.0.36 - - [19/Jul/2024 12:14:25] "GET /hr_recruitment/static/description/icon.png HTTP/1.1" 200 - 0 0.000 0.011
2024-07-19 12:14:25,458 37804 INFO ? werkzeug: 10.0.0.36 - - [19/Jul/2024 12:14:25] "GET /mass_mailing/static/description/icon.png HTTP/1.1" 200 - 0 0.000 0.016
2024-07-19 12:14:25,464 37804 INFO ? werkzeug: 10.0.0.36 - - [19/Jul/2024 12:14:25] "GET /project/static/description/icon.png HTTP/1.1" 200 - 0 0.000 0.016
2024-07-19 12:14:25,476 37804 INFO ? werkzeug: 10.0.0.36 - - [19/Jul/2024 12:14:25] "GET /delivery_ups_rest/static/description/icon.png HTTP/1.1" 200 - 0 0.000 0.016
2024-07-19 12:14:25,481 37804 ERROR asset_001 odoo.http: Exception during request handling. 
Traceback (most recent call last):
  File "C:\Odoo16\server\odoo\http.py", line 2044, in __call__
    response = request._serve_db()
               ^^^^^^^^^^^^^^^^^^^
  File "C:\Odoo16\server\odoo\http.py", line 1632, in _serve_db
    return service_model.retrying(self._serve_ir_http, self.env)
           ^^^^^^^^^^^^^^^^^^^^^^^^^^^^^^^^^^^^^^^^^^^^^^^^^^^^^
  File "C:\Odoo16\server\odoo\service\model.py", line 133, in retrying
    result = func()
             ^^^^^^
  File "C:\Odoo16\server\odoo\http.py", line 1659, in _serve_ir_http
    response = self.dispatcher.dispatch(rule.endpoint, args)
               ^^^^^^^^^^^^^^^^^^^^^^^^^^^^^^^^^^^^^^^^^^^^^
  File "C:\Odoo16\server\odoo\http.py", line 1773, in dispatch
    return self.request.registry['ir.http']._dispatch(endpoint)
           ^^^^^^^^^^^^^^^^^^^^^^^^^^^^^^^^^^^^^^^^^^^^^^^^^^^^
  File "C:\Odoo16\server\odoo\addons\base\models\ir_http.py", line 154, in _dispatch
    result = endpoint(**request.params)
             ^^^^^^^^^^^^^^^^^^^^^^^^^^
  File "C:\Odoo16\server\odoo\http.py", line 716, in route_wrapper
    result = endpoint(self, *args, **params_ok)
             ^^^^^^^^^^^^^^^^^^^^^^^^^^^^^^^^^^
  File "C:\Odoo16\server\odoo\addons\web\controllers\binary.py", line 147, in content_image
    stream = request.env['ir.binary']._get_image_stream_from(
             ^^^^^^^^^^^^^^^^^^^^^^^^^^^^^^^^^^^^^^^^^^^^^^^^
  File "C:\Odoo16\server\odoo\addons\base\models\ir_binary.py", line 205, in _get_image_stream_from
    stream = self._get_stream_from(
             ^^^^^^^^^^^^^^^^^^^^^^
  File "C:\Odoo16\server\odoo\addons\base\models\ir_binary.py", line 129, in _get_stream_from
    stream = self._record_to_stream(record, field_name)
             ^^^^^^^^^^^^^^^^^^^^^^^^^^^^^^^^^^^^^^^^^^
  File "C:\Odoo16\server\odoo\addons\base\models\ir_binary.py", line 90, in _record_to_stream
    return Stream.from_attachment(field_attachment)
           ^^^^^^^^^^^^^^^^^^^^^^^^^^^^^^^^^^^^^^^^
  File "C:\Odoo16\server\odoo\http.py", line 486, in from_attachment
    stat = os.stat(self.path)
           ^^^^^^^^^^^^^^^^^^
FileNotFoundError: [WinError 2] The system cannot find the file specified: 'c:\\odoo16\\sessions\\filestore\\asset_001/d0/d09086a0794cf3070f12e742f27126254b4e2b5a'
2024-07-19 12:14:25,485 37804 INFO ? werkzeug: 10.0.0.36 - - [19/Jul/2024 12:14:25] "GET /knowledge/static/description/icon.png HTTP/1.1" 200 - 0 0.000 0.019
2024-07-19 12:14:25,486 37804 INFO ? werkzeug: 10.0.0.36 - - [19/Jul/2024 12:14:25] "GET /sign/static/description/icon.png HTTP/1.1" 200 - 0 0.000 0.017
2024-07-19 12:14:25,488 37804 INFO asset_001 werkzeug: 10.0.0.36 - - [19/Jul/2024 12:14:25] "GET /web/image/res.company/1/favicon HTTP/1.1" 500 - 4 0.007 0.026
2024-07-19 12:14:25,488 37804 INFO ? werkzeug: 10.0.0.36 - - [19/Jul/2024 12:14:25] "GET /helpdesk/static/description/icon.png HTTP/1.1" 200 - 0 0.000 0.013
2024-07-19 12:14:25,490 37804 INFO ? werkzeug: 10.0.0.36 - - [19/Jul/2024 12:14:25] "GET /maintenance/static/description/icon.png HTTP/1.1" 200 - 0 0.000 0.026
2024-07-19 12:14:25,502 37804 INFO ? werkzeug: 10.0.0.36 - - [19/Jul/2024 12:14:25] "GET /sale_subscription/static/description/icon.png HTTP/1.1" 200 - 0 0.000 0.019
2024-07-19 12:14:25,512 37804 INFO ? werkzeug: 10.0.0.36 - - [19/Jul/2024 12:14:25] "GET /quality_control/static/description/icon.png HTTP/1.1" 200 - 0 0.000 0.010
2024-07-19 12:14:25,514 37804 INFO ? werkzeug: 10.0.0.36 - - [19/Jul/2024 12:14:25] "GET /website_slides/static/description/icon.png HTTP/1.1" 200 - 0 0.000 0.011
2024-07-19 12:14:25,524 37804 INFO ? werkzeug: 10.0.0.36 - - [19/Jul/2024 12:14:25] "GET /mail/static/description/icon.png HTTP/1.1" 200 - 0 0.000 0.010
2024-07-19 12:14:25,525 37804 INFO ? werkzeug: 10.0.0.36 - - [19/Jul/2024 12:14:25] "GET /website_event/static/description/icon.png HTTP/1.1" 200 - 0 0.000 0.016
2024-07-19 12:14:25,526 37804 INFO ? werkzeug: 10.0.0.36 - - [19/Jul/2024 12:14:25] "GET /planning/static/description/icon.png HTTP/1.1" 200 - 0 0.000 0.015
2024-07-19 12:14:25,530 37804 INFO ? werkzeug: 10.0.0.36 - - [19/Jul/2024 12:14:25] "GET /contacts/static/description/icon.png HTTP/1.1" 200 - 0 0.000 0.011
2024-07-19 12:14:25,531 37804 INFO ? werkzeug: 10.0.0.36 - - [19/Jul/2024 12:14:25] "GET /mrp_plm/static/description/icon.png HTTP/1.1" 200 - 0 0.000 0.008
2024-07-19 12:14:25,539 37804 INFO ? werkzeug: 10.0.0.36 - - [19/Jul/2024 12:14:25] "GET /sale_renting/static/description/icon.png HTTP/1.1" 200 - 0 0.000 0.010
2024-07-19 12:14:25,540 37804 ERROR asset_001 odoo.http: Exception during request handling. 
Traceback (most recent call last):
  File "C:\Odoo16\server\odoo\http.py", line 2044, in __call__
    response = request._serve_db()
               ^^^^^^^^^^^^^^^^^^^
  File "C:\Odoo16\server\odoo\http.py", line 1632, in _serve_db
    return service_model.retrying(self._serve_ir_http, self.env)
           ^^^^^^^^^^^^^^^^^^^^^^^^^^^^^^^^^^^^^^^^^^^^^^^^^^^^^
  File "C:\Odoo16\server\odoo\service\model.py", line 133, in retrying
    result = func()
             ^^^^^^
  File "C:\Odoo16\server\odoo\http.py", line 1659, in _serve_ir_http
    response = self.dispatcher.dispatch(rule.endpoint, args)
               ^^^^^^^^^^^^^^^^^^^^^^^^^^^^^^^^^^^^^^^^^^^^^
  File "C:\Odoo16\server\odoo\http.py", line 1773, in dispatch
    return self.request.registry['ir.http']._dispatch(endpoint)
           ^^^^^^^^^^^^^^^^^^^^^^^^^^^^^^^^^^^^^^^^^^^^^^^^^^^^
  File "C:\Odoo16\server\odoo\addons\base\models\ir_http.py", line 154, in _dispatch
    result = endpoint(**request.params)
             ^^^^^^^^^^^^^^^^^^^^^^^^^^
  File "C:\Odoo16\server\odoo\http.py", line 716, in route_wrapper
    result = endpoint(self, *args, **params_ok)
             ^^^^^^^^^^^^^^^^^^^^^^^^^^^^^^^^^^
  File "C:\Odoo16\server\odoo\addons\web\controllers\binary.py", line 147, in content_image
    stream = request.env['ir.binary']._get_image_stream_from(
             ^^^^^^^^^^^^^^^^^^^^^^^^^^^^^^^^^^^^^^^^^^^^^^^^
  File "C:\Odoo16\server\odoo\addons\base\models\ir_binary.py", line 205, in _get_image_stream_from
    stream = self._get_stream_from(
             ^^^^^^^^^^^^^^^^^^^^^^
  File "C:\Odoo16\server\odoo\addons\base\models\ir_binary.py", line 129, in _get_stream_from
    stream = self._record_to_stream(record, field_name)
             ^^^^^^^^^^^^^^^^^^^^^^^^^^^^^^^^^^^^^^^^^^
  File "C:\Odoo16\server\odoo\addons\base\models\ir_binary.py", line 90, in _record_to_stream
    return Stream.from_attachment(field_attachment)
           ^^^^^^^^^^^^^^^^^^^^^^^^^^^^^^^^^^^^^^^^
  File "C:\Odoo16\server\odoo\http.py", line 486, in from_attachment
    stat = os.stat(self.path)
           ^^^^^^^^^^^^^^^^^^
FileNotFoundError: [WinError 2] The system cannot find the file specified: 'c:\\odoo16\\sessions\\filestore\\asset_001/d0/d09086a0794cf3070f12e742f27126254b4e2b5a'
2024-07-19 12:14:25,542 37804 INFO ? werkzeug: 10.0.0.36 - - [19/Jul/2024 12:14:25] "GET /calendar/static/description/icon.png HTTP/1.1" 200 - 0 0.000 0.010
2024-07-19 12:14:25,542 37804 INFO ? werkzeug: 10.0.0.36 - - [19/Jul/2024 12:14:25] "GET /industry_fsm/static/description/icon.png HTTP/1.1" 200 - 0 0.000 0.009
2024-07-19 12:14:25,543 37804 INFO asset_001 werkzeug: 10.0.0.36 - - [19/Jul/2024 12:14:25] "GET /web/image/res.company/1/favicon HTTP/1.1" 500 - 4 0.018 0.013
2024-07-19 12:14:25,550 37804 INFO ? werkzeug: 10.0.0.36 - - [19/Jul/2024 12:14:25] "GET /social/static/description/icon.png HTTP/1.1" 200 - 0 0.000 0.013
2024-07-19 12:14:25,552 37804 INFO ? werkzeug: 10.0.0.36 - - [19/Jul/2024 12:14:25] "GET /hr_appraisal/static/description/icon.png HTTP/1.1" 200 - 0 0.000 0.012
2024-07-19 12:14:25,554 37804 INFO ? werkzeug: 10.0.0.36 - - [19/Jul/2024 12:14:25] "GET /fleet/static/description/icon.png HTTP/1.1" 200 - 0 0.000 0.010
2024-07-19 12:14:25,568 37804 INFO ? werkzeug: 10.0.0.36 - - [19/Jul/2024 12:14:25] "GET /approvals/static/description/icon.png HTTP/1.1" 200 - 0 0.000 0.018
2024-07-19 12:14:25,569 37804 INFO ? werkzeug: 10.0.0.36 - - [19/Jul/2024 12:14:25] "GET /marketing_automation/static/description/icon.png HTTP/1.1" 200 - 0 0.000 0.015
2024-07-19 12:14:25,572 37804 INFO ? werkzeug: 10.0.0.36 - - [19/Jul/2024 12:14:25] "GET /account_consolidation/static/description/icon.png HTTP/1.1" 200 - 0 0.000 0.013
2024-07-19 12:14:25,576 37804 INFO ? werkzeug: 10.0.0.36 - - [19/Jul/2024 12:14:25] "GET /im_livechat/static/description/icon.png HTTP/1.1" 200 - 0 0.000 0.015
2024-07-19 12:14:25,578 37804 INFO ? werkzeug: 10.0.0.36 - - [19/Jul/2024 12:14:25] "GET /survey/static/description/icon.png HTTP/1.1" 200 - 0 0.000 0.014
2024-07-19 12:14:25,582 37804 INFO ? werkzeug: 10.0.0.36 - - [19/Jul/2024 12:14:25] "GET /appointment/static/description/icon.png HTTP/1.1" 200 - 0 0.000 0.020
2024-07-19 12:14:25,589 37804 INFO ? werkzeug: 10.0.0.36 - - [19/Jul/2024 12:14:25] "GET /repair/static/description/icon.png HTTP/1.1" 200 - 0 0.000 0.014
2024-07-19 12:14:25,591 37804 INFO ? werkzeug: 10.0.0.36 - - [19/Jul/2024 12:14:25] "GET /hr_referral/static/description/icon.png HTTP/1.1" 200 - 0 0.000 0.013
2024-07-19 12:14:25,595 37804 INFO ? werkzeug: 10.0.0.36 - - [19/Jul/2024 12:14:25] "GET /hr_attendance/static/description/icon.png HTTP/1.1" 200 - 0 0.000 0.015
2024-07-19 12:14:25,598 37804 INFO ? werkzeug: 10.0.0.36 - - [19/Jul/2024 12:14:25] "GET /mass_mailing_sms/static/description/icon.png HTTP/1.1" 200 - 0 0.000 0.013
2024-07-19 12:14:25,599 37804 INFO ? werkzeug: 10.0.0.36 - - [19/Jul/2024 12:14:25] "GET /iot/static/description/icon.png HTTP/1.1" 200 - 0 0.000 0.012
2024-07-19 12:14:25,603 37804 INFO ? werkzeug: 10.0.0.36 - - [19/Jul/2024 12:14:25] "GET /stock_barcode/static/description/icon.png HTTP/1.1" 200 - 0 0.000 0.013
2024-07-19 12:14:25,605 37804 INFO ? werkzeug: 10.0.0.36 - - [19/Jul/2024 12:14:25] "GET /note/static/description/icon.png HTTP/1.1" 200 - 0 0.000 0.011
2024-07-19 12:14:25,611 37804 INFO ? werkzeug: 10.0.0.36 - - [19/Jul/2024 12:14:25] "GET /voip/static/description/icon.png HTTP/1.1" 200 - 0 0.000 0.009
2024-07-19 12:14:25,618 37804 INFO ? werkzeug: 10.0.0.36 - - [19/Jul/2024 12:14:25] "GET /hr_skills/static/description/icon.png HTTP/1.1" 200 - 0 0.000 0.018
2024-07-19 12:14:25,623 37804 INFO ? werkzeug: 10.0.0.36 - - [19/Jul/2024 12:14:25] "GET /delivery_dhl/static/description/icon.png HTTP/1.1" 200 - 0 0.000 0.016
2024-07-19 12:14:25,629 37804 INFO ? werkzeug: 10.0.0.36 - - [19/Jul/2024 12:14:25] "GET /hr_payroll/static/description/icon.png HTTP/1.1" 200 - 0 0.000 0.020
2024-07-19 12:14:25,631 37804 INFO ? werkzeug: 10.0.0.36 - - [19/Jul/2024 12:14:25] "GET /delivery_fedex/static/description/icon.png HTTP/1.1" 200 - 0 0.000 0.019
2024-07-19 12:14:25,639 37804 INFO ? werkzeug: 10.0.0.36 - - [19/Jul/2024 12:14:25] "GET /website_hr_recruitment/static/description/icon.png HTTP/1.1" 200 - 0 0.000 0.014
2024-07-19 12:14:25,642 37804 INFO ? werkzeug: 10.0.0.36 - - [19/Jul/2024 12:14:25] "GET /delivery_usps/static/description/icon.png HTTP/1.1" 200 - 0 0.000 0.018
2024-07-19 12:14:25,644 37804 INFO ? werkzeug: 10.0.0.36 - - [19/Jul/2024 12:14:25] "GET /lunch/static/description/icon.png HTTP/1.1" 200 - 0 0.000 0.025
2024-07-19 12:14:25,645 37804 INFO ? werkzeug: 10.0.0.36 - - [19/Jul/2024 12:14:25] "GET /delivery_easypost/static/description/icon.png HTTP/1.1" 200 - 0 0.000 0.013
2024-07-19 12:14:25,658 37804 INFO ? werkzeug: 10.0.0.36 - - [19/Jul/2024 12:14:25] "GET /delivery_sendcloud/static/description/icon.png HTTP/1.1" 200 - 0 0.000 0.022
2024-07-19 12:14:25,659 37804 INFO ? werkzeug: 10.0.0.36 - - [19/Jul/2024 12:14:25] "GET /delivery_shiprocket/static/description/icon.png HTTP/1.1" 200 - 0 0.000 0.020
2024-07-19 12:14:25,663 37804 INFO ? werkzeug: 10.0.0.36 - - [19/Jul/2024 12:14:25] "GET /sale_amazon/static/description/icon.png HTTP/1.1" 200 - 0 0.000 0.015
2024-07-19 12:14:25,668 37804 INFO ? werkzeug: 10.0.0.36 - - [19/Jul/2024 12:14:25] "GET /delivery_bpost/static/description/icon.png HTTP/1.1" 200 - 0 0.000 0.016
2024-07-19 12:14:25,669 37804 INFO ? werkzeug: 10.0.0.36 - - [19/Jul/2024 12:14:25] "GET /sale_ebay/static/description/icon.png HTTP/1.1" 200 - 0 0.000 0.019
2024-07-19 12:14:25,671 37804 INFO ? werkzeug: 10.0.0.36 - - [19/Jul/2024 12:14:25] "GET /hr_contract/static/description/icon.png HTTP/1.1" 200 - 0 0.000 0.016
2024-07-19 12:14:45,102 37804 INFO asset_001 werkzeug: 10.0.0.36 - - [19/Jul/2024 12:14:45] "POST /web/dataset/call_kw/ir.module.module/search_panel_select_range HTTP/1.1" 200 - 41 0.054 0.027
2024-07-19 12:14:45,182 37804 INFO asset_001 werkzeug: 10.0.0.36 - - [19/Jul/2024 12:14:45] "POST /web/dataset/call_kw/ir.module.module/web_search_read HTTP/1.1" 200 - 4 0.011 0.015
2024-07-19 12:16:04,407 37804 INFO asset_001 werkzeug: 10.0.0.36 - - [19/Jul/2024 12:16:04] "GET /web?debug=1 HTTP/1.1" 200 - 39 0.102 0.403
2024-07-19 12:16:04,502 37804 INFO asset_001 werkzeug: 10.0.0.36 - - [19/Jul/2024 12:16:04] "GET /web/webclient/load_menus/6a92aa87e4b306c3fbcc124f6145129eb6566ec802378e4f9c255b78b230c730 HTTP/1.1" 200 - 1 0.001 0.010
2024-07-19 12:16:05,184 37804 INFO asset_001 werkzeug: 10.0.0.36 - - [19/Jul/2024 12:16:05] "GET /bus/websocket_worker_bundle?v=1.0.5 HTTP/1.1" 304 - 4 0.003 0.014
2024-07-19 12:16:05,261 37804 INFO asset_001 werkzeug: 10.0.0.36 - - [19/Jul/2024 12:16:05] "POST /web/dataset/call_kw/res.users/systray_get_activities HTTP/1.1" 200 - 2 0.003 0.010
2024-07-19 12:16:05,274 37804 INFO ? werkzeug: 10.0.0.36 - - [19/Jul/2024 12:16:05] "GET /mail/static/src/audio/ting.ogg HTTP/1.1" 206 - 0 0.000 0.014
2024-07-19 12:16:05,391 37804 INFO asset_001 werkzeug: 10.0.0.36 - - [19/Jul/2024 12:16:05] "POST /web/action/load HTTP/1.1" 200 - 10 0.103 0.127
2024-07-19 12:16:05,398 37804 INFO asset_001 werkzeug: 10.0.0.36 - - [19/Jul/2024 12:16:05] "GET /web/image?model=res.users&field=avatar_128&id=2 HTTP/1.1" 304 - 8 0.018 0.114
2024-07-19 12:16:05,411 37804 ERROR asset_001 odoo.http: Exception during request handling. 
Traceback (most recent call last):
  File "C:\Odoo16\server\odoo\http.py", line 2044, in __call__
    response = request._serve_db()
               ^^^^^^^^^^^^^^^^^^^
  File "C:\Odoo16\server\odoo\http.py", line 1632, in _serve_db
    return service_model.retrying(self._serve_ir_http, self.env)
           ^^^^^^^^^^^^^^^^^^^^^^^^^^^^^^^^^^^^^^^^^^^^^^^^^^^^^
  File "C:\Odoo16\server\odoo\service\model.py", line 133, in retrying
    result = func()
             ^^^^^^
  File "C:\Odoo16\server\odoo\http.py", line 1659, in _serve_ir_http
    response = self.dispatcher.dispatch(rule.endpoint, args)
               ^^^^^^^^^^^^^^^^^^^^^^^^^^^^^^^^^^^^^^^^^^^^^
  File "C:\Odoo16\server\odoo\http.py", line 1773, in dispatch
    return self.request.registry['ir.http']._dispatch(endpoint)
           ^^^^^^^^^^^^^^^^^^^^^^^^^^^^^^^^^^^^^^^^^^^^^^^^^^^^
  File "C:\Odoo16\server\odoo\addons\base\models\ir_http.py", line 154, in _dispatch
    result = endpoint(**request.params)
             ^^^^^^^^^^^^^^^^^^^^^^^^^^
  File "C:\Odoo16\server\odoo\http.py", line 716, in route_wrapper
    result = endpoint(self, *args, **params_ok)
             ^^^^^^^^^^^^^^^^^^^^^^^^^^^^^^^^^^
  File "C:\Odoo16\server\odoo\addons\web\controllers\binary.py", line 147, in content_image
    stream = request.env['ir.binary']._get_image_stream_from(
             ^^^^^^^^^^^^^^^^^^^^^^^^^^^^^^^^^^^^^^^^^^^^^^^^
  File "C:\Odoo16\server\odoo\addons\base\models\ir_binary.py", line 205, in _get_image_stream_from
    stream = self._get_stream_from(
             ^^^^^^^^^^^^^^^^^^^^^^
  File "C:\Odoo16\server\odoo\addons\base\models\ir_binary.py", line 129, in _get_stream_from
    stream = self._record_to_stream(record, field_name)
             ^^^^^^^^^^^^^^^^^^^^^^^^^^^^^^^^^^^^^^^^^^
  File "C:\Odoo16\server\odoo\addons\base\models\ir_binary.py", line 90, in _record_to_stream
    return Stream.from_attachment(field_attachment)
           ^^^^^^^^^^^^^^^^^^^^^^^^^^^^^^^^^^^^^^^^
  File "C:\Odoo16\server\odoo\http.py", line 486, in from_attachment
    stat = os.stat(self.path)
           ^^^^^^^^^^^^^^^^^^
FileNotFoundError: [WinError 2] The system cannot find the file specified: 'c:\\odoo16\\sessions\\filestore\\asset_001/d0/d09086a0794cf3070f12e742f27126254b4e2b5a'
2024-07-19 12:16:05,415 37804 INFO asset_001 werkzeug: 10.0.0.36 - - [19/Jul/2024 12:16:05] "GET /web/image/res.company/1/favicon HTTP/1.1" 500 - 4 0.007 0.124
2024-07-19 12:16:05,430 37804 INFO asset_001 werkzeug: 10.0.0.36 - - [19/Jul/2024 12:16:05] "POST /web/dataset/call_kw/ir.module.module/get_views HTTP/1.1" 200 - 3 0.003 0.018
2024-07-19 12:16:05,435 37804 INFO asset_001 werkzeug: 10.0.0.36 - - [19/Jul/2024 12:16:05] "GET /websocket HTTP/1.1" 101 - 1 0.003 0.047
2024-07-19 12:16:05,444 37804 ERROR asset_001 odoo.http: Exception during request handling. 
Traceback (most recent call last):
  File "C:\Odoo16\server\odoo\http.py", line 2044, in __call__
    response = request._serve_db()
               ^^^^^^^^^^^^^^^^^^^
  File "C:\Odoo16\server\odoo\http.py", line 1632, in _serve_db
    return service_model.retrying(self._serve_ir_http, self.env)
           ^^^^^^^^^^^^^^^^^^^^^^^^^^^^^^^^^^^^^^^^^^^^^^^^^^^^^
  File "C:\Odoo16\server\odoo\service\model.py", line 133, in retrying
    result = func()
             ^^^^^^
  File "C:\Odoo16\server\odoo\http.py", line 1659, in _serve_ir_http
    response = self.dispatcher.dispatch(rule.endpoint, args)
               ^^^^^^^^^^^^^^^^^^^^^^^^^^^^^^^^^^^^^^^^^^^^^
  File "C:\Odoo16\server\odoo\http.py", line 1773, in dispatch
    return self.request.registry['ir.http']._dispatch(endpoint)
           ^^^^^^^^^^^^^^^^^^^^^^^^^^^^^^^^^^^^^^^^^^^^^^^^^^^^
  File "C:\Odoo16\server\odoo\addons\base\models\ir_http.py", line 154, in _dispatch
    result = endpoint(**request.params)
             ^^^^^^^^^^^^^^^^^^^^^^^^^^
  File "C:\Odoo16\server\odoo\http.py", line 716, in route_wrapper
    result = endpoint(self, *args, **params_ok)
             ^^^^^^^^^^^^^^^^^^^^^^^^^^^^^^^^^^
  File "C:\Odoo16\server\odoo\addons\web\controllers\binary.py", line 147, in content_image
    stream = request.env['ir.binary']._get_image_stream_from(
             ^^^^^^^^^^^^^^^^^^^^^^^^^^^^^^^^^^^^^^^^^^^^^^^^
  File "C:\Odoo16\server\odoo\addons\base\models\ir_binary.py", line 205, in _get_image_stream_from
    stream = self._get_stream_from(
             ^^^^^^^^^^^^^^^^^^^^^^
  File "C:\Odoo16\server\odoo\addons\base\models\ir_binary.py", line 129, in _get_stream_from
    stream = self._record_to_stream(record, field_name)
             ^^^^^^^^^^^^^^^^^^^^^^^^^^^^^^^^^^^^^^^^^^
  File "C:\Odoo16\server\odoo\addons\base\models\ir_binary.py", line 90, in _record_to_stream
    return Stream.from_attachment(field_attachment)
           ^^^^^^^^^^^^^^^^^^^^^^^^^^^^^^^^^^^^^^^^
  File "C:\Odoo16\server\odoo\http.py", line 486, in from_attachment
    stat = os.stat(self.path)
           ^^^^^^^^^^^^^^^^^^
FileNotFoundError: [WinError 2] The system cannot find the file specified: 'c:\\odoo16\\sessions\\filestore\\asset_001/d0/d09086a0794cf3070f12e742f27126254b4e2b5a'
2024-07-19 12:16:05,447 37804 INFO asset_001 werkzeug: 10.0.0.36 - - [19/Jul/2024 12:16:05] "GET /web/image/res.company/1/favicon HTTP/1.1" 500 - 4 0.004 0.015
2024-07-19 12:16:05,484 37804 INFO asset_001 werkzeug: 10.0.0.36 - - [19/Jul/2024 12:16:05] "POST /web/dataset/call_kw/ir.module.module/web_search_read HTTP/1.1" 200 - 3 0.006 0.019
2024-07-19 12:16:05,516 37804 INFO asset_001 werkzeug: 10.0.0.36 - - [19/Jul/2024 12:16:05] "POST /mail/init_messaging HTTP/1.1" 200 - 30 0.279 0.037
2024-07-19 12:16:05,536 37804 INFO asset_001 werkzeug: 10.0.0.36 - - [19/Jul/2024 12:16:05] "POST /web/dataset/call_kw/ir.module.module/search_panel_select_range HTTP/1.1" 200 - 43 0.057 0.029
2024-07-19 12:16:05,634 37804 INFO asset_001 werkzeug: 10.0.0.36 - - [19/Jul/2024 12:16:05] "POST /mail/load_message_failures HTTP/1.1" 200 - 3 0.008 0.009
2024-07-19 12:16:19,527 37804 INFO asset_001 werkzeug: 10.0.0.36 - - [19/Jul/2024 12:16:19] "GET /web?debug=1 HTTP/1.1" 200 - 10 0.034 0.046
2024-07-19 12:16:20,062 37804 INFO asset_001 werkzeug: 10.0.0.36 - - [19/Jul/2024 12:16:20] "POST /web/action/load HTTP/1.1" 200 - 10 0.022 0.021
2024-07-19 12:16:20,082 37804 INFO asset_001 werkzeug: 10.0.0.36 - - [19/Jul/2024 12:16:20] "GET /bus/websocket_worker_bundle?v=1.0.5 HTTP/1.1" 304 - 4 0.018 0.031
2024-07-19 12:16:20,110 37804 INFO asset_001 werkzeug: 10.0.0.36 - - [19/Jul/2024 12:16:20] "POST /web/dataset/call_kw/res.users/systray_get_activities HTTP/1.1" 200 - 2 0.018 0.028
2024-07-19 12:16:20,118 37804 ERROR asset_001 odoo.http: Exception during request handling. 
Traceback (most recent call last):
  File "C:\Odoo16\server\odoo\http.py", line 2044, in __call__
    response = request._serve_db()
               ^^^^^^^^^^^^^^^^^^^
  File "C:\Odoo16\server\odoo\http.py", line 1632, in _serve_db
    return service_model.retrying(self._serve_ir_http, self.env)
           ^^^^^^^^^^^^^^^^^^^^^^^^^^^^^^^^^^^^^^^^^^^^^^^^^^^^^
  File "C:\Odoo16\server\odoo\service\model.py", line 133, in retrying
    result = func()
             ^^^^^^
  File "C:\Odoo16\server\odoo\http.py", line 1659, in _serve_ir_http
    response = self.dispatcher.dispatch(rule.endpoint, args)
               ^^^^^^^^^^^^^^^^^^^^^^^^^^^^^^^^^^^^^^^^^^^^^
  File "C:\Odoo16\server\odoo\http.py", line 1773, in dispatch
    return self.request.registry['ir.http']._dispatch(endpoint)
           ^^^^^^^^^^^^^^^^^^^^^^^^^^^^^^^^^^^^^^^^^^^^^^^^^^^^
  File "C:\Odoo16\server\odoo\addons\base\models\ir_http.py", line 154, in _dispatch
    result = endpoint(**request.params)
             ^^^^^^^^^^^^^^^^^^^^^^^^^^
  File "C:\Odoo16\server\odoo\http.py", line 716, in route_wrapper
    result = endpoint(self, *args, **params_ok)
             ^^^^^^^^^^^^^^^^^^^^^^^^^^^^^^^^^^
  File "C:\Odoo16\server\odoo\addons\web\controllers\binary.py", line 147, in content_image
    stream = request.env['ir.binary']._get_image_stream_from(
             ^^^^^^^^^^^^^^^^^^^^^^^^^^^^^^^^^^^^^^^^^^^^^^^^
  File "C:\Odoo16\server\odoo\addons\base\models\ir_binary.py", line 205, in _get_image_stream_from
    stream = self._get_stream_from(
             ^^^^^^^^^^^^^^^^^^^^^^
  File "C:\Odoo16\server\odoo\addons\base\models\ir_binary.py", line 129, in _get_stream_from
    stream = self._record_to_stream(record, field_name)
             ^^^^^^^^^^^^^^^^^^^^^^^^^^^^^^^^^^^^^^^^^^
  File "C:\Odoo16\server\odoo\addons\base\models\ir_binary.py", line 90, in _record_to_stream
    return Stream.from_attachment(field_attachment)
           ^^^^^^^^^^^^^^^^^^^^^^^^^^^^^^^^^^^^^^^^
  File "C:\Odoo16\server\odoo\http.py", line 486, in from_attachment
    stat = os.stat(self.path)
           ^^^^^^^^^^^^^^^^^^
FileNotFoundError: [WinError 2] The system cannot find the file specified: 'c:\\odoo16\\sessions\\filestore\\asset_001/d0/d09086a0794cf3070f12e742f27126254b4e2b5a'
2024-07-19 12:16:20,132 37804 INFO asset_001 werkzeug: 10.0.0.36 - - [19/Jul/2024 12:16:20] "POST /mail/init_messaging HTTP/1.1" 200 - 30 0.068 0.037
2024-07-19 12:16:20,139 37804 INFO asset_001 werkzeug: 10.0.0.36 - - [19/Jul/2024 12:16:20] "GET /web/image/res.company/1/favicon HTTP/1.1" 500 - 4 0.012 0.047
2024-07-19 12:16:20,141 37804 INFO asset_001 werkzeug: 10.0.0.36 - - [19/Jul/2024 12:16:20] "GET /web/image?model=res.users&field=avatar_128&id=2 HTTP/1.1" 304 - 8 0.027 0.043
2024-07-19 12:16:20,163 37804 ERROR asset_001 odoo.http: Exception during request handling. 
Traceback (most recent call last):
  File "C:\Odoo16\server\odoo\http.py", line 2044, in __call__
    response = request._serve_db()
               ^^^^^^^^^^^^^^^^^^^
  File "C:\Odoo16\server\odoo\http.py", line 1632, in _serve_db
    return service_model.retrying(self._serve_ir_http, self.env)
           ^^^^^^^^^^^^^^^^^^^^^^^^^^^^^^^^^^^^^^^^^^^^^^^^^^^^^
  File "C:\Odoo16\server\odoo\service\model.py", line 133, in retrying
    result = func()
             ^^^^^^
  File "C:\Odoo16\server\odoo\http.py", line 1659, in _serve_ir_http
    response = self.dispatcher.dispatch(rule.endpoint, args)
               ^^^^^^^^^^^^^^^^^^^^^^^^^^^^^^^^^^^^^^^^^^^^^
  File "C:\Odoo16\server\odoo\http.py", line 1773, in dispatch
    return self.request.registry['ir.http']._dispatch(endpoint)
           ^^^^^^^^^^^^^^^^^^^^^^^^^^^^^^^^^^^^^^^^^^^^^^^^^^^^
  File "C:\Odoo16\server\odoo\addons\base\models\ir_http.py", line 154, in _dispatch
    result = endpoint(**request.params)
             ^^^^^^^^^^^^^^^^^^^^^^^^^^
  File "C:\Odoo16\server\odoo\http.py", line 716, in route_wrapper
    result = endpoint(self, *args, **params_ok)
             ^^^^^^^^^^^^^^^^^^^^^^^^^^^^^^^^^^
  File "C:\Odoo16\server\odoo\addons\web\controllers\binary.py", line 147, in content_image
    stream = request.env['ir.binary']._get_image_stream_from(
             ^^^^^^^^^^^^^^^^^^^^^^^^^^^^^^^^^^^^^^^^^^^^^^^^
  File "C:\Odoo16\server\odoo\addons\base\models\ir_binary.py", line 205, in _get_image_stream_from
    stream = self._get_stream_from(
             ^^^^^^^^^^^^^^^^^^^^^^
  File "C:\Odoo16\server\odoo\addons\base\models\ir_binary.py", line 129, in _get_stream_from
    stream = self._record_to_stream(record, field_name)
             ^^^^^^^^^^^^^^^^^^^^^^^^^^^^^^^^^^^^^^^^^^
  File "C:\Odoo16\server\odoo\addons\base\models\ir_binary.py", line 90, in _record_to_stream
    return Stream.from_attachment(field_attachment)
           ^^^^^^^^^^^^^^^^^^^^^^^^^^^^^^^^^^^^^^^^
  File "C:\Odoo16\server\odoo\http.py", line 486, in from_attachment
    stat = os.stat(self.path)
           ^^^^^^^^^^^^^^^^^^
FileNotFoundError: [WinError 2] The system cannot find the file specified: 'c:\\odoo16\\sessions\\filestore\\asset_001/d0/d09086a0794cf3070f12e742f27126254b4e2b5a'
2024-07-19 12:16:20,164 37804 INFO asset_001 werkzeug: 10.0.0.36 - - [19/Jul/2024 12:16:20] "POST /web/dataset/call_kw/ir.module.module/get_views HTTP/1.1" 200 - 3 0.011 0.065
2024-07-19 12:16:20,166 37804 INFO asset_001 werkzeug: 10.0.0.36 - - [19/Jul/2024 12:16:20] "GET /websocket HTTP/1.1" 101 - 1 0.001 0.053
2024-07-19 12:16:20,168 37804 INFO asset_001 werkzeug: 10.0.0.36 - - [19/Jul/2024 12:16:20] "GET /web/image/res.company/1/favicon HTTP/1.1" 500 - 4 0.006 0.013
2024-07-19 12:16:20,185 37804 INFO asset_001 werkzeug: 10.0.0.36 - - [19/Jul/2024 12:16:20] "POST /mail/load_message_failures HTTP/1.1" 200 - 3 0.006 0.017
2024-07-19 12:16:20,195 37804 ERROR asset_001 odoo.http: Exception during request handling. 
Traceback (most recent call last):
  File "C:\Odoo16\server\odoo\http.py", line 2044, in __call__
    response = request._serve_db()
               ^^^^^^^^^^^^^^^^^^^
  File "C:\Odoo16\server\odoo\http.py", line 1632, in _serve_db
    return service_model.retrying(self._serve_ir_http, self.env)
           ^^^^^^^^^^^^^^^^^^^^^^^^^^^^^^^^^^^^^^^^^^^^^^^^^^^^^
  File "C:\Odoo16\server\odoo\service\model.py", line 133, in retrying
    result = func()
             ^^^^^^
  File "C:\Odoo16\server\odoo\http.py", line 1659, in _serve_ir_http
    response = self.dispatcher.dispatch(rule.endpoint, args)
               ^^^^^^^^^^^^^^^^^^^^^^^^^^^^^^^^^^^^^^^^^^^^^
  File "C:\Odoo16\server\odoo\http.py", line 1773, in dispatch
    return self.request.registry['ir.http']._dispatch(endpoint)
           ^^^^^^^^^^^^^^^^^^^^^^^^^^^^^^^^^^^^^^^^^^^^^^^^^^^^
  File "C:\Odoo16\server\odoo\addons\base\models\ir_http.py", line 154, in _dispatch
    result = endpoint(**request.params)
             ^^^^^^^^^^^^^^^^^^^^^^^^^^
  File "C:\Odoo16\server\odoo\http.py", line 716, in route_wrapper
    result = endpoint(self, *args, **params_ok)
             ^^^^^^^^^^^^^^^^^^^^^^^^^^^^^^^^^^
  File "C:\Odoo16\server\odoo\addons\web\controllers\binary.py", line 147, in content_image
    stream = request.env['ir.binary']._get_image_stream_from(
             ^^^^^^^^^^^^^^^^^^^^^^^^^^^^^^^^^^^^^^^^^^^^^^^^
  File "C:\Odoo16\server\odoo\addons\base\models\ir_binary.py", line 205, in _get_image_stream_from
    stream = self._get_stream_from(
             ^^^^^^^^^^^^^^^^^^^^^^
  File "C:\Odoo16\server\odoo\addons\base\models\ir_binary.py", line 129, in _get_stream_from
    stream = self._record_to_stream(record, field_name)
             ^^^^^^^^^^^^^^^^^^^^^^^^^^^^^^^^^^^^^^^^^^
  File "C:\Odoo16\server\odoo\addons\base\models\ir_binary.py", line 90, in _record_to_stream
    return Stream.from_attachment(field_attachment)
           ^^^^^^^^^^^^^^^^^^^^^^^^^^^^^^^^^^^^^^^^
  File "C:\Odoo16\server\odoo\http.py", line 486, in from_attachment
    stat = os.stat(self.path)
           ^^^^^^^^^^^^^^^^^^
FileNotFoundError: [WinError 2] The system cannot find the file specified: 'c:\\odoo16\\sessions\\filestore\\asset_001/d0/d09086a0794cf3070f12e742f27126254b4e2b5a'
2024-07-19 12:16:20,201 37804 INFO asset_001 werkzeug: 10.0.0.36 - - [19/Jul/2024 12:16:20] "GET /web/image/res.company/1/favicon HTTP/1.1" 500 - 4 0.004 0.017
2024-07-19 12:16:20,217 37804 INFO asset_001 werkzeug: 10.0.0.36 - - [19/Jul/2024 12:16:20] "POST /web/dataset/call_kw/ir.module.module/web_search_read HTTP/1.1" 200 - 3 0.004 0.014
2024-07-19 12:16:20,231 37804 ERROR asset_001 odoo.http: Exception during request handling. 
Traceback (most recent call last):
  File "C:\Odoo16\server\odoo\http.py", line 2044, in __call__
    response = request._serve_db()
               ^^^^^^^^^^^^^^^^^^^
  File "C:\Odoo16\server\odoo\http.py", line 1632, in _serve_db
    return service_model.retrying(self._serve_ir_http, self.env)
           ^^^^^^^^^^^^^^^^^^^^^^^^^^^^^^^^^^^^^^^^^^^^^^^^^^^^^
  File "C:\Odoo16\server\odoo\service\model.py", line 133, in retrying
    result = func()
             ^^^^^^
  File "C:\Odoo16\server\odoo\http.py", line 1659, in _serve_ir_http
    response = self.dispatcher.dispatch(rule.endpoint, args)
               ^^^^^^^^^^^^^^^^^^^^^^^^^^^^^^^^^^^^^^^^^^^^^
  File "C:\Odoo16\server\odoo\http.py", line 1773, in dispatch
    return self.request.registry['ir.http']._dispatch(endpoint)
           ^^^^^^^^^^^^^^^^^^^^^^^^^^^^^^^^^^^^^^^^^^^^^^^^^^^^
  File "C:\Odoo16\server\odoo\addons\base\models\ir_http.py", line 154, in _dispatch
    result = endpoint(**request.params)
             ^^^^^^^^^^^^^^^^^^^^^^^^^^
  File "C:\Odoo16\server\odoo\http.py", line 716, in route_wrapper
    result = endpoint(self, *args, **params_ok)
             ^^^^^^^^^^^^^^^^^^^^^^^^^^^^^^^^^^
  File "C:\Odoo16\server\odoo\addons\web\controllers\binary.py", line 147, in content_image
    stream = request.env['ir.binary']._get_image_stream_from(
             ^^^^^^^^^^^^^^^^^^^^^^^^^^^^^^^^^^^^^^^^^^^^^^^^
  File "C:\Odoo16\server\odoo\addons\base\models\ir_binary.py", line 205, in _get_image_stream_from
    stream = self._get_stream_from(
             ^^^^^^^^^^^^^^^^^^^^^^
  File "C:\Odoo16\server\odoo\addons\base\models\ir_binary.py", line 129, in _get_stream_from
    stream = self._record_to_stream(record, field_name)
             ^^^^^^^^^^^^^^^^^^^^^^^^^^^^^^^^^^^^^^^^^^
  File "C:\Odoo16\server\odoo\addons\base\models\ir_binary.py", line 90, in _record_to_stream
    return Stream.from_attachment(field_attachment)
           ^^^^^^^^^^^^^^^^^^^^^^^^^^^^^^^^^^^^^^^^
  File "C:\Odoo16\server\odoo\http.py", line 486, in from_attachment
    stat = os.stat(self.path)
           ^^^^^^^^^^^^^^^^^^
FileNotFoundError: [WinError 2] The system cannot find the file specified: 'c:\\odoo16\\sessions\\filestore\\asset_001/d0/d09086a0794cf3070f12e742f27126254b4e2b5a'
2024-07-19 12:16:20,236 37804 INFO asset_001 werkzeug: 10.0.0.36 - - [19/Jul/2024 12:16:20] "GET /web/image/res.company/1/favicon HTTP/1.1" 500 - 4 0.005 0.019
2024-07-19 12:16:20,270 37804 INFO asset_001 werkzeug: 10.0.0.36 - - [19/Jul/2024 12:16:20] "POST /web/dataset/call_kw/ir.module.module/search_panel_select_range HTTP/1.1" 200 - 43 0.049 0.025
2024-07-19 12:16:25,893 37804 INFO asset_001 werkzeug: 10.0.0.36 - - [19/Jul/2024 12:16:25] "POST /web/dataset/call_kw/ir.module.module/web_search_read HTTP/1.1" 200 - 4 0.006 0.015
2024-07-19 12:16:25,924 37804 INFO asset_001 werkzeug: 10.0.0.36 - - [19/Jul/2024 12:16:25] "POST /web/dataset/call_kw/ir.module.module/search_panel_select_range HTTP/1.1" 200 - 43 0.046 0.025
2024-07-19 12:16:37,353 37804 INFO asset_001 werkzeug: 10.0.0.36 - - [19/Jul/2024 12:16:37] "POST /web/action/load HTTP/1.1" 200 - 10 0.011 0.015
2024-07-19 12:16:37,425 37804 INFO asset_001 werkzeug: 10.0.0.36 - - [19/Jul/2024 12:16:37] "POST /web/dataset/call_kw/base.module.update/get_views HTTP/1.1" 200 - 9 0.036 0.023
2024-07-19 12:16:37,474 37804 INFO asset_001 werkzeug: 10.0.0.36 - - [19/Jul/2024 12:16:37] "POST /web/dataset/call_kw/base.module.update/onchange HTTP/1.1" 200 - 2 0.002 0.010
2024-07-19 12:16:51,479 37804 INFO asset_001 werkzeug: 10.0.0.36 - - [19/Jul/2024 12:16:51] "POST /web/dataset/call_kw/base.module.update/create HTTP/1.1" 200 - 4 0.031 0.016
2024-07-19 12:16:51,518 37804 INFO asset_001 werkzeug: 10.0.0.36 - - [19/Jul/2024 12:16:51] "POST /web/dataset/call_kw/base.module.update/read HTTP/1.1" 200 - 3 0.009 0.009
2024-07-19 12:16:51,542 37804 INFO asset_001 odoo.addons.base.models.ir_module: ALLOW access to module.update_list on [] to user admin #2 via 10.0.0.36 
2024-07-19 12:16:53,498 37804 INFO asset_001 werkzeug: 10.0.0.36 - - [19/Jul/2024 12:16:53] "POST /web/dataset/call_button HTTP/1.1" 200 - 1967 1.300 0.668
2024-07-19 12:17:33,738 37804 INFO asset_001 werkzeug: 10.0.0.36 - - [19/Jul/2024 12:17:33] "POST /web/dataset/call_kw/ir.module.module/search_panel_select_range HTTP/1.1" 200 - 43 0.081 0.030
2024-07-19 12:17:33,791 37804 INFO asset_001 werkzeug: 10.0.0.36 - - [19/Jul/2024 12:17:33] "POST /web/dataset/call_kw/ir.module.module/web_search_read HTTP/1.1" 200 - 3 0.031 0.010
2024-07-19 12:17:36,789 37804 INFO asset_001 odoo.addons.base.models.ir_module: ALLOW access to module.button_immediate_install on ['Fixed Asset Sage Inetgration'] to user admin #2 via 10.0.0.36 
2024-07-19 12:17:36,789 37804 INFO asset_001 odoo.addons.base.models.ir_module: User #2 triggered module installation 
2024-07-19 12:17:36,790 37804 INFO asset_001 odoo.addons.base.models.ir_module: ALLOW access to module.button_install on ['Fixed Asset Sage Inetgration'] to user admin #2 via 10.0.0.36 
2024-07-19 12:17:36,834 37804 WARNING asset_001 odoo.modules.module: DistributionNotFound: The 'pycryptodome' distribution was not found and is required by the application 
2024-07-19 12:17:36,939 37804 WARNING asset_001 odoo.http: Unable to install module "asset_sage_inetgration" because an external dependency is not met: Python library not installed: pycryptodome 
2024-07-19 12:17:36,939 37804 INFO asset_001 werkzeug: 10.0.0.36 - - [19/Jul/2024 12:17:36] "POST /web/dataset/call_button HTTP/1.1" 200 - 8 0.016 0.148
2024-07-19 12:38:26,048 37804 INFO ? odoo.service.server: Initiating shutdown 
2024-07-19 12:38:26,049 37804 INFO ? odoo.service.server: Hit CTRL-C again or send a second signal to force the shutdown. 
2024-07-19 12:38:48,760 49448 INFO ? odoo: Odoo version 16.0+e-20240716 
2024-07-19 12:38:48,761 49448 INFO ? odoo: Using configuration file at C:\Odoo16\server\odoo.conf 
2024-07-19 12:38:48,761 49448 INFO ? odoo: addons paths: ['C:\\Odoo16\\server\\odoo\\addons', 'c:\\odoo16\\sessions\\addons\\16.0', 'c:\\odoo16\\server\\odoo\\addons', 'c:\\odoo16\\server\\custom_addons'] 
2024-07-19 12:38:48,761 49448 INFO ? odoo: database: openpg@localhost:5432 
2024-07-19 12:38:50,128 49448 INFO ? odoo.addons.base.models.ir_actions_report: Will use the Wkhtmltopdf binary at C:\Odoo16\thirdparty\wkhtmltopdf.exe 
2024-07-19 12:38:54,257 49448 INFO ? odoo.service.server: HTTP service (werkzeug) running on UMDMPASTEL.umdm.gov.za:8069 
2024-07-19 12:38:55,036 49448 INFO asset_001 odoo.modules.loading: loading 1 modules... 
2024-07-19 12:38:55,049 49448 INFO asset_001 odoo.modules.loading: 1 modules loaded in 0.01s, 0 queries (+0 extra) 
2024-07-19 12:38:55,933 49448 INFO asset_001 odoo.modules.loading: loading 72 modules... 
2024-07-19 12:39:08,332 49448 INFO asset_001 odoo.modules.loading: 72 modules loaded in 12.40s, 0 queries (+0 extra) 
2024-07-19 12:39:08,599 49448 INFO asset_001 odoo.modules.loading: Modules loaded. 
2024-07-19 12:39:08,668 49448 INFO asset_001 odoo.modules.registry: Registry loaded in 14.104s 
2024-07-19 12:39:08,939 49448 INFO ? werkzeug: 10.0.0.36 - - [19/Jul/2024 12:39:08] "GET /web/static/img/spin.svg HTTP/1.1" 200 - 0 0.000 9.750
2024-07-19 12:39:09,216 49448 INFO Asset odoo.modules.loading: loading 1 modules... 
2024-07-19 12:39:09,229 49448 INFO Asset odoo.modules.loading: 1 modules loaded in 0.01s, 0 queries (+0 extra) 
2024-07-19 12:39:09,233 49448 INFO Asset odoo.modules.loading: loading 13 modules... 
2024-07-19 12:39:09,242 49448 INFO Asset odoo.modules.loading: 13 modules loaded in 0.01s, 0 queries (+0 extra) 
2024-07-19 12:39:09,446 49448 INFO Asset odoo.modules.loading: Modules loaded. 
2024-07-19 12:39:09,522 49448 INFO Asset odoo.modules.registry: Registry loaded in 0.853s 
2024-07-19 12:39:09,522 49448 INFO asset_001 odoo.addons.base.models.ir_http: Generating routing map for key None 
2024-07-19 12:39:09,755 49448 INFO Asset odoo.addons.base.models.ir_http: Generating routing map for key None 
2024-07-19 12:39:10,108 49448 INFO asset_001 werkzeug: 10.0.0.36 - - [19/Jul/2024 12:39:10] "GET /websocket HTTP/1.1" 101 - 22 0.771 14.780
2024-07-19 12:39:10,111 49448 INFO asset_001 odoo.addons.base.models.ir_module: ALLOW access to module.button_immediate_install on ['Fixed Asset Sage Inetgration'] to user admin #2 via 10.0.0.36 
2024-07-19 12:39:10,111 49448 INFO asset_001 odoo.addons.base.models.ir_module: User #2 triggered module installation 
2024-07-19 12:39:10,203 49448 INFO asset_001 odoo.addons.base.models.ir_module: ALLOW access to module.button_install on ['Fixed Asset Sage Inetgration'] to user admin #2 via 10.0.0.36 
2024-07-19 12:39:10,257 49448 INFO Asset werkzeug: 127.0.0.1 - - [19/Jul/2024 12:39:10] "GET /websocket HTTP/1.1" 101 - 22 0.848 3.317
2024-07-19 12:39:10,291 49448 INFO ? odoo.addons.bus.models.bus: Bus.loop listen imbus on db postgres 
2024-07-19 12:39:10,528 49448 INFO asset_001 odoo.modules.loading: loading 1 modules... 
2024-07-19 12:39:10,537 49448 INFO asset_001 odoo.modules.loading: 1 modules loaded in 0.01s, 0 queries (+0 extra) 
2024-07-19 12:39:10,554 49448 INFO asset_001 odoo.modules.loading: updating modules list 
2024-07-19 12:39:10,556 49448 INFO asset_001 odoo.addons.base.models.ir_module: ALLOW access to module.update_list on [] to user __system__ #1 via 10.0.0.36 
2024-07-19 12:39:12,256 49448 INFO asset_001 odoo.modules.loading: loading 72 modules... 
2024-07-19 12:39:12,290 49448 INFO asset_001 odoo.modules.loading: 72 modules loaded in 0.03s, 0 queries (+0 extra) 
2024-07-19 12:39:12,293 49448 INFO asset_001 odoo.modules.loading: loading 73 modules... 
2024-07-19 12:39:12,294 49448 INFO asset_001 odoo.modules.loading: Loading module asset_sage_inetgration (65/73) 
2024-07-19 12:39:12,465 49448 WARNING asset_001 odoo.models: The model asset.sage.integration has no _description 
2024-07-19 12:39:12,690 49448 INFO asset_001 odoo.modules.registry: module asset_sage_inetgration: creating or updating database tables 
2024-07-19 12:39:14,664 49448 INFO asset_001 odoo.modules.loading: loading asset_sage_inetgration/security/ir.model.access.csv 
2024-07-19 12:39:14,847 49448 INFO asset_001 odoo.modules.loading: loading asset_sage_inetgration/views/asset_sage_integration_views.xml 
2024-07-19 12:39:15,238 49448 INFO asset_001 odoo.modules.loading: loading asset_sage_inetgration/views/account_account_views.xml 
2024-07-19 12:39:15,375 49448 INFO asset_001 odoo.modules.loading: Module asset_sage_inetgration loaded in 3.08s, 221 queries (+221 other) 
2024-07-19 12:39:15,375 49448 INFO asset_001 odoo.modules.loading: 73 modules loaded in 3.08s, 221 queries (+221 extra) 
2024-07-19 12:39:16,519 49448 INFO asset_001 odoo.modules.loading: Modules loaded. 
2024-07-19 12:39:16,527 49448 INFO asset_001 odoo.modules.registry: Registry loaded in 6.023s 
2024-07-19 12:39:16,528 49448 INFO asset_001 odoo.addons.base.models.ir_module: getting next ir.actions.todo() 
2024-07-19 12:39:16,592 49448 INFO asset_001 odoo.modules.registry: Registry changed, signaling through the database 
2024-07-19 12:39:17,050 49448 INFO asset_001 werkzeug: 10.0.0.36 - - [19/Jul/2024 12:39:17] "POST /web/dataset/call_button HTTP/1.1" 200 - 2944 4.794 16.320
2024-07-19 12:39:17,148 49448 INFO asset_001 odoo.addons.base.models.ir_http: Generating routing map for key None 
2024-07-19 12:39:19,319 49448 INFO asset_001 werkzeug: 10.0.0.36 - - [19/Jul/2024 12:39:19] "GET /web HTTP/1.1" 200 - 89 0.351 1.827
2024-07-19 12:39:19,456 49448 INFO asset_001 werkzeug: 10.0.0.36 - - [19/Jul/2024 12:39:19] "GET /web/webclient/load_menus/0a7decc6e89f9edcef42704b817f9ec8984ed19fab42254400be7ff6ccea4fb8 HTTP/1.1" 200 - 2 0.009 0.013
2024-07-19 12:39:19,500 49448 INFO asset_001 werkzeug: 10.0.0.36 - - [19/Jul/2024 12:39:19] "GET /web/webclient/translations/f6b5f54dde77ff3cd144ec310c819cfd31a9bae3?lang=en_US HTTP/1.1" 200 - 3 0.049 0.010
2024-07-19 12:39:20,143 49448 INFO asset_001 werkzeug: 10.0.0.36 - - [19/Jul/2024 12:39:20] "GET /bus/websocket_worker_bundle?v=1.0.5 HTTP/1.1" 304 - 5 0.005 0.038
2024-07-19 12:39:20,163 49448 INFO ? werkzeug: 10.0.0.36 - - [19/Jul/2024 12:39:20] "GET /mail/static/src/audio/ting.ogg HTTP/1.1" 206 - 0 0.000 0.017
2024-07-19 12:39:20,463 49448 INFO asset_001 werkzeug: 10.0.0.36 - - [19/Jul/2024 12:39:20] "POST /web/dataset/call_kw/res.users/systray_get_activities HTTP/1.1" 200 - 3 0.083 0.184
2024-07-19 12:39:20,485 49448 ERROR asset_001 odoo.http: Exception during request handling. 
Traceback (most recent call last):
  File "C:\Odoo16\server\odoo\http.py", line 2044, in __call__
    response = request._serve_db()
               ^^^^^^^^^^^^^^^^^^^
  File "C:\Odoo16\server\odoo\http.py", line 1632, in _serve_db
    return service_model.retrying(self._serve_ir_http, self.env)
           ^^^^^^^^^^^^^^^^^^^^^^^^^^^^^^^^^^^^^^^^^^^^^^^^^^^^^
  File "C:\Odoo16\server\odoo\service\model.py", line 133, in retrying
    result = func()
             ^^^^^^
  File "C:\Odoo16\server\odoo\http.py", line 1659, in _serve_ir_http
    response = self.dispatcher.dispatch(rule.endpoint, args)
               ^^^^^^^^^^^^^^^^^^^^^^^^^^^^^^^^^^^^^^^^^^^^^
  File "C:\Odoo16\server\odoo\http.py", line 1773, in dispatch
    return self.request.registry['ir.http']._dispatch(endpoint)
           ^^^^^^^^^^^^^^^^^^^^^^^^^^^^^^^^^^^^^^^^^^^^^^^^^^^^
  File "C:\Odoo16\server\odoo\addons\base\models\ir_http.py", line 154, in _dispatch
    result = endpoint(**request.params)
             ^^^^^^^^^^^^^^^^^^^^^^^^^^
  File "C:\Odoo16\server\odoo\http.py", line 716, in route_wrapper
    result = endpoint(self, *args, **params_ok)
             ^^^^^^^^^^^^^^^^^^^^^^^^^^^^^^^^^^
  File "C:\Odoo16\server\odoo\addons\web\controllers\binary.py", line 147, in content_image
    stream = request.env['ir.binary']._get_image_stream_from(
             ^^^^^^^^^^^^^^^^^^^^^^^^^^^^^^^^^^^^^^^^^^^^^^^^
  File "C:\Odoo16\server\odoo\addons\base\models\ir_binary.py", line 205, in _get_image_stream_from
    stream = self._get_stream_from(
             ^^^^^^^^^^^^^^^^^^^^^^
  File "C:\Odoo16\server\odoo\addons\base\models\ir_binary.py", line 129, in _get_stream_from
    stream = self._record_to_stream(record, field_name)
             ^^^^^^^^^^^^^^^^^^^^^^^^^^^^^^^^^^^^^^^^^^
  File "C:\Odoo16\server\odoo\addons\base\models\ir_binary.py", line 90, in _record_to_stream
    return Stream.from_attachment(field_attachment)
           ^^^^^^^^^^^^^^^^^^^^^^^^^^^^^^^^^^^^^^^^
  File "C:\Odoo16\server\odoo\http.py", line 486, in from_attachment
    stat = os.stat(self.path)
           ^^^^^^^^^^^^^^^^^^
FileNotFoundError: [WinError 2] The system cannot find the file specified: 'c:\\odoo16\\sessions\\filestore\\asset_001/d0/d09086a0794cf3070f12e742f27126254b4e2b5a'
2024-07-19 12:39:20,494 49448 INFO asset_001 werkzeug: 10.0.0.36 - - [19/Jul/2024 12:39:20] "GET /websocket HTTP/1.1" 101 - 1 0.003 0.262
2024-07-19 12:39:20,553 49448 INFO asset_001 werkzeug: 10.0.0.36 - - [19/Jul/2024 12:39:20] "GET /web/image/res.company/1/favicon HTTP/1.1" 500 - 9 0.011 0.296
2024-07-19 12:39:20,589 49448 ERROR asset_001 odoo.http: Exception during request handling. 
Traceback (most recent call last):
  File "C:\Odoo16\server\odoo\http.py", line 2044, in __call__
    response = request._serve_db()
               ^^^^^^^^^^^^^^^^^^^
  File "C:\Odoo16\server\odoo\http.py", line 1632, in _serve_db
    return service_model.retrying(self._serve_ir_http, self.env)
           ^^^^^^^^^^^^^^^^^^^^^^^^^^^^^^^^^^^^^^^^^^^^^^^^^^^^^
  File "C:\Odoo16\server\odoo\service\model.py", line 133, in retrying
    result = func()
             ^^^^^^
  File "C:\Odoo16\server\odoo\http.py", line 1659, in _serve_ir_http
    response = self.dispatcher.dispatch(rule.endpoint, args)
               ^^^^^^^^^^^^^^^^^^^^^^^^^^^^^^^^^^^^^^^^^^^^^
  File "C:\Odoo16\server\odoo\http.py", line 1773, in dispatch
    return self.request.registry['ir.http']._dispatch(endpoint)
           ^^^^^^^^^^^^^^^^^^^^^^^^^^^^^^^^^^^^^^^^^^^^^^^^^^^^
  File "C:\Odoo16\server\odoo\addons\base\models\ir_http.py", line 154, in _dispatch
    result = endpoint(**request.params)
             ^^^^^^^^^^^^^^^^^^^^^^^^^^
  File "C:\Odoo16\server\odoo\http.py", line 716, in route_wrapper
    result = endpoint(self, *args, **params_ok)
             ^^^^^^^^^^^^^^^^^^^^^^^^^^^^^^^^^^
  File "C:\Odoo16\server\odoo\addons\web\controllers\binary.py", line 147, in content_image
    stream = request.env['ir.binary']._get_image_stream_from(
             ^^^^^^^^^^^^^^^^^^^^^^^^^^^^^^^^^^^^^^^^^^^^^^^^
  File "C:\Odoo16\server\odoo\addons\base\models\ir_binary.py", line 205, in _get_image_stream_from
    stream = self._get_stream_from(
             ^^^^^^^^^^^^^^^^^^^^^^
  File "C:\Odoo16\server\odoo\addons\base\models\ir_binary.py", line 129, in _get_stream_from
    stream = self._record_to_stream(record, field_name)
             ^^^^^^^^^^^^^^^^^^^^^^^^^^^^^^^^^^^^^^^^^^
  File "C:\Odoo16\server\odoo\addons\base\models\ir_binary.py", line 90, in _record_to_stream
    return Stream.from_attachment(field_attachment)
           ^^^^^^^^^^^^^^^^^^^^^^^^^^^^^^^^^^^^^^^^
  File "C:\Odoo16\server\odoo\http.py", line 486, in from_attachment
    stat = os.stat(self.path)
           ^^^^^^^^^^^^^^^^^^
FileNotFoundError: [WinError 2] The system cannot find the file specified: 'c:\\odoo16\\sessions\\filestore\\asset_001/d0/d09086a0794cf3070f12e742f27126254b4e2b5a'
2024-07-19 12:39:20,592 49448 INFO asset_001 werkzeug: 10.0.0.36 - - [19/Jul/2024 12:39:20] "GET /web/image/res.company/1/favicon HTTP/1.1" 500 - 4 0.019 0.010
2024-07-19 12:39:20,606 49448 INFO asset_001 werkzeug: 10.0.0.36 - - [19/Jul/2024 12:39:20] "GET /web/image?model=res.users&field=avatar_128&id=2 HTTP/1.1" 304 - 12 0.124 0.249
2024-07-19 12:39:20,610 49448 ERROR asset_001 odoo.http: Exception during request handling. 
Traceback (most recent call last):
  File "C:\Odoo16\server\odoo\http.py", line 2044, in __call__
    response = request._serve_db()
               ^^^^^^^^^^^^^^^^^^^
  File "C:\Odoo16\server\odoo\http.py", line 1632, in _serve_db
    return service_model.retrying(self._serve_ir_http, self.env)
           ^^^^^^^^^^^^^^^^^^^^^^^^^^^^^^^^^^^^^^^^^^^^^^^^^^^^^
  File "C:\Odoo16\server\odoo\service\model.py", line 133, in retrying
    result = func()
             ^^^^^^
  File "C:\Odoo16\server\odoo\http.py", line 1659, in _serve_ir_http
    response = self.dispatcher.dispatch(rule.endpoint, args)
               ^^^^^^^^^^^^^^^^^^^^^^^^^^^^^^^^^^^^^^^^^^^^^
  File "C:\Odoo16\server\odoo\http.py", line 1773, in dispatch
    return self.request.registry['ir.http']._dispatch(endpoint)
           ^^^^^^^^^^^^^^^^^^^^^^^^^^^^^^^^^^^^^^^^^^^^^^^^^^^^
  File "C:\Odoo16\server\odoo\addons\base\models\ir_http.py", line 154, in _dispatch
    result = endpoint(**request.params)
             ^^^^^^^^^^^^^^^^^^^^^^^^^^
  File "C:\Odoo16\server\odoo\http.py", line 716, in route_wrapper
    result = endpoint(self, *args, **params_ok)
             ^^^^^^^^^^^^^^^^^^^^^^^^^^^^^^^^^^
  File "C:\Odoo16\server\odoo\addons\web\controllers\binary.py", line 147, in content_image
    stream = request.env['ir.binary']._get_image_stream_from(
             ^^^^^^^^^^^^^^^^^^^^^^^^^^^^^^^^^^^^^^^^^^^^^^^^
  File "C:\Odoo16\server\odoo\addons\base\models\ir_binary.py", line 205, in _get_image_stream_from
    stream = self._get_stream_from(
             ^^^^^^^^^^^^^^^^^^^^^^
  File "C:\Odoo16\server\odoo\addons\base\models\ir_binary.py", line 129, in _get_stream_from
    stream = self._record_to_stream(record, field_name)
             ^^^^^^^^^^^^^^^^^^^^^^^^^^^^^^^^^^^^^^^^^^
  File "C:\Odoo16\server\odoo\addons\base\models\ir_binary.py", line 90, in _record_to_stream
    return Stream.from_attachment(field_attachment)
           ^^^^^^^^^^^^^^^^^^^^^^^^^^^^^^^^^^^^^^^^
  File "C:\Odoo16\server\odoo\http.py", line 486, in from_attachment
    stat = os.stat(self.path)
           ^^^^^^^^^^^^^^^^^^
FileNotFoundError: [WinError 2] The system cannot find the file specified: 'c:\\odoo16\\sessions\\filestore\\asset_001/d0/d09086a0794cf3070f12e742f27126254b4e2b5a'
2024-07-19 12:39:20,614 49448 INFO asset_001 werkzeug: 10.0.0.36 - - [19/Jul/2024 12:39:20] "GET /web/image/res.company/1/favicon HTTP/1.1" 500 - 4 0.004 0.012
2024-07-19 12:39:20,630 49448 ERROR asset_001 odoo.http: Exception during request handling. 
Traceback (most recent call last):
  File "C:\Odoo16\server\odoo\http.py", line 2044, in __call__
    response = request._serve_db()
               ^^^^^^^^^^^^^^^^^^^
  File "C:\Odoo16\server\odoo\http.py", line 1632, in _serve_db
    return service_model.retrying(self._serve_ir_http, self.env)
           ^^^^^^^^^^^^^^^^^^^^^^^^^^^^^^^^^^^^^^^^^^^^^^^^^^^^^
  File "C:\Odoo16\server\odoo\service\model.py", line 133, in retrying
    result = func()
             ^^^^^^
  File "C:\Odoo16\server\odoo\http.py", line 1659, in _serve_ir_http
    response = self.dispatcher.dispatch(rule.endpoint, args)
               ^^^^^^^^^^^^^^^^^^^^^^^^^^^^^^^^^^^^^^^^^^^^^
  File "C:\Odoo16\server\odoo\http.py", line 1773, in dispatch
    return self.request.registry['ir.http']._dispatch(endpoint)
           ^^^^^^^^^^^^^^^^^^^^^^^^^^^^^^^^^^^^^^^^^^^^^^^^^^^^
  File "C:\Odoo16\server\odoo\addons\base\models\ir_http.py", line 154, in _dispatch
    result = endpoint(**request.params)
             ^^^^^^^^^^^^^^^^^^^^^^^^^^
  File "C:\Odoo16\server\odoo\http.py", line 716, in route_wrapper
    result = endpoint(self, *args, **params_ok)
             ^^^^^^^^^^^^^^^^^^^^^^^^^^^^^^^^^^
  File "C:\Odoo16\server\odoo\addons\web\controllers\binary.py", line 147, in content_image
    stream = request.env['ir.binary']._get_image_stream_from(
             ^^^^^^^^^^^^^^^^^^^^^^^^^^^^^^^^^^^^^^^^^^^^^^^^
  File "C:\Odoo16\server\odoo\addons\base\models\ir_binary.py", line 205, in _get_image_stream_from
    stream = self._get_stream_from(
             ^^^^^^^^^^^^^^^^^^^^^^
  File "C:\Odoo16\server\odoo\addons\base\models\ir_binary.py", line 129, in _get_stream_from
    stream = self._record_to_stream(record, field_name)
             ^^^^^^^^^^^^^^^^^^^^^^^^^^^^^^^^^^^^^^^^^^
  File "C:\Odoo16\server\odoo\addons\base\models\ir_binary.py", line 90, in _record_to_stream
    return Stream.from_attachment(field_attachment)
           ^^^^^^^^^^^^^^^^^^^^^^^^^^^^^^^^^^^^^^^^
  File "C:\Odoo16\server\odoo\http.py", line 486, in from_attachment
    stat = os.stat(self.path)
           ^^^^^^^^^^^^^^^^^^
FileNotFoundError: [WinError 2] The system cannot find the file specified: 'c:\\odoo16\\sessions\\filestore\\asset_001/d0/d09086a0794cf3070f12e742f27126254b4e2b5a'
2024-07-19 12:39:20,633 49448 INFO asset_001 werkzeug: 10.0.0.36 - - [19/Jul/2024 12:39:20] "GET /web/image/res.company/1/favicon HTTP/1.1" 500 - 4 0.004 0.010
2024-07-19 12:39:20,662 49448 ERROR asset_001 odoo.http: Exception during request handling. 
Traceback (most recent call last):
  File "C:\Odoo16\server\odoo\http.py", line 2044, in __call__
    response = request._serve_db()
               ^^^^^^^^^^^^^^^^^^^
  File "C:\Odoo16\server\odoo\http.py", line 1632, in _serve_db
    return service_model.retrying(self._serve_ir_http, self.env)
           ^^^^^^^^^^^^^^^^^^^^^^^^^^^^^^^^^^^^^^^^^^^^^^^^^^^^^
  File "C:\Odoo16\server\odoo\service\model.py", line 133, in retrying
    result = func()
             ^^^^^^
  File "C:\Odoo16\server\odoo\http.py", line 1659, in _serve_ir_http
    response = self.dispatcher.dispatch(rule.endpoint, args)
               ^^^^^^^^^^^^^^^^^^^^^^^^^^^^^^^^^^^^^^^^^^^^^
  File "C:\Odoo16\server\odoo\http.py", line 1773, in dispatch
    return self.request.registry['ir.http']._dispatch(endpoint)
           ^^^^^^^^^^^^^^^^^^^^^^^^^^^^^^^^^^^^^^^^^^^^^^^^^^^^
  File "C:\Odoo16\server\odoo\addons\base\models\ir_http.py", line 154, in _dispatch
    result = endpoint(**request.params)
             ^^^^^^^^^^^^^^^^^^^^^^^^^^
  File "C:\Odoo16\server\odoo\http.py", line 716, in route_wrapper
    result = endpoint(self, *args, **params_ok)
             ^^^^^^^^^^^^^^^^^^^^^^^^^^^^^^^^^^
  File "C:\Odoo16\server\odoo\addons\web\controllers\binary.py", line 147, in content_image
    stream = request.env['ir.binary']._get_image_stream_from(
             ^^^^^^^^^^^^^^^^^^^^^^^^^^^^^^^^^^^^^^^^^^^^^^^^
  File "C:\Odoo16\server\odoo\addons\base\models\ir_binary.py", line 205, in _get_image_stream_from
    stream = self._get_stream_from(
             ^^^^^^^^^^^^^^^^^^^^^^
  File "C:\Odoo16\server\odoo\addons\base\models\ir_binary.py", line 129, in _get_stream_from
    stream = self._record_to_stream(record, field_name)
             ^^^^^^^^^^^^^^^^^^^^^^^^^^^^^^^^^^^^^^^^^^
  File "C:\Odoo16\server\odoo\addons\base\models\ir_binary.py", line 90, in _record_to_stream
    return Stream.from_attachment(field_attachment)
           ^^^^^^^^^^^^^^^^^^^^^^^^^^^^^^^^^^^^^^^^
  File "C:\Odoo16\server\odoo\http.py", line 486, in from_attachment
    stat = os.stat(self.path)
           ^^^^^^^^^^^^^^^^^^
FileNotFoundError: [WinError 2] The system cannot find the file specified: 'c:\\odoo16\\sessions\\filestore\\asset_001/d0/d09086a0794cf3070f12e742f27126254b4e2b5a'
2024-07-19 12:39:20,664 49448 INFO asset_001 werkzeug: 10.0.0.36 - - [19/Jul/2024 12:39:20] "GET /web/image/res.company/1/favicon HTTP/1.1" 500 - 4 0.004 0.011
2024-07-19 12:39:20,869 49448 INFO asset_001 werkzeug: 10.0.0.36 - - [19/Jul/2024 12:39:20] "POST /mail/init_messaging HTTP/1.1" 200 - 52 0.682 0.048
2024-07-19 12:39:20,957 49448 INFO asset_001 werkzeug: 10.0.0.36 - - [19/Jul/2024 12:39:20] "POST /mail/load_message_failures HTTP/1.1" 200 - 3 0.052 0.012
2024-07-19 12:58:53,694 49448 INFO asset_001 odoo.addons.base.models.ir_cron: Starting job `Base: Auto-vacuum internal data`. 
2024-07-19 12:58:54,030 49448 INFO asset_001 odoo.addons.base.models.ir_attachment: _file_gc could not unlink c:\odoo16\sessions\filestore\asset_001\98/98be5aece33f5a40f3c2cf80303d74ddf6330cf6 
Traceback (most recent call last):
  File "C:\Odoo16\server\odoo\addons\base\models\ir_attachment.py", line 209, in _gc_file_store_unsafe
    os.unlink(self._full_path(fname))
FileNotFoundError: [WinError 3] The system cannot find the path specified: 'c:\\odoo16\\sessions\\filestore\\asset_001\\98/98be5aece33f5a40f3c2cf80303d74ddf6330cf6'
2024-07-19 12:58:54,143 49448 INFO asset_001 odoo.addons.base.models.ir_attachment: _file_gc could not unlink c:\odoo16\sessions\filestore\asset_001\ec/ecf7557ef6a1048ad46b26877e5cb8bac4852cf7 
Traceback (most recent call last):
  File "C:\Odoo16\server\odoo\addons\base\models\ir_attachment.py", line 209, in _gc_file_store_unsafe
    os.unlink(self._full_path(fname))
FileNotFoundError: [WinError 2] The system cannot find the file specified: 'c:\\odoo16\\sessions\\filestore\\asset_001\\ec/ecf7557ef6a1048ad46b26877e5cb8bac4852cf7'
2024-07-19 12:58:54,153 49448 INFO asset_001 odoo.addons.base.models.ir_attachment: _file_gc could not unlink c:\odoo16\sessions\filestore\asset_001\ef/efaa3c429aa1be4fb4fad5f4066b64cc2ffbf01e 
Traceback (most recent call last):
  File "C:\Odoo16\server\odoo\addons\base\models\ir_attachment.py", line 209, in _gc_file_store_unsafe
    os.unlink(self._full_path(fname))
FileNotFoundError: [WinError 2] The system cannot find the file specified: 'c:\\odoo16\\sessions\\filestore\\asset_001\\ef/efaa3c429aa1be4fb4fad5f4066b64cc2ffbf01e'
2024-07-19 12:58:54,159 49448 INFO asset_001 odoo.addons.base.models.ir_attachment: _file_gc could not unlink c:\odoo16\sessions\filestore\asset_001\f0/f012d107cc24ea8cb36637d761a39df3084ed52a 
Traceback (most recent call last):
  File "C:\Odoo16\server\odoo\addons\base\models\ir_attachment.py", line 209, in _gc_file_store_unsafe
    os.unlink(self._full_path(fname))
FileNotFoundError: [WinError 3] The system cannot find the path specified: 'c:\\odoo16\\sessions\\filestore\\asset_001\\f0/f012d107cc24ea8cb36637d761a39df3084ed52a'
2024-07-19 12:58:54,173 49448 INFO asset_001 odoo.addons.base.models.ir_attachment: _file_gc could not unlink c:\odoo16\sessions\filestore\asset_001\f9/f9b0796169ed61e6561e262e7672e3de10e0b3bd 
Traceback (most recent call last):
  File "C:\Odoo16\server\odoo\addons\base\models\ir_attachment.py", line 209, in _gc_file_store_unsafe
    os.unlink(self._full_path(fname))
FileNotFoundError: [WinError 3] The system cannot find the path specified: 'c:\\odoo16\\sessions\\filestore\\asset_001\\f9/f9b0796169ed61e6561e262e7672e3de10e0b3bd'
2024-07-19 12:58:54,177 49448 INFO asset_001 odoo.addons.base.models.ir_attachment: filestore gc 88 checked, 0 removed 
2024-07-19 12:58:54,439 49448 INFO asset_001 odoo.addons.base.models.res_users: GC'd 1 user log entries 
2024-07-19 12:58:54,795 49448 INFO asset_001 odoo.addons.auth_totp.models.auth_totp: GC'd 0 totp devices entries 
2024-07-19 12:58:54,984 49448 INFO asset_001 odoo.models.unlink: User #1 deleted bus.bus records with IDs: [5, 6, 7, 8, 9, 10, 11, 12, 13, 14, 15, 16, 17, 18, 19, 20, 21, 22, 23, 24, 25, 26, 27, 28, 29, 30, 31, 32, 33, 34, 35, 36, 37, 38, 39, 40, 41, 42, 43, 44, 45, 46, 47, 48, 49, 50, 51, 52, 53, 54, 55, 56, 57, 58, 59, 60, 61, 62, 63, 64, 65, 66, 67, 68, 69, 70, 71, 72, 73, 74, 75, 76, 77, 78, 79, 80, 81, 82, 83, 84, 85, 86, 87, 88, 89, 90, 91, 92, 93, 94, 95, 96, 97, 98, 99, 100, 101, 102, 103, 104, 105, 106, 107, 108, 109, 110, 111, 112, 113, 114, 115, 116, 117, 118, 119, 120, 121, 122, 123, 124, 125, 126, 127, 128, 129, 130, 131, 132, 133, 134, 135, 136, 137, 138, 139, 140, 141, 142, 143, 144, 145, 146, 147, 148, 149, 150, 151, 152, 153, 154, 155, 156, 157, 158, 159, 160, 161, 162, 163, 164, 165, 166, 167, 168, 169, 170, 171, 172, 173, 174, 175, 176, 177, 178, 179, 180, 181, 182, 183, 184, 185, 186, 187] 
2024-07-19 12:58:56,131 49448 INFO asset_001 odoo.addons.base.models.ir_cron: Job `Base: Auto-vacuum internal data` done. 
2024-07-19 13:07:56,265 49448 INFO asset_001 odoo.addons.base.models.ir_cron: Starting job `Account: Journal online sync`. 
2024-07-19 13:07:56,323 49448 INFO asset_001 odoo.addons.base.models.ir_cron: Job `Account: Journal online sync` done. 
2024-07-19 13:49:49,083 49448 INFO asset_001 werkzeug: 10.0.0.36 - - [19/Jul/2024 13:49:49] "GET /websocket HTTP/1.1" 101 - 1 0.001 0.028
2024-07-19 13:54:57,340 49448 INFO Asset odoo.addons.base.models.ir_cron: Starting job `Base: Auto-vacuum internal data`. 
2024-07-19 13:54:57,743 49448 INFO Asset odoo.addons.base.models.ir_attachment: filestore gc 0 checked, 0 removed 
2024-07-19 13:54:58,060 49448 INFO Asset odoo.addons.base.models.res_users: GC'd 0 user log entries 
2024-07-19 13:54:58,430 49448 INFO Asset odoo.addons.auth_totp.models.auth_totp: GC'd 0 totp devices entries 
2024-07-19 13:54:58,533 49448 INFO Asset odoo.addons.base.models.ir_cron: Job `Base: Auto-vacuum internal data` done. 
2024-07-19 14:02:34,229 49448 INFO Asset werkzeug: 127.0.0.1 - - [19/Jul/2024 14:02:34] "GET /websocket HTTP/1.1" 101 - 1 0.001 0.029
2024-07-19 14:26:04,630 49448 ERROR ? odoo.addons.bus.models.bus: Bus.loop error, sleep and retry 
Traceback (most recent call last):
  File "C:\Odoo16\server\odoo\addons\bus\models\bus.py", line 223, in run
    self.loop()
  File "C:\Odoo16\server\odoo\addons\bus\models\bus.py", line 208, in loop
    conn.poll()
psycopg2.OperationalError: server closed the connection unexpectedly
	This probably means the server terminated abnormally
	before or while processing the request.

2024-07-19 14:26:04,770 49448 WARNING asset_001 odoo.addons.base.models.ir_cron: Exception in cron: 
Traceback (most recent call last):
  File "C:\Odoo16\server\odoo\addons\base\models\ir_cron.py", line 115, in _process_jobs
    with db.cursor() as cron_cr:
         ^^^^^^^^^^^
  File "C:\Odoo16\server\odoo\sql_db.py", line 740, in cursor
    return Cursor(self.__pool, self.__dbname, self.__dsn)
           ^^^^^^^^^^^^^^^^^^^^^^^^^^^^^^^^^^^^^^^^^^^^^^
  File "C:\Odoo16\server\odoo\sql_db.py", line 267, in __init__
    self._cnx = pool.borrow(dsn)
                ^^^^^^^^^^^^^^^^
  File "<decorator-gen-2>", line 2, in borrow
  File "C:\Odoo16\server\odoo\tools\func.py", line 87, in locked
    return func(inst, *args, **kwargs)
           ^^^^^^^^^^^^^^^^^^^^^^^^^^^
  File "C:\Odoo16\server\odoo\sql_db.py", line 668, in borrow
    result = psycopg2.connect(
             ^^^^^^^^^^^^^^^^^
  File "C:\Odoo16\python\Lib\site-packages\psycopg2\__init__.py", line 122, in connect
    conn = _connect(dsn, connection_factory=connection_factory, **kwasync)
           ^^^^^^^^^^^^^^^^^^^^^^^^^^^^^^^^^^^^^^^^^^^^^^^^^^^^^^^^^^^^^^^
psycopg2.OperationalError: connection to server at "localhost" (::1), port 5432 failed: FATAL:  the database system is shutting down

2024-07-19 14:26:04,920 49448 WARNING asset_001 odoo.addons.base.models.ir_cron: Exception in cron: 
Traceback (most recent call last):
  File "C:\Odoo16\server\odoo\addons\base\models\ir_cron.py", line 115, in _process_jobs
    with db.cursor() as cron_cr:
         ^^^^^^^^^^^
  File "C:\Odoo16\server\odoo\sql_db.py", line 740, in cursor
    return Cursor(self.__pool, self.__dbname, self.__dsn)
           ^^^^^^^^^^^^^^^^^^^^^^^^^^^^^^^^^^^^^^^^^^^^^^
  File "C:\Odoo16\server\odoo\sql_db.py", line 267, in __init__
    self._cnx = pool.borrow(dsn)
                ^^^^^^^^^^^^^^^^
  File "<decorator-gen-2>", line 2, in borrow
  File "C:\Odoo16\server\odoo\tools\func.py", line 87, in locked
    return func(inst, *args, **kwargs)
           ^^^^^^^^^^^^^^^^^^^^^^^^^^^
  File "C:\Odoo16\server\odoo\sql_db.py", line 668, in borrow
    result = psycopg2.connect(
             ^^^^^^^^^^^^^^^^^
  File "C:\Odoo16\python\Lib\site-packages\psycopg2\__init__.py", line 122, in connect
    conn = _connect(dsn, connection_factory=connection_factory, **kwasync)
           ^^^^^^^^^^^^^^^^^^^^^^^^^^^^^^^^^^^^^^^^^^^^^^^^^^^^^^^^^^^^^^^
psycopg2.OperationalError: connection to server at "localhost" (::1), port 5432 failed: FATAL:  the database system is shutting down

2024-07-19 14:26:04,999 49448 WARNING Asset odoo.addons.base.models.ir_cron: Exception in cron: 
Traceback (most recent call last):
  File "C:\Odoo16\server\odoo\addons\base\models\ir_cron.py", line 115, in _process_jobs
    with db.cursor() as cron_cr:
         ^^^^^^^^^^^
  File "C:\Odoo16\server\odoo\sql_db.py", line 740, in cursor
    return Cursor(self.__pool, self.__dbname, self.__dsn)
           ^^^^^^^^^^^^^^^^^^^^^^^^^^^^^^^^^^^^^^^^^^^^^^
  File "C:\Odoo16\server\odoo\sql_db.py", line 267, in __init__
    self._cnx = pool.borrow(dsn)
                ^^^^^^^^^^^^^^^^
  File "<decorator-gen-2>", line 2, in borrow
  File "C:\Odoo16\server\odoo\tools\func.py", line 87, in locked
    return func(inst, *args, **kwargs)
           ^^^^^^^^^^^^^^^^^^^^^^^^^^^
  File "C:\Odoo16\server\odoo\sql_db.py", line 668, in borrow
    result = psycopg2.connect(
             ^^^^^^^^^^^^^^^^^
  File "C:\Odoo16\python\Lib\site-packages\psycopg2\__init__.py", line 122, in connect
    conn = _connect(dsn, connection_factory=connection_factory, **kwasync)
           ^^^^^^^^^^^^^^^^^^^^^^^^^^^^^^^^^^^^^^^^^^^^^^^^^^^^^^^^^^^^^^^
psycopg2.OperationalError: connection to server at "localhost" (::1), port 5432 failed: server closed the connection unexpectedly
	This probably means the server terminated abnormally
	before or while processing the request.

2024-07-19 14:26:06,065 49448 INFO ? odoo.service.server: Initiating shutdown 
2024-07-19 14:26:06,065 49448 INFO ? odoo.service.server: Hit CTRL-C again or send a second signal to force the shutdown. 
2024-07-19 14:26:09,068 49448 WARNING Asset odoo.addons.base.models.ir_cron: Exception in cron: 
Traceback (most recent call last):
  File "C:\Odoo16\server\odoo\addons\base\models\ir_cron.py", line 115, in _process_jobs
    with db.cursor() as cron_cr:
         ^^^^^^^^^^^
  File "C:\Odoo16\server\odoo\sql_db.py", line 740, in cursor
    return Cursor(self.__pool, self.__dbname, self.__dsn)
           ^^^^^^^^^^^^^^^^^^^^^^^^^^^^^^^^^^^^^^^^^^^^^^
  File "C:\Odoo16\server\odoo\sql_db.py", line 267, in __init__
    self._cnx = pool.borrow(dsn)
                ^^^^^^^^^^^^^^^^
  File "<decorator-gen-2>", line 2, in borrow
  File "C:\Odoo16\server\odoo\tools\func.py", line 87, in locked
    return func(inst, *args, **kwargs)
           ^^^^^^^^^^^^^^^^^^^^^^^^^^^
  File "C:\Odoo16\server\odoo\sql_db.py", line 668, in borrow
    result = psycopg2.connect(
             ^^^^^^^^^^^^^^^^^
  File "C:\Odoo16\python\Lib\site-packages\psycopg2\__init__.py", line 122, in connect
    conn = _connect(dsn, connection_factory=connection_factory, **kwasync)
           ^^^^^^^^^^^^^^^^^^^^^^^^^^^^^^^^^^^^^^^^^^^^^^^^^^^^^^^^^^^^^^^
psycopg2.OperationalError: connection to server at "localhost" (::1), port 5432 failed: Connection refused (0x0000274D/10061)
	Is the server running on that host and accepting TCP/IP connections?
connection to server at "localhost" (127.0.0.1), port 5432 failed: Connection refused (0x0000274D/10061)
	Is the server running on that host and accepting TCP/IP connections?

2024-07-19 14:28:23,393 9936 INFO ? odoo: Odoo version 16.0+e-20240716 
2024-07-19 14:28:23,409 9936 INFO ? odoo: Using configuration file at C:\Odoo16\server\odoo.conf 
2024-07-19 14:28:23,409 9936 INFO ? odoo: addons paths: ['C:\\Odoo16\\server\\odoo\\addons', 'c:\\odoo16\\sessions\\addons\\16.0', 'c:\\odoo16\\server\\odoo\\addons', 'c:\\odoo16\\server\\custom_addons'] 
2024-07-19 14:28:23,409 9936 INFO ? odoo: database: openpg@localhost:5432 
2024-07-19 14:28:23,941 9936 INFO ? odoo.addons.base.models.ir_actions_report: Will use the Wkhtmltopdf binary at C:\Odoo16\thirdparty\wkhtmltopdf.exe 
2024-07-19 14:28:25,689 9936 INFO ? odoo.service.server: HTTP service (werkzeug) running on UMDMPASTEL.umdm.gov.za:8069 
2024-07-22 07:10:44,099 9936 INFO ? odoo.service.server: Initiating shutdown 
2024-07-22 07:10:44,100 9936 INFO ? odoo.service.server: Hit CTRL-C again or send a second signal to force the shutdown. 
2024-07-22 07:10:44,393 9936 INFO ? odoo.sql_db: ConnectionPool(used=0/count=0/max=64): Closed 2 connections  
2024-07-22 07:13:08,680 8968 INFO ? odoo: Odoo version 16.0+e-20240716 
2024-07-22 07:13:08,680 8968 INFO ? odoo: Using configuration file at C:\Odoo16\server\odoo.conf 
2024-07-22 07:13:08,680 8968 INFO ? odoo: addons paths: ['C:\\Odoo16\\server\\odoo\\addons', 'c:\\odoo16\\sessions\\addons\\16.0', 'c:\\odoo16\\server\\odoo\\addons', 'c:\\odoo16\\server\\custom_addons'] 
2024-07-22 07:13:08,680 8968 INFO ? odoo: database: openpg@localhost:5432 
2024-07-22 07:13:09,850 8968 INFO ? odoo.addons.base.models.ir_actions_report: Will use the Wkhtmltopdf binary at C:\Odoo16\thirdparty\wkhtmltopdf.exe 
2024-07-22 07:13:11,440 8968 INFO ? odoo.service.server: HTTP service (werkzeug) running on UMDMPASTEL.umdm.gov.za:8069 
2024-07-22 09:55:26,271 8968 INFO Asset odoo.modules.loading: loading 1 modules... 
2024-07-22 09:55:26,279 8968 INFO Asset odoo.modules.loading: 1 modules loaded in 0.01s, 0 queries (+0 extra) 
2024-07-22 09:55:26,321 8968 INFO Asset odoo.modules.loading: loading 13 modules... 
2024-07-22 09:55:26,597 8968 INFO Asset odoo.modules.loading: 13 modules loaded in 0.28s, 0 queries (+0 extra) 
2024-07-22 09:55:26,655 8968 INFO Asset odoo.modules.loading: Modules loaded. 
2024-07-22 09:55:26,662 8968 INFO Asset odoo.modules.registry: Registry loaded in 0.511s 
2024-07-22 09:55:26,663 8968 INFO Asset odoo.addons.base.models.ir_http: Generating routing map for key None 
2024-07-22 09:55:26,857 8968 INFO Asset werkzeug: 127.0.0.1 - - [22/Jul/2024 09:55:26] "GET / HTTP/1.1" 303 - 23 0.110 0.597
2024-07-22 09:55:27,862 8968 INFO Asset werkzeug: 127.0.0.1 - - [22/Jul/2024 09:55:27] "GET /web HTTP/1.1" 200 - 82 0.109 0.894
2024-07-22 09:55:28,395 8968 INFO Asset werkzeug: 127.0.0.1 - - [22/Jul/2024 09:55:28] "GET /bus/websocket_worker_bundle?v=1.0.5 HTTP/1.1" 304 - 6 0.004 0.005
2024-07-22 09:55:28,750 8968 INFO Asset werkzeug: 127.0.0.1 - - [22/Jul/2024 09:55:28] "GET /web/image?model=res.users&field=avatar_128&id=2 HTTP/1.1" 304 - 16 0.011 0.012
2024-07-22 09:55:28,804 8968 INFO Asset werkzeug: 127.0.0.1 - - [22/Jul/2024 09:55:28] "GET /websocket HTTP/1.1" 101 - 1 0.001 0.011
2024-07-22 09:55:28,814 8968 INFO ? odoo.addons.bus.models.bus: Bus.loop listen imbus on db postgres 
2024-07-22 09:55:34,788 8968 INFO Asset odoo.addons.base.models.ir_cron: Starting job `Base: Auto-vacuum internal data`. 
2024-07-22 09:55:34,859 8968 INFO Asset odoo.addons.base.models.ir_attachment: filestore gc 0 checked, 0 removed 
2024-07-22 09:55:34,942 8968 INFO Asset odoo.addons.base.models.res_users: GC'd 0 user log entries 
2024-07-22 09:55:35,013 8968 INFO Asset odoo.addons.auth_totp.models.auth_totp: GC'd 0 totp devices entries 
2024-07-22 09:55:35,042 8968 INFO Asset odoo.addons.base.models.ir_cron: Job `Base: Auto-vacuum internal data` done. 
2024-07-22 09:55:55,190 8968 INFO Asset werkzeug: 127.0.0.1 - - [22/Jul/2024 09:55:55] "GET /web?debug=1 HTTP/1.1" 200 - 36 0.050 0.129
2024-07-22 09:55:57,241 8968 INFO Asset werkzeug: 127.0.0.1 - - [22/Jul/2024 09:55:57] "GET /web/webclient/load_menus/89c9b76faebf1448d12a667e548539a376195a7ab1947184b201f53442614f81 HTTP/1.1" 200 - 2 0.007 2.026
2024-07-22 09:55:57,258 8968 INFO Asset werkzeug: 127.0.0.1 - - [22/Jul/2024 09:55:57] "GET /bus/websocket_worker_bundle?v=1.0.5 HTTP/1.1" 304 - 4 0.005 0.004
2024-07-22 09:55:57,609 8968 INFO Asset werkzeug: 127.0.0.1 - - [22/Jul/2024 09:55:57] "GET /web/image?model=res.users&field=avatar_128&id=2 HTTP/1.1" 304 - 8 0.007 0.008
2024-07-22 09:55:57,642 8968 INFO Asset werkzeug: 127.0.0.1 - - [22/Jul/2024 09:55:57] "GET /websocket HTTP/1.1" 101 - 1 0.000 0.009
2024-07-22 09:56:04,698 8968 INFO Asset werkzeug: 127.0.0.1 - - [22/Jul/2024 09:56:04] "GET /web/session/logout HTTP/1.1" 303 - 1 0.001 0.008
2024-07-22 09:56:05,013 8968 INFO Asset werkzeug: 127.0.0.1 - - [22/Jul/2024 09:56:05] "GET /web HTTP/1.1" 303 - 1 0.000 0.004
2024-07-22 09:56:05,622 8968 INFO Asset werkzeug: 127.0.0.1 - - [22/Jul/2024 09:56:05] "GET /web/login HTTP/1.1" 200 - 50 0.082 0.521
2024-07-22 09:56:05,644 8968 INFO Asset werkzeug: 127.0.0.1 - - [22/Jul/2024 09:56:05] "GET /web/binary/company_logo HTTP/1.1" 304 - 2 0.004 0.005
2024-07-22 09:56:06,166 8968 INFO Asset werkzeug: 127.0.0.1 - - [22/Jul/2024 09:56:06] "GET /web/webclient/translations/1721642165853 HTTP/1.1" 200 - 3 0.003 0.008
2024-07-22 09:56:06,424 8968 INFO Asset werkzeug: 127.0.0.1 - - [22/Jul/2024 09:56:06] "GET /web/webclient/translations/1721642166180 HTTP/1.1" 200 - 3 0.010 0.006
2024-07-22 09:56:08,194 8968 INFO Asset werkzeug: 127.0.0.1 - - [22/Jul/2024 09:56:08] "GET /web/database/selector HTTP/1.1" 200 - 6 0.066 0.220
2024-07-22 09:56:10,726 8968 INFO Asset werkzeug: 127.0.0.1 - - [22/Jul/2024 09:56:10] "GET /web?db=Asset HTTP/1.1" 303 - 1 0.001 0.004
2024-07-22 09:56:11,119 8968 INFO Asset werkzeug: 127.0.0.1 - - [22/Jul/2024 09:56:11] "GET /web/login HTTP/1.1" 200 - 4 0.007 0.084
2024-07-22 09:56:11,443 8968 INFO Asset werkzeug: 127.0.0.1 - - [22/Jul/2024 09:56:11] "GET /web/binary/company_logo HTTP/1.1" 304 - 2 0.003 0.006
2024-07-22 09:56:11,697 8968 INFO Asset werkzeug: 127.0.0.1 - - [22/Jul/2024 09:56:11] "GET /web/webclient/translations/1721642171519 HTTP/1.1" 200 - 3 0.004 0.007
2024-07-22 09:56:11,828 8968 INFO Asset werkzeug: 127.0.0.1 - - [22/Jul/2024 09:56:11] "GET /web/webclient/translations/1721642171708 HTTP/1.1" 200 - 3 0.003 0.004
2024-07-22 09:56:21,749 8968 INFO Asset odoo.addons.base.models.res_users: Login successful for db:Asset login:admin from 127.0.0.1 
2024-07-22 09:56:21,767 8968 INFO Asset werkzeug: 127.0.0.1 - - [22/Jul/2024 09:56:21] "POST /web/login HTTP/1.1" 303 - 28 0.039 0.813
2024-07-22 09:56:21,792 8968 INFO Asset werkzeug: 127.0.0.1 - - [22/Jul/2024 09:56:21] "GET /web HTTP/1.1" 200 - 9 0.006 0.012
2024-07-22 09:56:22,493 8968 INFO Asset werkzeug: 127.0.0.1 - - [22/Jul/2024 09:56:22] "GET /bus/websocket_worker_bundle?v=1.0.5 HTTP/1.1" 304 - 4 0.005 0.010
2024-07-22 09:56:22,496 8968 INFO Asset werkzeug: 127.0.0.1 - - [22/Jul/2024 09:56:22] "GET /web/image?model=res.users&field=avatar_128&id=2 HTTP/1.1" 304 - 8 0.019 0.009
2024-07-22 09:56:22,821 8968 INFO Asset werkzeug: 127.0.0.1 - - [22/Jul/2024 09:56:22] "GET /websocket HTTP/1.1" 101 - 1 0.001 0.008
2024-07-22 10:09:40,973 8968 INFO Asset werkzeug: 127.0.0.1 - - [22/Jul/2024 10:09:40] "POST /web/action/load HTTP/1.1" 200 - 11 0.027 0.018
2024-07-22 10:09:41,289 8968 INFO Asset werkzeug: 127.0.0.1 - - [22/Jul/2024 10:09:41] "POST /web/dataset/call_kw/ir.module.module/get_views HTTP/1.1" 200 - 42 0.060 0.050
2024-07-22 10:09:41,402 8968 INFO Asset werkzeug: 127.0.0.1 - - [22/Jul/2024 10:09:41] "POST /web/dataset/call_kw/ir.module.module/search_panel_select_range HTTP/1.1" 200 - 46 0.064 0.031
2024-07-22 10:09:41,636 8968 INFO Asset werkzeug: 127.0.0.1 - - [22/Jul/2024 10:09:41] "POST /web/dataset/call_kw/ir.module.module/web_search_read HTTP/1.1" 200 - 3 0.005 0.014
2024-07-22 10:09:42,173 8968 INFO ? werkzeug: 127.0.0.1 - - [22/Jul/2024 10:09:42] "GET /project/static/description/icon.png HTTP/1.1" 200 - 0 0.000 0.017
2024-07-22 10:09:42,173 8968 INFO ? werkzeug: 127.0.0.1 - - [22/Jul/2024 10:09:42] "GET /hr_holidays/static/description/icon.png HTTP/1.1" 200 - 0 0.000 0.014
2024-07-22 10:09:42,175 8968 INFO ? werkzeug: 127.0.0.1 - - [22/Jul/2024 10:09:42] "GET /mail/static/description/icon.png HTTP/1.1" 200 - 0 0.000 0.010
2024-07-22 10:09:42,175 8968 INFO ? werkzeug: 127.0.0.1 - - [22/Jul/2024 10:09:42] "GET /web_studio/static/description/icon.png HTTP/1.1" 200 - 0 0.000 0.020
2024-07-22 10:09:42,176 8968 INFO ? werkzeug: 127.0.0.1 - - [22/Jul/2024 10:09:42] "GET /web/static/lib/odoo_ui_icons/fonts/odoo_ui_icons.woff2 HTTP/1.1" 200 - 0 0.000 0.023
2024-07-22 10:09:42,179 8968 INFO ? werkzeug: 127.0.0.1 - - [22/Jul/2024 10:09:42] "GET /point_of_sale/static/description/icon.png HTTP/1.1" 200 - 0 0.000 0.025
2024-07-22 10:09:42,493 8968 INFO ? werkzeug: 127.0.0.1 - - [22/Jul/2024 10:09:42] "GET /website_sale/static/description/icon.png HTTP/1.1" 200 - 0 0.000 0.010
2024-07-22 10:09:42,499 8968 INFO ? werkzeug: 127.0.0.1 - - [22/Jul/2024 10:09:42] "GET /knowledge/static/description/icon.png HTTP/1.1" 200 - 0 0.000 0.015
2024-07-22 10:09:42,505 8968 INFO ? werkzeug: 127.0.0.1 - - [22/Jul/2024 10:09:42] "GET /delivery_ups_rest/static/description/icon.png HTTP/1.1" 200 - 0 0.000 0.016
2024-07-22 10:09:42,510 8968 INFO ? werkzeug: 127.0.0.1 - - [22/Jul/2024 10:09:42] "GET /mass_mailing/static/description/icon.png HTTP/1.1" 200 - 0 0.000 0.015
2024-07-22 10:09:42,512 8968 INFO ? werkzeug: 127.0.0.1 - - [22/Jul/2024 10:09:42] "GET /hr_recruitment/static/description/icon.png HTTP/1.1" 200 - 0 0.000 0.021
2024-07-22 10:09:42,515 8968 INFO ? werkzeug: 127.0.0.1 - - [22/Jul/2024 10:09:42] "GET /timesheet_grid/static/description/icon.png HTTP/1.1" 200 - 0 0.000 0.012
2024-07-22 10:09:42,809 8968 INFO ? werkzeug: 127.0.0.1 - - [22/Jul/2024 10:09:42] "GET /industry_fsm/static/description/icon.png HTTP/1.1" 200 - 0 0.000 0.007
2024-07-22 10:09:42,816 8968 INFO ? werkzeug: 127.0.0.1 - - [22/Jul/2024 10:09:42] "GET /data_recycle/static/description/icon.png HTTP/1.1" 200 - 0 0.000 0.006
2024-07-22 10:09:42,828 8968 INFO ? werkzeug: 127.0.0.1 - - [22/Jul/2024 10:09:42] "GET /sale_renting/static/description/icon.png HTTP/1.1" 200 - 0 0.000 0.010
2024-07-22 10:09:42,834 8968 INFO ? werkzeug: 127.0.0.1 - - [22/Jul/2024 10:09:42] "GET /purchase/static/description/icon.png HTTP/1.1" 200 - 0 0.000 0.010
2024-07-22 10:09:42,835 8968 INFO ? werkzeug: 127.0.0.1 - - [22/Jul/2024 10:09:42] "GET /hr/static/description/icon.png HTTP/1.1" 200 - 0 0.000 0.012
2024-07-22 10:09:42,837 8968 INFO ? werkzeug: 127.0.0.1 - - [22/Jul/2024 10:09:42] "GET /sale_subscription/static/description/icon.png HTTP/1.1" 200 - 0 0.000 0.011
2024-07-22 10:09:43,125 8968 INFO ? werkzeug: 127.0.0.1 - - [22/Jul/2024 10:09:43] "GET /website_event/static/description/icon.png HTTP/1.1" 200 - 0 0.000 0.006
2024-07-22 10:09:43,134 8968 INFO ? werkzeug: 127.0.0.1 - - [22/Jul/2024 10:09:43] "GET /quality_control/static/description/icon.png HTTP/1.1" 200 - 0 0.000 0.006
2024-07-22 10:09:43,141 8968 INFO ? werkzeug: 127.0.0.1 - - [22/Jul/2024 10:09:43] "GET /calendar/static/description/icon.png HTTP/1.1" 200 - 0 0.000 0.006
2024-07-22 10:09:43,154 8968 INFO ? werkzeug: 127.0.0.1 - - [22/Jul/2024 10:09:43] "GET /mrp/static/description/icon.png HTTP/1.1" 200 - 0 0.000 0.010
2024-07-22 10:09:43,158 8968 INFO ? werkzeug: 127.0.0.1 - - [22/Jul/2024 10:09:43] "GET /maintenance/static/description/icon.png HTTP/1.1" 200 - 0 0.000 0.012
2024-07-22 10:09:43,160 8968 INFO ? werkzeug: 127.0.0.1 - - [22/Jul/2024 10:09:43] "GET /documents/static/description/icon.png HTTP/1.1" 200 - 0 0.000 0.011
2024-07-22 10:09:43,440 8968 INFO ? werkzeug: 127.0.0.1 - - [22/Jul/2024 10:09:43] "GET /website_slides/static/description/icon.png HTTP/1.1" 200 - 0 0.000 0.006
2024-07-22 10:09:43,451 8968 INFO ? werkzeug: 127.0.0.1 - - [22/Jul/2024 10:09:43] "GET /mrp_plm/static/description/icon.png HTTP/1.1" 200 - 0 0.000 0.008
2024-07-22 10:09:43,456 8968 INFO ? werkzeug: 127.0.0.1 - - [22/Jul/2024 10:09:43] "GET /hr_expense/static/description/icon.png HTTP/1.1" 200 - 0 0.000 0.008
2024-07-22 10:09:43,476 8968 INFO ? werkzeug: 127.0.0.1 - - [22/Jul/2024 10:09:43] "GET /contacts/static/description/icon.png HTTP/1.1" 200 - 0 0.000 0.012
2024-07-22 10:09:43,479 8968 INFO ? werkzeug: 127.0.0.1 - - [22/Jul/2024 10:09:43] "GET /sign/static/description/icon.png HTTP/1.1" 200 - 0 0.000 0.011
2024-07-22 10:09:43,482 8968 INFO ? werkzeug: 127.0.0.1 - - [22/Jul/2024 10:09:43] "GET /helpdesk/static/description/icon.png HTTP/1.1" 200 - 0 0.000 0.013
2024-07-22 10:09:43,755 8968 INFO ? werkzeug: 127.0.0.1 - - [22/Jul/2024 10:09:43] "GET /planning/static/description/icon.png HTTP/1.1" 200 - 0 0.000 0.007
2024-07-22 10:09:43,768 8968 INFO ? werkzeug: 127.0.0.1 - - [22/Jul/2024 10:09:43] "GET /sale_management/static/description/icon.png HTTP/1.1" 200 - 0 0.000 0.007
2024-07-22 10:09:43,773 8968 INFO ? werkzeug: 127.0.0.1 - - [22/Jul/2024 10:09:43] "GET /account/static/description/icon.png HTTP/1.1" 200 - 0 0.000 0.006
2024-07-22 10:09:43,788 8968 INFO ? werkzeug: 127.0.0.1 - - [22/Jul/2024 10:09:43] "GET /crm/static/description/icon.png HTTP/1.1" 200 - 0 0.000 0.003
2024-07-22 10:09:43,796 8968 INFO ? werkzeug: 127.0.0.1 - - [22/Jul/2024 10:09:43] "GET /website/static/description/icon.png HTTP/1.1" 200 - 0 0.000 0.006
2024-07-22 10:09:43,798 8968 INFO ? werkzeug: 127.0.0.1 - - [22/Jul/2024 10:09:43] "GET /stock/static/description/icon.png HTTP/1.1" 200 - 0 0.000 0.006
2024-07-22 10:09:44,069 8968 INFO ? werkzeug: 127.0.0.1 - - [22/Jul/2024 10:09:44] "GET /account_accountant/static/description/icon.png HTTP/1.1" 200 - 0 0.000 0.005
2024-07-22 10:09:44,087 8968 INFO ? werkzeug: 127.0.0.1 - - [22/Jul/2024 10:09:44] "GET /social/static/description/icon.png HTTP/1.1" 200 - 0 0.000 0.007
2024-07-22 10:09:44,090 8968 INFO ? werkzeug: 127.0.0.1 - - [22/Jul/2024 10:09:44] "GET /hr_appraisal/static/description/icon.png HTTP/1.1" 200 - 0 0.000 0.007
2024-07-22 10:09:44,103 8968 INFO ? werkzeug: 127.0.0.1 - - [22/Jul/2024 10:09:44] "GET /fleet/static/description/icon.png HTTP/1.1" 200 - 0 0.000 0.005
2024-07-22 10:09:44,115 8968 INFO ? werkzeug: 127.0.0.1 - - [22/Jul/2024 10:09:44] "GET /approvals/static/description/icon.png HTTP/1.1" 200 - 0 0.000 0.008
2024-07-22 10:09:44,115 8968 INFO ? werkzeug: 127.0.0.1 - - [22/Jul/2024 10:09:44] "GET /marketing_automation/static/description/icon.png HTTP/1.1" 200 - 0 0.000 0.003
2024-07-22 10:09:44,388 8968 INFO ? werkzeug: 127.0.0.1 - - [22/Jul/2024 10:09:44] "GET /account_consolidation/static/description/icon.png HTTP/1.1" 200 - 0 0.000 0.006
2024-07-22 10:09:44,404 8968 INFO ? werkzeug: 127.0.0.1 - - [22/Jul/2024 10:09:44] "GET /im_livechat/static/description/icon.png HTTP/1.1" 200 - 0 0.000 0.007
2024-07-22 10:09:44,410 8968 INFO ? werkzeug: 127.0.0.1 - - [22/Jul/2024 10:09:44] "GET /appointment/static/description/icon.png HTTP/1.1" 200 - 0 0.000 0.007
2024-07-22 10:09:44,419 8968 INFO ? werkzeug: 127.0.0.1 - - [22/Jul/2024 10:09:44] "GET /survey/static/description/icon.png HTTP/1.1" 200 - 0 0.000 0.005
2024-07-22 10:09:44,428 8968 INFO ? werkzeug: 127.0.0.1 - - [22/Jul/2024 10:09:44] "GET /repair/static/description/icon.png HTTP/1.1" 200 - 0 0.000 0.006
2024-07-22 10:09:44,432 8968 INFO ? werkzeug: 127.0.0.1 - - [22/Jul/2024 10:09:44] "GET /hr_referral/static/description/icon.png HTTP/1.1" 200 - 0 0.000 0.007
2024-07-22 10:09:44,705 8968 INFO ? werkzeug: 127.0.0.1 - - [22/Jul/2024 10:09:44] "GET /hr_attendance/static/description/icon.png HTTP/1.1" 200 - 0 0.000 0.006
2024-07-22 10:09:44,718 8968 INFO ? werkzeug: 127.0.0.1 - - [22/Jul/2024 10:09:44] "GET /mass_mailing_sms/static/description/icon.png HTTP/1.1" 200 - 0 0.000 0.005
2024-07-22 10:09:44,726 8968 INFO ? werkzeug: 127.0.0.1 - - [22/Jul/2024 10:09:44] "GET /iot/static/description/icon.png HTTP/1.1" 200 - 0 0.000 0.006
2024-07-22 10:09:44,735 8968 INFO ? werkzeug: 127.0.0.1 - - [22/Jul/2024 10:09:44] "GET /stock_barcode/static/description/icon.png HTTP/1.1" 200 - 0 0.000 0.005
2024-07-22 10:09:44,748 8968 INFO ? werkzeug: 127.0.0.1 - - [22/Jul/2024 10:09:44] "GET /note/static/description/icon.png HTTP/1.1" 200 - 0 0.000 0.009
2024-07-22 10:09:44,751 8968 INFO ? werkzeug: 127.0.0.1 - - [22/Jul/2024 10:09:44] "GET /hr_skills/static/description/icon.png HTTP/1.1" 200 - 0 0.000 0.010
2024-07-22 10:09:45,022 8968 INFO ? werkzeug: 127.0.0.1 - - [22/Jul/2024 10:09:45] "GET /voip/static/description/icon.png HTTP/1.1" 200 - 0 0.000 0.007
2024-07-22 10:09:45,039 8968 INFO ? werkzeug: 127.0.0.1 - - [22/Jul/2024 10:09:45] "GET /delivery_dhl/static/description/icon.png HTTP/1.1" 200 - 0 0.000 0.006
2024-07-22 10:09:45,043 8968 INFO ? werkzeug: 127.0.0.1 - - [22/Jul/2024 10:09:45] "GET /hr_payroll/static/description/icon.png HTTP/1.1" 200 - 0 0.000 0.005
2024-07-22 10:09:45,048 8968 INFO ? werkzeug: 127.0.0.1 - - [22/Jul/2024 10:09:45] "GET /delivery_fedex/static/description/icon.png HTTP/1.1" 200 - 0 0.000 0.003
2024-07-22 10:09:45,069 8968 INFO ? werkzeug: 127.0.0.1 - - [22/Jul/2024 10:09:45] "GET /delivery_usps/static/description/icon.png HTTP/1.1" 200 - 0 0.000 0.008
2024-07-22 10:09:45,070 8968 INFO ? werkzeug: 127.0.0.1 - - [22/Jul/2024 10:09:45] "GET /lunch/static/description/icon.png HTTP/1.1" 200 - 0 0.000 0.010
2024-07-22 10:09:45,338 8968 INFO ? werkzeug: 127.0.0.1 - - [22/Jul/2024 10:09:45] "GET /website_hr_recruitment/static/description/icon.png HTTP/1.1" 200 - 0 0.000 0.006
2024-07-22 10:09:45,355 8968 INFO ? werkzeug: 127.0.0.1 - - [22/Jul/2024 10:09:45] "GET /delivery_easypost/static/description/icon.png HTTP/1.1" 200 - 0 0.000 0.009
2024-07-22 10:09:45,363 8968 INFO ? werkzeug: 127.0.0.1 - - [22/Jul/2024 10:09:45] "GET /delivery_sendcloud/static/description/icon.png HTTP/1.1" 200 - 0 0.000 0.012
2024-07-22 10:09:45,365 8968 INFO ? werkzeug: 127.0.0.1 - - [22/Jul/2024 10:09:45] "GET /delivery_shiprocket/static/description/icon.png HTTP/1.1" 200 - 0 0.000 0.008
2024-07-22 10:09:45,390 8968 INFO ? werkzeug: 127.0.0.1 - - [22/Jul/2024 10:09:45] "GET /sale_ebay/static/description/icon.png HTTP/1.1" 200 - 0 0.000 0.007
2024-07-22 10:09:45,391 8968 INFO ? werkzeug: 127.0.0.1 - - [22/Jul/2024 10:09:45] "GET /sale_amazon/static/description/icon.png HTTP/1.1" 200 - 0 0.000 0.009
2024-07-22 10:09:45,688 8968 INFO Asset werkzeug: 127.0.0.1 - - [22/Jul/2024 10:09:45] "POST /web/dataset/call_kw/ir.module.module/web_search_read HTTP/1.1" 200 - 4 0.008 0.012
2024-07-22 10:09:45,719 8968 INFO Asset werkzeug: 127.0.0.1 - - [22/Jul/2024 10:09:45] "POST /web/dataset/call_kw/ir.module.module/search_panel_select_range HTTP/1.1" 200 - 43 0.043 0.028
2024-07-22 10:09:45,778 8968 INFO ? werkzeug: 127.0.0.1 - - [22/Jul/2024 10:09:45] "GET /delivery_bpost/static/description/icon.png HTTP/1.1" 200 - 0 0.000 0.008
2024-07-22 10:09:45,781 8968 INFO ? werkzeug: 127.0.0.1 - - [22/Jul/2024 10:09:45] "GET /hr_contract/static/description/icon.png HTTP/1.1" 200 - 0 0.000 0.007
2024-07-22 10:09:46,119 8968 INFO ? werkzeug: 127.0.0.1 - - [22/Jul/2024 10:09:46] "GET /base/static/description/icon.png HTTP/1.1" 200 - 0 0.000 0.004
2024-07-22 10:09:51,167 8968 INFO Asset werkzeug: 127.0.0.1 - - [22/Jul/2024 10:09:51] "POST /web/dataset/call_kw/ir.module.module/search_panel_select_range HTTP/1.1" 200 - 43 0.074 0.031
2024-07-22 10:09:51,505 8968 INFO Asset werkzeug: 127.0.0.1 - - [22/Jul/2024 10:09:51] "POST /web/dataset/call_kw/ir.module.module/web_search_read HTTP/1.1" 200 - 3 0.016 0.011
2024-07-22 10:09:51,738 8968 INFO ? werkzeug: 127.0.0.1 - - [22/Jul/2024 10:09:51] "GET /account_asset/static/description/icon.png HTTP/1.1" 200 - 0 0.000 0.006
2024-07-22 10:09:56,780 8968 INFO Asset werkzeug: 127.0.0.1 - - [22/Jul/2024 10:09:56] "POST /web/dataset/call_kw/ir.module.module/search_panel_select_range HTTP/1.1" 200 - 43 0.034 0.021
2024-07-22 10:09:57,051 8968 INFO Asset werkzeug: 127.0.0.1 - - [22/Jul/2024 10:09:57] "POST /web/dataset/call_kw/ir.module.module/web_search_read HTTP/1.1" 200 - 4 0.007 0.014
2024-07-22 10:10:00,415 8968 INFO Asset werkzeug: 127.0.0.1 - - [22/Jul/2024 10:10:00] "POST /web/dataset/call_kw/ir.module.module/search_panel_select_range HTTP/1.1" 200 - 43 0.071 0.032
2024-07-22 10:10:00,582 8968 INFO Asset werkzeug: 127.0.0.1 - - [22/Jul/2024 10:10:00] "POST /web/dataset/call_kw/ir.module.module/web_search_read HTTP/1.1" 200 - 3 0.011 0.007
2024-07-22 10:11:02,504 8968 INFO Asset werkzeug: 127.0.0.1 - - [22/Jul/2024 10:11:02] "POST /web/action/load HTTP/1.1" 200 - 10 0.014 0.014
2024-07-22 10:11:02,767 8968 INFO Asset werkzeug: 127.0.0.1 - - [22/Jul/2024 10:11:02] "POST /web/dataset/call_kw/base.module.update/get_views HTTP/1.1" 200 - 9 0.021 0.017
2024-07-22 10:11:02,828 8968 INFO Asset werkzeug: 127.0.0.1 - - [22/Jul/2024 10:11:02] "POST /web/dataset/call_kw/base.module.update/onchange HTTP/1.1" 200 - 2 0.007 0.006
2024-07-22 10:11:05,232 8968 INFO Asset werkzeug: 127.0.0.1 - - [22/Jul/2024 10:11:05] "POST /web/dataset/call_kw/base.module.update/create HTTP/1.1" 200 - 4 0.010 0.010
2024-07-22 10:11:05,558 8968 INFO Asset werkzeug: 127.0.0.1 - - [22/Jul/2024 10:11:05] "POST /web/dataset/call_kw/base.module.update/read HTTP/1.1" 200 - 3 0.007 0.008
2024-07-22 10:11:05,805 8968 INFO Asset odoo.addons.base.models.ir_module: ALLOW access to module.update_list on [] to user admin #2 via 127.0.0.1 
2024-07-22 10:11:06,786 8968 INFO Asset werkzeug: 127.0.0.1 - - [22/Jul/2024 10:11:06] "POST /web/dataset/call_button HTTP/1.1" 200 - 2158 0.594 0.396
2024-07-22 10:11:12,255 8968 INFO Asset werkzeug: 127.0.0.1 - - [22/Jul/2024 10:11:12] "POST /web/dataset/call_kw/ir.module.module/search_panel_select_range HTTP/1.1" 200 - 43 0.027 0.026
2024-07-22 10:11:12,540 8968 INFO Asset werkzeug: 127.0.0.1 - - [22/Jul/2024 10:11:12] "POST /web/dataset/call_kw/ir.module.module/web_search_read HTTP/1.1" 200 - 4 0.011 0.018
2024-07-22 10:11:20,909 8968 INFO Asset werkzeug: 127.0.0.1 - - [22/Jul/2024 10:11:20] "POST /web/dataset/call_kw/ir.module.module/search_panel_select_range HTTP/1.1" 200 - 43 0.081 0.018
2024-07-22 10:11:21,088 8968 INFO Asset werkzeug: 127.0.0.1 - - [22/Jul/2024 10:11:21] "POST /web/dataset/call_kw/ir.module.module/web_search_read HTTP/1.1" 200 - 3 0.017 0.008
2024-07-22 10:11:24,701 8968 INFO Asset odoo.addons.base.models.ir_module: ALLOW access to module.button_immediate_install on ['Fixed Asset Sage Inetgration'] to user admin #2 via 127.0.0.1 
2024-07-22 10:11:24,701 8968 INFO Asset odoo.addons.base.models.ir_module: User #2 triggered module installation 
2024-07-22 10:11:24,702 8968 INFO Asset odoo.addons.base.models.ir_module: ALLOW access to module.button_install on ['Fixed Asset Sage Inetgration'] to user admin #2 via 127.0.0.1 
2024-07-22 10:11:24,935 8968 INFO Asset odoo.modules.loading: loading 1 modules... 
2024-07-22 10:11:24,943 8968 INFO Asset odoo.modules.loading: 1 modules loaded in 0.01s, 0 queries (+0 extra) 
2024-07-22 10:11:24,960 8968 INFO Asset odoo.modules.loading: updating modules list 
2024-07-22 10:11:24,961 8968 INFO Asset odoo.addons.base.models.ir_module: ALLOW access to module.update_list on [] to user __system__ #1 via 127.0.0.1 
2024-07-22 10:11:26,980 8968 INFO Asset odoo.modules.loading: loading 13 modules... 
2024-07-22 10:11:26,992 8968 INFO Asset odoo.modules.loading: 13 modules loaded in 0.01s, 0 queries (+0 extra) 
2024-07-22 10:11:27,004 8968 INFO Asset odoo.modules.loading: loading 73 modules... 
2024-07-22 10:11:27,004 8968 INFO Asset odoo.modules.loading: Loading module uom (2/73) 
2024-07-22 10:11:27,047 8968 INFO Asset odoo.modules.registry: module uom: creating or updating database tables 
2024-07-22 10:11:27,361 8968 INFO Asset odoo.modules.loading: loading uom/data/uom_data.xml 
2024-07-22 10:11:27,448 8968 INFO Asset odoo.modules.loading: loading uom/security/uom_security.xml 
2024-07-22 10:11:27,495 8968 INFO Asset odoo.modules.loading: loading uom/security/ir.model.access.csv 
2024-07-22 10:11:27,518 8968 INFO Asset odoo.modules.loading: loading uom/views/uom_uom_views.xml 
2024-07-22 10:11:27,616 8968 INFO Asset odoo.modules.loading: Module uom loaded in 0.61s, 283 queries (+283 other) 
2024-07-22 10:11:27,616 8968 INFO Asset odoo.modules.loading: Loading module base_setup (6/73) 
2024-07-22 10:11:27,647 8968 INFO Asset odoo.modules.registry: module base_setup: creating or updating database tables 
2024-07-22 10:11:27,789 8968 INFO Asset odoo.modules.loading: loading base_setup/data/base_setup_data.xml 
2024-07-22 10:11:27,801 8968 INFO Asset odoo.modules.loading: loading base_setup/views/res_config_settings_views.xml 
2024-07-22 10:11:27,871 8968 INFO Asset odoo.modules.loading: loading base_setup/views/res_partner_views.xml 
2024-07-22 10:11:27,911 8968 INFO Asset odoo.modules.loading: Module base_setup loaded in 0.30s, 153 queries (+153 other) 
2024-07-22 10:11:27,912 8968 INFO Asset odoo.modules.loading: Loading module http_routing (8/73) 
2024-07-22 10:11:27,956 8968 INFO Asset odoo.modules.registry: module http_routing: creating or updating database tables 
2024-07-22 10:11:27,966 8968 INFO Asset odoo.modules.loading: loading http_routing/views/http_routing_template.xml 
2024-07-22 10:11:28,009 8968 INFO Asset odoo.modules.loading: loading http_routing/views/res_lang_views.xml 
2024-07-22 10:11:28,035 8968 INFO Asset odoo.modules.loading: Module http_routing loaded in 0.12s, 77 queries (+77 other) 
2024-07-22 10:11:28,035 8968 INFO Asset odoo.modules.loading: Loading module resource (9/73) 
2024-07-22 10:11:28,079 8968 INFO Asset odoo.modules.registry: module resource: creating or updating database tables 
2024-07-22 10:11:28,262 8968 INFO ? werkzeug: 127.0.0.1 - - [22/Jul/2024 10:11:28] "GET /web/static/img/spin.svg HTTP/1.1" 200 - 0 0.000 0.005
2024-07-22 10:11:28,334 8968 INFO Asset odoo.modules.loading: loading resource/data/resource_data.xml 
2024-07-22 10:11:28,380 8968 INFO Asset odoo.modules.loading: loading resource/security/ir.model.access.csv 
2024-07-22 10:11:28,400 8968 INFO Asset odoo.modules.loading: loading resource/security/resource_security.xml 
2024-07-22 10:11:28,454 8968 INFO Asset odoo.modules.loading: loading resource/views/resource_views.xml 
2024-07-22 10:11:28,663 8968 INFO Asset odoo.modules.loading: Module resource loaded in 0.63s, 426 queries (+426 other) 
2024-07-22 10:11:28,663 8968 INFO Asset odoo.modules.loading: Loading module iap (16/73) 
2024-07-22 10:11:28,698 8968 INFO Asset odoo.modules.registry: module iap: creating or updating database tables 
2024-07-22 10:11:28,810 8968 INFO Asset odoo.modules.loading: loading iap/security/ir.model.access.csv 
2024-07-22 10:11:28,821 8968 INFO Asset odoo.modules.loading: loading iap/security/ir_rule.xml 
2024-07-22 10:11:28,836 8968 INFO Asset odoo.modules.loading: loading iap/views/iap_views.xml 
2024-07-22 10:11:28,874 8968 INFO Asset odoo.modules.loading: loading iap/views/res_config_settings.xml 
2024-07-22 10:11:28,926 8968 INFO Asset odoo.modules.loading: Module iap loaded in 0.26s, 143 queries (+143 other) 
2024-07-22 10:11:28,926 8968 INFO Asset odoo.modules.loading: Loading module mail (17/73) 
2024-07-22 10:11:29,147 8968 INFO Asset odoo.modules.registry: module mail: creating or updating database tables 
2024-07-22 10:11:29,926 8968 INFO Asset odoo.models: Prepare computation of ir.actions.server.partner_ids 
2024-07-22 10:11:29,926 8968 INFO Asset odoo.models: Prepare computation of ir.actions.server.template_id 
2024-07-22 10:11:29,926 8968 INFO Asset odoo.models: Prepare computation of ir.actions.server.activity_type_id 
2024-07-22 10:11:29,927 8968 INFO Asset odoo.models: Prepare computation of ir.actions.server.activity_date_deadline_range 
2024-07-22 10:11:29,927 8968 INFO Asset odoo.models: Prepare computation of ir.actions.server.activity_user_id 
2024-07-22 10:11:29,927 8968 INFO Asset odoo.models: Prepare computation of ir.actions.server.mail_post_method 
2024-07-22 10:11:29,927 8968 INFO Asset odoo.models: Prepare computation of ir.actions.server.activity_summary 
2024-07-22 10:11:29,927 8968 INFO Asset odoo.models: Prepare computation of ir.actions.server.activity_date_deadline_range_type 
2024-07-22 10:11:29,927 8968 INFO Asset odoo.models: Prepare computation of ir.actions.server.activity_user_type 
2024-07-22 10:11:29,927 8968 INFO Asset odoo.models: Prepare computation of ir.actions.server.activity_user_field_name 
2024-07-22 10:11:29,927 8968 INFO Asset odoo.models: Prepare computation of ir.actions.server.activity_note 
2024-07-22 10:11:29,928 8968 INFO Asset odoo.models: Prepare computation of ir.actions.server.mail_post_autofollow 
2024-07-22 10:11:30,047 8968 INFO Asset odoo.models: Prepare computation of res.partner.email_normalized 
2024-07-22 10:11:30,065 8968 INFO Asset odoo.models: Prepare computation of res.users.notification_type 
2024-07-22 10:11:32,807 8968 INFO Asset odoo.modules.loading: loading mail/data/mail_groups.xml 
2024-07-22 10:11:32,936 8968 INFO Asset odoo.modules.loading: loading mail/wizard/mail_blacklist_remove_views.xml 
2024-07-22 10:11:32,945 8968 INFO Asset odoo.modules.loading: loading mail/wizard/mail_compose_message_views.xml 
2024-07-22 10:11:32,983 8968 INFO Asset odoo.modules.loading: loading mail/wizard/mail_resend_message_views.xml 
2024-07-22 10:11:33,004 8968 INFO Asset odoo.modules.loading: loading mail/wizard/mail_template_preview_views.xml 
2024-07-22 10:11:33,025 8968 INFO Asset odoo.modules.loading: loading mail/wizard/mail_wizard_invite_views.xml 
2024-07-22 10:11:33,040 8968 INFO Asset odoo.modules.loading: loading mail/wizard/mail_template_reset_views.xml 
2024-07-22 10:11:33,062 8968 INFO Asset odoo.modules.loading: loading mail/views/fetchmail_views.xml 
2024-07-22 10:11:33,116 8968 INFO Asset odoo.modules.loading: loading mail/views/mail_message_subtype_views.xml 
2024-07-22 10:11:33,147 8968 INFO Asset odoo.modules.loading: loading mail/views/mail_tracking_views.xml 
2024-07-22 10:11:33,169 8968 INFO Asset odoo.modules.loading: loading mail/views/mail_notification_views.xml 
2024-07-22 10:11:33,183 8968 INFO Asset odoo.modules.loading: loading mail/views/mail_message_views.xml 
2024-07-22 10:11:33,224 8968 INFO Asset odoo.modules.loading: loading mail/views/mail_message_schedule_views.xml 
2024-07-22 10:11:33,246 8968 INFO Asset odoo.modules.loading: loading mail/views/mail_mail_views.xml 
2024-07-22 10:11:33,300 8968 INFO Asset odoo.modules.loading: loading mail/views/mail_followers_views.xml 
2024-07-22 10:11:33,313 8968 INFO Asset odoo.modules.loading: loading mail/views/mail_ice_server_views.xml 
2024-07-22 10:11:33,329 8968 INFO Asset odoo.modules.loading: loading mail/views/mail_channel_member_views.xml 
2024-07-22 10:11:33,346 8968 INFO Asset odoo.modules.loading: loading mail/views/mail_channel_rtc_session_views.xml 
2024-07-22 10:11:33,369 8968 INFO Asset odoo.modules.loading: loading mail/views/mail_link_preview_views.xml 
2024-07-22 10:11:33,382 8968 INFO Asset odoo.modules.loading: loading mail/views/mail_channel_views.xml 
2024-07-22 10:11:33,426 8968 INFO Asset odoo.modules.loading: loading mail/views/mail_shortcode_views.xml 
2024-07-22 10:11:33,453 8968 INFO Asset odoo.modules.loading: loading mail/views/mail_activity_views.xml 
2024-07-22 10:11:33,557 8968 INFO Asset odoo.modules.loading: loading mail/views/res_config_settings_views.xml 
2024-07-22 10:11:33,616 8968 INFO Asset odoo.modules.loading: loading mail/data/res_partner_data.xml 
2024-07-22 10:11:33,666 8968 INFO Asset odoo.modules.loading: loading mail/data/mail_message_subtype_data.xml 
2024-07-22 10:11:33,682 8968 INFO Asset odoo.modules.loading: loading mail/data/mail_templates_chatter.xml 
2024-07-22 10:11:33,712 8968 INFO Asset odoo.modules.loading: loading mail/data/mail_templates_email_layouts.xml 
2024-07-22 10:11:33,748 8968 INFO Asset odoo.modules.loading: loading mail/data/mail_templates_mailgateway.xml 
2024-07-22 10:11:33,770 8968 INFO Asset odoo.modules.loading: loading mail/data/mail_channel_data.xml 
2024-07-22 10:11:33,813 8968 INFO Asset odoo.modules.loading: loading mail/data/mail_activity_data.xml 
2024-07-22 10:11:33,844 8968 INFO Asset odoo.modules.loading: loading mail/data/ir_cron_data.xml 
2024-07-22 10:11:33,903 8968 INFO Asset odoo.modules.loading: loading mail/security/mail_security.xml 
2024-07-22 10:11:34,086 8968 INFO Asset odoo.modules.loading: loading mail/security/ir.model.access.csv 
2024-07-22 10:11:34,174 8968 INFO Asset odoo.modules.loading: loading mail/views/discuss_public_templates.xml 
2024-07-22 10:11:34,191 8968 INFO Asset odoo.modules.loading: loading mail/views/mail_alias_views.xml 
2024-07-22 10:11:34,230 8968 INFO Asset odoo.modules.loading: loading mail/views/mail_gateway_allowed_views.xml 
2024-07-22 10:11:34,256 8968 INFO Asset odoo.modules.loading: loading mail/views/mail_guest_views.xml 
2024-07-22 10:11:34,273 8968 INFO Asset odoo.modules.loading: loading mail/views/mail_message_reaction_views.xml 
2024-07-22 10:11:34,291 8968 INFO Asset odoo.modules.loading: loading mail/views/res_users_views.xml 
2024-07-22 10:11:34,323 8968 INFO Asset odoo.modules.loading: loading mail/views/res_users_settings_views.xml 
2024-07-22 10:11:34,343 8968 INFO Asset odoo.modules.loading: loading mail/views/mail_template_views.xml 
2024-07-22 10:11:34,456 8968 INFO Asset odoo.modules.loading: loading mail/views/ir_actions_server_views.xml 
2024-07-22 10:11:34,474 8968 INFO Asset odoo.modules.loading: loading mail/views/ir_model_views.xml 
2024-07-22 10:11:34,515 8968 INFO Asset odoo.modules.loading: loading mail/views/res_partner_views.xml 
2024-07-22 10:11:34,614 8968 INFO Asset odoo.modules.loading: loading mail/views/mail_blacklist_views.xml 
2024-07-22 10:11:34,647 8968 INFO Asset odoo.modules.loading: loading mail/views/mail_menus.xml 
2024-07-22 10:11:35,107 8968 INFO Asset odoo.modules.loading: Module mail loaded in 6.18s, 3452 queries (+3452 other) 
2024-07-22 10:11:35,107 8968 INFO Asset odoo.modules.loading: Loading module spreadsheet (18/73) 
2024-07-22 10:11:35,151 8968 INFO Asset odoo.modules.registry: module spreadsheet: creating or updating database tables 
2024-07-22 10:11:35,264 8968 INFO Asset odoo.modules.loading: Module spreadsheet loaded in 0.16s, 42 queries (+42 other) 
2024-07-22 10:11:35,264 8968 INFO Asset odoo.modules.loading: Loading module web_map (20/73) 
2024-07-22 10:11:35,341 8968 INFO Asset odoo.modules.registry: module web_map: creating or updating database tables 
2024-07-22 10:11:35,381 8968 INFO Asset odoo.models: Prepare computation of res.partner.contact_address_complete 
2024-07-22 10:11:36,573 8968 INFO Asset odoo.modules.loading: loading web_map/views/res_config_settings.xml 
2024-07-22 10:11:36,606 8968 INFO Asset odoo.modules.loading: loading web_map/views/res_partner_views.xml 
2024-07-22 10:11:36,640 8968 INFO Asset odoo.modules.loading: Module web_map loaded in 1.38s, 1047 queries (+1047 other) 
2024-07-22 10:11:36,641 8968 INFO Asset odoo.modules.loading: Loading module analytic (22/73) 
2024-07-22 10:11:36,691 8968 INFO Asset odoo.modules.registry: module analytic: creating or updating database tables 
2024-07-22 10:11:37,129 8968 INFO Asset odoo.modules.loading: loading analytic/security/analytic_security.xml 
2024-07-22 10:11:37,194 8968 INFO Asset odoo.modules.loading: loading analytic/security/ir.model.access.csv 
2024-07-22 10:11:37,217 8968 INFO Asset odoo.modules.loading: loading analytic/views/analytic_line_views.xml 
2024-07-22 10:11:37,298 8968 INFO Asset odoo.modules.loading: loading analytic/views/analytic_account_views.xml 
2024-07-22 10:11:37,353 8968 INFO Asset odoo.modules.loading: loading analytic/views/analytic_plan_views.xml 
2024-07-22 10:11:37,381 8968 INFO Asset odoo.modules.loading: loading analytic/views/analytic_distribution_model_views.xml 
2024-07-22 10:11:37,409 8968 INFO Asset odoo.modules.loading: loading analytic/data/analytic_data.xml 
2024-07-22 10:11:37,452 8968 INFO Asset odoo.modules.loading: Module analytic loaded in 0.81s, 392 queries (+392 other) 
2024-07-22 10:11:37,453 8968 INFO Asset odoo.modules.loading: Loading module auth_signup (23/73) 
2024-07-22 10:11:37,501 8968 INFO Asset odoo.modules.registry: module auth_signup: creating or updating database tables 
2024-07-22 10:11:37,625 8968 INFO Asset odoo.modules.loading: loading auth_signup/data/ir_config_parameter_data.xml 
2024-07-22 10:11:37,634 8968 INFO Asset odoo.modules.loading: loading auth_signup/data/ir_cron_data.xml 
2024-07-22 10:11:37,651 8968 INFO Asset odoo.modules.loading: loading auth_signup/data/mail_template_data.xml 
2024-07-22 10:11:37,677 8968 INFO Asset odoo.modules.loading: loading auth_signup/views/res_config_settings_views.xml 
2024-07-22 10:11:37,700 8968 INFO Asset odoo.modules.loading: loading auth_signup/views/res_users_views.xml 
2024-07-22 10:11:37,742 8968 INFO Asset odoo.modules.loading: loading auth_signup/views/auth_signup_login_templates.xml 
2024-07-22 10:11:37,783 8968 INFO Asset odoo.modules.loading: loading auth_signup/views/webclient_templates.xml 
2024-07-22 10:11:37,817 8968 INFO Asset odoo.modules.loading: Module auth_signup loaded in 0.36s, 191 queries (+191 other) 
2024-07-22 10:11:37,818 8968 INFO Asset odoo.modules.loading: Loading module auth_totp_mail (24/73) 
2024-07-22 10:11:37,857 8968 INFO Asset odoo.modules.registry: module auth_totp_mail: creating or updating database tables 
2024-07-22 10:11:37,918 8968 INFO Asset odoo.modules.loading: loading auth_totp_mail/data/ir_action_data.xml 
2024-07-22 10:11:37,955 8968 INFO Asset odoo.modules.loading: loading auth_totp_mail/data/mail_template_data.xml 
2024-07-22 10:11:37,964 8968 INFO Asset odoo.modules.loading: loading auth_totp_mail/views/res_users_views.xml 
2024-07-22 10:11:38,026 8968 INFO Asset odoo.modules.loading: Module auth_totp_mail loaded in 0.21s, 92 queries (+92 other) 
2024-07-22 10:11:38,026 8968 INFO Asset odoo.modules.loading: Loading module base_install_request (25/73) 
2024-07-22 10:11:38,077 8968 INFO Asset odoo.modules.registry: module base_install_request: creating or updating database tables 
2024-07-22 10:11:38,236 8968 INFO Asset odoo.modules.loading: loading base_install_request/security/ir.model.access.csv 
2024-07-22 10:11:38,254 8968 INFO Asset odoo.modules.loading: loading base_install_request/wizard/base_module_install_request_views.xml 
2024-07-22 10:11:38,275 8968 INFO Asset odoo.modules.loading: loading base_install_request/data/mail_template_data.xml 
2024-07-22 10:11:38,282 8968 INFO Asset odoo.modules.loading: loading base_install_request/data/mail_templates_module_install.xml 
2024-07-22 10:11:38,290 8968 INFO Asset odoo.modules.loading: loading base_install_request/views/ir_module_module_views.xml 
2024-07-22 10:11:38,317 8968 INFO Asset odoo.addons.base.models.ir_module: ALLOW access to module.button_install on ['Project', 'Email Marketing', 'Employees', 'Knowledge', 'Sign', 'Planning', 'Appointments', 'Surveys'] to user __system__ #1 via 127.0.0.1 
2024-07-22 10:11:38,513 8968 INFO Asset odoo.modules.loading: Module base_install_request loaded in 0.49s, 223 queries (+223 other) 
2024-07-22 10:11:38,513 8968 INFO Asset odoo.modules.loading: Loading module google_gmail (26/73) 
2024-07-22 10:11:38,586 8968 INFO Asset odoo.modules.registry: module google_gmail: creating or updating database tables 
2024-07-22 10:11:38,690 8968 INFO Asset odoo.modules.loading: loading google_gmail/views/fetchmail_server_views.xml 
2024-07-22 10:11:38,714 8968 INFO Asset odoo.modules.loading: loading google_gmail/views/ir_mail_server_views.xml 
2024-07-22 10:11:38,731 8968 INFO Asset odoo.modules.loading: loading google_gmail/views/res_config_settings_views.xml 
2024-07-22 10:11:38,778 8968 INFO Asset odoo.modules.loading: Module google_gmail loaded in 0.26s, 122 queries (+122 other) 
2024-07-22 10:11:38,778 8968 INFO Asset odoo.modules.loading: Loading module iap_mail (27/73) 
2024-07-22 10:11:38,826 8968 INFO Asset odoo.modules.registry: module iap_mail: creating or updating database tables 
2024-07-22 10:11:38,856 8968 INFO Asset odoo.modules.loading: loading iap_mail/data/mail_templates.xml 
2024-07-22 10:11:38,885 8968 INFO Asset odoo.modules.loading: Module iap_mail loaded in 0.11s, 35 queries (+35 other) 
2024-07-22 10:11:38,885 8968 INFO Asset odoo.modules.loading: Loading module mail_bot (28/73) 
2024-07-22 10:11:38,925 8968 INFO Asset odoo.modules.registry: module mail_bot: creating or updating database tables 
2024-07-22 10:11:39,035 8968 INFO Asset odoo.modules.loading: loading mail_bot/views/res_users_views.xml 
2024-07-22 10:11:39,074 8968 INFO Asset odoo.modules.loading: loading mail_bot/data/mailbot_data.xml 
2024-07-22 10:11:39,102 8968 INFO Asset odoo.modules.loading: Module mail_bot loaded in 0.22s, 136 queries (+136 other) 
2024-07-22 10:11:39,102 8968 INFO Asset odoo.modules.loading: Loading module mail_enterprise (29/73) 
2024-07-22 10:11:39,143 8968 INFO Asset odoo.modules.registry: module mail_enterprise: creating or updating database tables 
2024-07-22 10:11:39,267 8968 INFO Asset odoo.modules.loading: Module mail_enterprise loaded in 0.17s, 17 queries (+17 other) 
2024-07-22 10:11:39,267 8968 INFO Asset odoo.modules.loading: Loading module phone_validation (30/73) 
2024-07-22 10:11:39,322 8968 INFO Asset odoo.modules.registry: module phone_validation: creating or updating database tables 
2024-07-22 10:11:39,493 8968 INFO Asset odoo.modules.loading: loading phone_validation/security/ir.model.access.csv 
2024-07-22 10:11:39,502 8968 INFO Asset odoo.modules.loading: loading phone_validation/views/phone_blacklist_views.xml 
2024-07-22 10:11:39,540 8968 INFO Asset odoo.modules.loading: loading phone_validation/wizard/phone_blacklist_remove_view.xml 
2024-07-22 10:11:39,581 8968 INFO Asset odoo.modules.loading: Module phone_validation loaded in 0.31s, 162 queries (+162 other) 
2024-07-22 10:11:39,582 8968 INFO Asset odoo.modules.loading: Loading module privacy_lookup (31/73) 
2024-07-22 10:11:39,639 8968 INFO Asset odoo.modules.registry: module privacy_lookup: creating or updating database tables 
2024-07-22 10:11:39,847 8968 INFO Asset odoo.modules.loading: loading privacy_lookup/wizard/privacy_lookup_wizard_views.xml 
2024-07-22 10:11:39,917 8968 INFO Asset odoo.modules.loading: loading privacy_lookup/views/privacy_log_views.xml 
2024-07-22 10:11:39,959 8968 INFO Asset odoo.modules.loading: loading privacy_lookup/security/ir.model.access.csv 
2024-07-22 10:11:39,982 8968 INFO Asset odoo.modules.loading: loading privacy_lookup/data/ir_actions_server_data.xml 
2024-07-22 10:11:40,044 8968 INFO Asset odoo.modules.loading: Module privacy_lookup loaded in 0.46s, 225 queries (+225 other) 
2024-07-22 10:11:40,044 8968 INFO Asset odoo.modules.loading: Loading module product (32/73) 
2024-07-22 10:11:40,280 8968 INFO Asset odoo.modules.registry: module product: creating or updating database tables 
2024-07-22 10:11:41,769 8968 INFO Asset odoo.modules.loading: loading product/data/product_data.xml 
2024-07-22 10:11:41,806 8968 INFO Asset odoo.modules.loading: loading product/security/product_security.xml 
2024-07-22 10:11:41,984 8968 INFO Asset odoo.modules.loading: loading product/security/ir.model.access.csv 
2024-07-22 10:11:42,016 8968 INFO Asset odoo.modules.loading: loading product/wizard/product_label_layout_views.xml 
2024-07-22 10:11:42,032 8968 INFO Asset odoo.modules.loading: loading product/views/product_views.xml 
2024-07-22 10:11:42,172 8968 INFO Asset odoo.modules.loading: loading product/views/res_config_settings_views.xml 
2024-07-22 10:11:42,223 8968 INFO Asset odoo.modules.loading: loading product/views/product_attribute_views.xml 
2024-07-22 10:11:42,302 8968 INFO Asset odoo.modules.loading: loading product/views/product_category_views.xml 
2024-07-22 10:11:42,336 8968 INFO Asset odoo.modules.loading: loading product/views/product_packaging_views.xml 
2024-07-22 10:11:42,389 8968 INFO Asset odoo.modules.loading: loading product/views/product_pricelist_item_views.xml 
2024-07-22 10:11:42,454 8968 INFO Asset odoo.modules.loading: loading product/views/product_pricelist_views.xml 
2024-07-22 10:11:42,504 8968 INFO Asset odoo.modules.loading: loading product/views/product_supplierinfo_views.xml 
2024-07-22 10:11:42,568 8968 INFO Asset odoo.modules.loading: loading product/views/product_template_views.xml 
2024-07-22 10:11:42,654 8968 INFO Asset odoo.modules.loading: loading product/views/product_tag_views.xml 
2024-07-22 10:11:42,676 8968 INFO Asset odoo.modules.loading: loading product/views/res_country_group_views.xml 
2024-07-22 10:11:42,688 8968 INFO Asset odoo.modules.loading: loading product/views/res_partner_views.xml 
2024-07-22 10:11:42,707 8968 INFO Asset odoo.modules.loading: loading product/report/product_reports.xml 
2024-07-22 10:11:42,741 8968 INFO Asset odoo.modules.loading: loading product/report/product_product_templates.xml 
2024-07-22 10:11:42,782 8968 INFO Asset odoo.modules.loading: loading product/report/product_template_templates.xml 
2024-07-22 10:11:42,801 8968 INFO Asset odoo.modules.loading: loading product/report/product_packaging.xml 
2024-07-22 10:11:42,813 8968 INFO Asset odoo.modules.loading: loading product/report/product_pricelist_report_templates.xml 
2024-07-22 10:11:42,923 8968 INFO Asset odoo.modules.loading: Module product loaded in 2.88s, 1429 queries (+1429 other) 
2024-07-22 10:11:42,923 8968 INFO Asset odoo.modules.loading: Loading module spreadsheet_dashboard (33/73) 
2024-07-22 10:11:42,976 8968 INFO Asset odoo.modules.registry: module spreadsheet_dashboard: creating or updating database tables 
2024-07-22 10:11:43,138 8968 INFO Asset odoo.modules.loading: loading spreadsheet_dashboard/security/security.xml 
2024-07-22 10:11:43,158 8968 INFO Asset odoo.modules.loading: loading spreadsheet_dashboard/security/ir.model.access.csv 
2024-07-22 10:11:43,176 8968 INFO Asset odoo.modules.loading: loading spreadsheet_dashboard/views/spreadsheet_dashboard_views.xml 
2024-07-22 10:11:43,204 8968 INFO Asset odoo.modules.loading: loading spreadsheet_dashboard/views/menu_views.xml 
2024-07-22 10:11:43,266 8968 INFO Asset odoo.modules.loading: loading spreadsheet_dashboard/data/dashboard.xml 
2024-07-22 10:11:43,305 8968 INFO Asset odoo.modules.loading: Module spreadsheet_dashboard loaded in 0.38s, 185 queries (+185 other) 
2024-07-22 10:11:43,305 8968 INFO Asset odoo.modules.loading: Loading module spreadsheet_edition (34/73) 
2024-07-22 10:11:43,359 8968 INFO Asset odoo.modules.registry: module spreadsheet_edition: creating or updating database tables 
2024-07-22 10:11:43,473 8968 INFO Asset odoo.modules.loading: loading spreadsheet_edition/data/spreadsheet_data.xml 
2024-07-22 10:11:43,483 8968 INFO Asset odoo.modules.loading: loading spreadsheet_edition/security/ir.model.access.csv 
2024-07-22 10:11:43,512 8968 INFO Asset odoo.modules.loading: Module spreadsheet_edition loaded in 0.21s, 66 queries (+66 other) 
2024-07-22 10:11:43,512 8968 INFO Asset odoo.modules.loading: Loading module web_unsplash (35/73) 
2024-07-22 10:11:43,574 8968 INFO Asset odoo.modules.registry: module web_unsplash: creating or updating database tables 
2024-07-22 10:11:43,694 8968 INFO Asset odoo.modules.loading: loading web_unsplash/views/res_config_settings_view.xml 
2024-07-22 10:11:43,775 8968 INFO Asset odoo.modules.loading: Module web_unsplash loaded in 0.26s, 95 queries (+95 other) 
2024-07-22 10:11:43,775 8968 INFO Asset odoo.modules.loading: Loading module mail_mobile (36/73) 
2024-07-22 10:11:43,834 8968 INFO Asset odoo.modules.registry: module mail_mobile: creating or updating database tables 
2024-07-22 10:11:44,166 8968 INFO Asset odoo.modules.loading: loading mail_mobile/data/mail_mobile_data.xml 
2024-07-22 10:11:44,177 8968 INFO Asset odoo.modules.loading: loading mail_mobile/views/res_config_settings_views.xml 
2024-07-22 10:11:44,219 8968 INFO Asset odoo.modules.loading: Module mail_mobile loaded in 0.44s, 152 queries (+152 other) 
2024-07-22 10:11:44,219 8968 INFO Asset odoo.modules.loading: Loading module partner_autocomplete (37/73) 
2024-07-22 10:11:44,294 8968 INFO Asset odoo.modules.registry: module partner_autocomplete: creating or updating database tables 
2024-07-22 10:11:44,517 8968 INFO Asset odoo.modules.loading: loading partner_autocomplete/security/ir.model.access.csv 
2024-07-22 10:11:44,531 8968 INFO Asset odoo.modules.loading: loading partner_autocomplete/views/res_partner_views.xml 
2024-07-22 10:11:44,573 8968 INFO Asset odoo.modules.loading: loading partner_autocomplete/views/res_company_views.xml 
2024-07-22 10:11:44,589 8968 INFO Asset odoo.modules.loading: loading partner_autocomplete/views/res_config_settings_views.xml 
2024-07-22 10:11:44,615 8968 INFO Asset odoo.modules.loading: loading partner_autocomplete/data/cron.xml 
2024-07-22 10:11:44,659 8968 INFO Asset odoo.modules.loading: Module partner_autocomplete loaded in 0.44s, 175 queries (+175 other) 
2024-07-22 10:11:44,660 8968 INFO Asset odoo.modules.loading: Loading module portal (38/73) 
2024-07-22 10:11:44,746 8968 INFO Asset odoo.modules.registry: module portal: creating or updating database tables 
2024-07-22 10:11:45,148 8968 INFO Asset odoo.modules.loading: loading portal/security/ir.model.access.csv 
2024-07-22 10:11:45,162 8968 INFO Asset odoo.modules.loading: loading portal/data/mail_template_data.xml 
2024-07-22 10:11:45,178 8968 INFO Asset odoo.modules.loading: loading portal/data/mail_templates.xml 
2024-07-22 10:11:45,190 8968 INFO Asset odoo.modules.loading: loading portal/views/portal_templates.xml 
2024-07-22 10:11:45,342 8968 INFO Asset odoo.modules.loading: loading portal/views/res_config_settings_views.xml 
2024-07-22 10:11:45,370 8968 INFO Asset odoo.modules.loading: loading portal/wizard/portal_share_views.xml 
2024-07-22 10:11:45,389 8968 INFO Asset odoo.modules.loading: loading portal/wizard/portal_wizard_views.xml 
2024-07-22 10:11:45,464 8968 INFO Asset odoo.modules.loading: Module portal loaded in 0.80s, 458 queries (+458 other) 
2024-07-22 10:11:45,464 8968 INFO Asset odoo.modules.loading: Loading module sms (39/73) 
2024-07-22 10:11:45,549 8968 INFO Asset odoo.modules.registry: module sms: creating or updating database tables 
2024-07-22 10:11:45,566 8968 INFO Asset odoo.models: Prepare computation of ir.actions.server.sms_template_id 
2024-07-22 10:11:45,566 8968 INFO Asset odoo.models: Prepare computation of ir.actions.server.sms_method 
2024-07-22 10:11:45,618 8968 INFO Asset odoo.models: Prepare computation of res.partner.phone_sanitized 
2024-07-22 10:11:46,170 8968 INFO Asset odoo.modules.loading: loading sms/data/ir_cron_data.xml 
2024-07-22 10:11:46,186 8968 INFO Asset odoo.modules.loading: loading sms/wizard/sms_composer_views.xml 
2024-07-22 10:11:46,205 8968 INFO Asset odoo.modules.loading: loading sms/wizard/sms_template_preview_views.xml 
2024-07-22 10:11:46,223 8968 INFO Asset odoo.modules.loading: loading sms/wizard/sms_resend_views.xml 
2024-07-22 10:11:46,245 8968 INFO Asset odoo.modules.loading: loading sms/wizard/sms_template_reset_views.xml 
2024-07-22 10:11:46,262 8968 INFO Asset odoo.modules.loading: loading sms/views/ir_actions_server_views.xml 
2024-07-22 10:11:46,281 8968 INFO Asset odoo.modules.loading: loading sms/views/mail_notification_views.xml 
2024-07-22 10:11:46,305 8968 INFO Asset odoo.modules.loading: loading sms/views/res_config_settings_views.xml 
2024-07-22 10:11:46,334 8968 INFO Asset odoo.modules.loading: loading sms/views/res_partner_views.xml 
2024-07-22 10:11:46,412 8968 INFO Asset odoo.modules.loading: loading sms/views/sms_sms_views.xml 
2024-07-22 10:11:46,461 8968 INFO Asset odoo.modules.loading: loading sms/views/sms_template_views.xml 
2024-07-22 10:11:46,507 8968 INFO Asset odoo.modules.loading: loading sms/security/ir.model.access.csv 
2024-07-22 10:11:46,536 8968 INFO Asset odoo.modules.loading: loading sms/security/sms_security.xml 
2024-07-22 10:11:46,588 8968 INFO Asset odoo.modules.loading: Module sms loaded in 1.12s, 620 queries (+620 other) 
2024-07-22 10:11:46,588 8968 INFO Asset odoo.modules.loading: Loading module snailmail (40/73) 
2024-07-22 10:11:46,672 8968 INFO Asset odoo.modules.registry: module snailmail: creating or updating database tables 
2024-07-22 10:11:47,186 8968 INFO Asset odoo.modules.loading: loading snailmail/data/snailmail_data.xml 
2024-07-22 10:11:47,199 8968 INFO Asset odoo.modules.loading: loading snailmail/views/report_assets.xml 
2024-07-22 10:11:47,216 8968 INFO Asset odoo.modules.loading: loading snailmail/views/snailmail_views.xml 
2024-07-22 10:11:47,240 8968 INFO Asset odoo.modules.loading: loading snailmail/wizard/snailmail_confirm_views.xml 
2024-07-22 10:11:47,248 8968 INFO Asset odoo.modules.loading: loading snailmail/wizard/snailmail_letter_format_error_views.xml 
2024-07-22 10:11:47,259 8968 INFO Asset odoo.modules.loading: loading snailmail/wizard/snailmail_letter_missing_required_fields_views.xml 
2024-07-22 10:11:47,270 8968 INFO Asset odoo.modules.loading: loading snailmail/security/ir.model.access.csv 
2024-07-22 10:11:47,304 8968 INFO Asset odoo.modules.loading: Module snailmail loaded in 0.71s, 401 queries (+401 other) 
2024-07-22 10:11:47,304 8968 INFO Asset odoo.modules.loading: Loading module spreadsheet_dashboard_edition (41/73) 
2024-07-22 10:11:47,377 8968 INFO Asset odoo.modules.registry: module spreadsheet_dashboard_edition: creating or updating database tables 
2024-07-22 10:11:47,432 8968 INFO Asset odoo.modules.loading: loading spreadsheet_dashboard_edition/views/spreadsheet_dashboard_views.xml 
2024-07-22 10:11:47,463 8968 INFO Asset odoo.modules.loading: Module spreadsheet_dashboard_edition loaded in 0.16s, 44 queries (+44 other) 
2024-07-22 10:11:47,463 8968 INFO Asset odoo.modules.loading: Loading module auth_totp_portal (42/73) 
2024-07-22 10:11:47,540 8968 INFO Asset odoo.modules.registry: module auth_totp_portal: creating or updating database tables 
2024-07-22 10:11:47,587 8968 INFO Asset odoo.modules.loading: loading auth_totp_portal/security/security.xml 
2024-07-22 10:11:47,616 8968 INFO Asset odoo.modules.loading: loading auth_totp_portal/views/templates.xml 
2024-07-22 10:11:47,638 8968 INFO Asset odoo.modules.loading: Module auth_totp_portal loaded in 0.17s, 68 queries (+68 other) 
2024-07-22 10:11:47,638 8968 INFO Asset odoo.modules.loading: Loading module digest (43/73) 
2024-07-22 10:11:47,709 8968 INFO Asset odoo.modules.registry: module digest: creating or updating database tables 
2024-07-22 10:11:47,889 8968 INFO Asset odoo.modules.loading: loading digest/security/ir.model.access.csv 
2024-07-22 10:11:47,900 8968 INFO Asset odoo.modules.loading: loading digest/data/digest_data.xml 
2024-07-22 10:11:47,921 8968 INFO Asset odoo.modules.loading: loading digest/data/digest_tips_data.xml 
2024-07-22 10:11:47,939 8968 INFO Asset odoo.modules.loading: loading digest/data/ir_cron_data.xml 
2024-07-22 10:11:47,959 8968 INFO Asset odoo.modules.loading: loading digest/data/res_config_settings_data.xml 
2024-07-22 10:11:47,971 8968 INFO Asset odoo.modules.loading: loading digest/views/digest_views.xml 
2024-07-22 10:11:48,071 8968 INFO Asset odoo.modules.loading: loading digest/views/digest_templates.xml 
2024-07-22 10:11:48,080 8968 INFO Asset odoo.modules.loading: loading digest/views/res_config_settings_views.xml 
2024-07-22 10:11:48,148 8968 INFO Asset odoo.modules.loading: Module digest loaded in 0.51s, 295 queries (+295 other) 
2024-07-22 10:11:48,148 8968 INFO Asset odoo.modules.loading: Loading module payment (44/73) 
2024-07-22 10:11:48,236 8968 INFO Asset odoo.modules.registry: module payment: creating or updating database tables 
2024-07-22 10:11:49,007 8968 INFO Asset odoo.modules.loading: loading payment/data/payment_icon_data.xml 
2024-07-22 10:11:49,506 8968 INFO Asset odoo.modules.loading: loading payment/data/payment_provider_data.xml 
2024-07-22 10:11:50,362 8968 INFO Asset odoo.modules.loading: loading payment/data/payment_cron.xml 
2024-07-22 10:11:50,377 8968 INFO Asset odoo.modules.loading: loading payment/views/payment_portal_templates.xml 
2024-07-22 10:11:50,435 8968 INFO Asset odoo.modules.loading: loading payment/views/payment_templates.xml 
2024-07-22 10:11:50,493 8968 INFO Asset odoo.modules.loading: loading payment/views/payment_provider_views.xml 
2024-07-22 10:11:50,561 8968 INFO Asset odoo.modules.loading: loading payment/views/payment_icon_views.xml 
2024-07-22 10:11:50,585 8968 INFO Asset odoo.modules.loading: loading payment/views/payment_transaction_views.xml 
2024-07-22 10:11:50,641 8968 INFO Asset odoo.modules.loading: loading payment/views/payment_token_views.xml 
2024-07-22 10:11:50,680 8968 INFO Asset odoo.modules.loading: loading payment/views/res_partner_views.xml 
2024-07-22 10:11:50,711 8968 INFO Asset odoo.modules.loading: loading payment/security/ir.model.access.csv 
2024-07-22 10:11:50,925 8968 INFO Asset odoo.modules.loading: loading payment/security/payment_security.xml 
2024-07-22 10:11:50,995 8968 INFO Asset odoo.modules.loading: loading payment/wizards/payment_link_wizard_views.xml 
2024-07-22 10:11:51,015 8968 INFO Asset odoo.modules.loading: loading payment/wizards/payment_onboarding_views.xml 
2024-07-22 10:11:51,082 8968 INFO Asset odoo.modules.loading: Module payment loaded in 2.93s, 839 queries (+839 other) 
2024-07-22 10:11:51,083 8968 INFO Asset odoo.modules.loading: Loading module account (45/73) 
2024-07-22 10:11:51,332 8968 INFO Asset odoo.modules.registry: module account: creating or updating database tables 
2024-07-22 10:11:52,790 8968 INFO Asset odoo.models: Prepare computation of res.company.account_fiscal_country_id 
2024-07-22 10:11:52,791 8968 INFO Asset odoo.models: Prepare computation of res.company.early_pay_discount_computation 
2024-07-22 10:11:52,791 8968 INFO Asset odoo.models: Prepare computation of res.company.invoice_terms_html 
2024-07-22 10:11:56,660 8968 INFO Asset odoo.modules.loading: loading account/security/account_security.xml 
2024-07-22 10:11:57,516 8968 INFO Asset odoo.modules.loading: loading account/security/ir.model.access.csv 
2024-07-22 10:11:57,684 8968 INFO Asset odoo.modules.loading: loading account/data/account_data.xml 
2024-07-22 10:11:57,846 8968 INFO Asset odoo.modules.loading: loading account/data/digest_data.xml 
2024-07-22 10:11:57,862 8968 INFO Asset odoo.modules.loading: loading account/views/account_report.xml 
2024-07-22 10:11:57,891 8968 INFO Asset odoo.modules.loading: loading account/data/mail_template_data.xml 
2024-07-22 10:11:57,913 8968 INFO Asset odoo.modules.loading: loading account/views/account_payment_view.xml 
2024-07-22 10:11:58,048 8968 INFO Asset odoo.modules.loading: loading account/wizard/account_automatic_entry_wizard_views.xml 
2024-07-22 10:11:58,064 8968 INFO Asset odoo.modules.loading: loading account/wizard/account_unreconcile_view.xml 
2024-07-22 10:11:58,085 8968 INFO Asset odoo.modules.loading: loading account/wizard/account_move_reversal_view.xml 
2024-07-22 10:11:58,114 8968 INFO Asset odoo.modules.loading: loading account/wizard/account_resequence_views.xml 
2024-07-22 10:11:58,140 8968 INFO Asset odoo.modules.loading: loading account/wizard/account_payment_register_views.xml 
2024-07-22 10:11:58,166 8968 INFO Asset odoo.modules.loading: loading account/views/account_move_views.xml 
2024-07-22 10:11:58,727 8968 INFO Asset odoo.modules.loading: loading account/wizard/setup_wizards_view.xml 
2024-07-22 10:11:58,754 8968 INFO Asset odoo.modules.loading: loading account/views/account_account_views.xml 
2024-07-22 10:11:58,792 8968 INFO Asset odoo.modules.loading: loading account/views/account_group_views.xml 
2024-07-22 10:11:58,815 8968 INFO Asset odoo.modules.loading: loading account/views/account_journal_views.xml 
2024-07-22 10:11:58,909 8968 INFO Asset odoo.modules.loading: loading account/views/account_account_tag_views.xml 
2024-07-22 10:11:58,947 8968 INFO Asset odoo.modules.loading: loading account/views/account_bank_statement_views.xml 
2024-07-22 10:11:58,998 8968 INFO Asset odoo.modules.loading: loading account/views/account_reconcile_model_views.xml 
2024-07-22 10:11:59,065 8968 INFO Asset odoo.modules.loading: loading account/views/account_tax_views.xml 
2024-07-22 10:11:59,181 8968 INFO Asset odoo.modules.loading: loading account/views/account_full_reconcile_views.xml 
2024-07-22 10:11:59,197 8968 INFO Asset odoo.modules.loading: loading account/views/account_payment_term_views.xml 
2024-07-22 10:11:59,258 8968 INFO Asset odoo.modules.loading: loading account/views/account_chart_template_views.xml 
2024-07-22 10:11:59,286 8968 INFO Asset odoo.modules.loading: loading account/views/res_partner_bank_views.xml 
2024-07-22 10:11:59,301 8968 INFO Asset odoo.modules.loading: loading account/views/report_statement.xml 
2024-07-22 10:11:59,308 8968 INFO Asset odoo.modules.loading: loading account/views/terms_template.xml 
2024-07-22 10:11:59,322 8968 INFO Asset odoo.modules.loading: loading account/wizard/account_validate_move_view.xml 
2024-07-22 10:11:59,332 8968 INFO Asset odoo.modules.loading: loading account/views/res_company_views.xml 
2024-07-22 10:11:59,348 8968 INFO Asset odoo.modules.loading: loading account/views/product_view.xml 
2024-07-22 10:11:59,379 8968 INFO Asset odoo.modules.loading: loading account/views/account_analytic_plan_views.xml 
2024-07-22 10:11:59,390 8968 INFO Asset odoo.modules.loading: loading account/views/account_analytic_account_views.xml 
2024-07-22 10:11:59,411 8968 INFO Asset odoo.modules.loading: loading account/views/account_analytic_distribution_model_views.xml 
2024-07-22 10:11:59,432 8968 INFO Asset odoo.modules.loading: loading account/views/account_analytic_line_views.xml 
2024-07-22 10:11:59,485 8968 INFO Asset odoo.modules.loading: loading account/views/report_invoice.xml 
2024-07-22 10:11:59,541 8968 INFO Asset odoo.modules.loading: loading account/report/account_invoice_report_view.xml 
2024-07-22 10:11:59,613 8968 INFO Asset odoo.modules.loading: loading account/views/account_cash_rounding_view.xml 
2024-07-22 10:11:59,643 8968 INFO Asset odoo.modules.loading: loading account/views/ir_module_views.xml 
2024-07-22 10:11:59,657 8968 INFO Asset odoo.modules.loading: loading account/views/res_config_settings_views.xml 
2024-07-22 10:11:59,726 8968 INFO Asset odoo.modules.loading: loading account/views/partner_view.xml 
2024-07-22 10:11:59,818 8968 INFO Asset odoo.modules.loading: loading account/views/account_journal_dashboard_view.xml 
2024-07-22 10:11:59,845 8968 INFO Asset odoo.modules.loading: loading account/views/account_portal_templates.xml 
2024-07-22 10:11:59,907 8968 INFO Asset odoo.modules.loading: loading account/views/report_payment_receipt_templates.xml 
2024-07-22 10:11:59,922 8968 INFO Asset odoo.modules.loading: loading account/views/account_onboarding_templates.xml 
2024-07-22 10:12:00,013 8968 INFO Asset odoo.modules.loading: loading account/data/service_cron.xml 
2024-07-22 10:12:00,027 8968 INFO Asset odoo.modules.loading: loading account/views/account_incoterms_view.xml 
2024-07-22 10:12:00,061 8968 INFO Asset odoo.modules.loading: loading account/data/account_incoterms_data.xml 
2024-07-22 10:12:00,093 8968 INFO Asset odoo.modules.loading: loading account/views/digest_views.xml 
2024-07-22 10:12:00,108 8968 INFO Asset odoo.modules.loading: loading account/wizard/account_invoice_send_views.xml 
2024-07-22 10:12:00,128 8968 INFO Asset odoo.modules.loading: loading account/report/account_hash_integrity_templates.xml 
2024-07-22 10:12:00,142 8968 INFO Asset odoo.modules.loading: loading account/views/res_currency.xml 
2024-07-22 10:12:00,158 8968 INFO Asset odoo.modules.loading: loading account/views/account_menuitem.xml 
2024-07-22 10:12:00,613 8968 INFO Asset odoo.modules.loading: loading account/wizard/account_tour_upload_bill.xml 
2024-07-22 10:12:00,632 8968 INFO Asset odoo.modules.loading: loading account/wizard/accrued_orders.xml 
2024-07-22 10:12:00,645 8968 INFO Asset odoo.modules.loading: loading account/views/bill_preview_template.xml 
2024-07-22 10:12:00,662 8968 INFO Asset odoo.modules.loading: loading account/data/account_reports_data.xml 
2024-07-22 10:12:00,726 8968 INFO Asset odoo.addons.base.models.ir_module: ALLOW access to module.button_install on ['South Africa - Accounting'] to user __system__ #1 via 127.0.0.1 
2024-07-22 10:12:01,148 8968 INFO Asset odoo.modules.loading: Module account loaded in 10.07s, 5981 queries (+5981 other) 
2024-07-22 10:12:01,148 8968 INFO Asset odoo.modules.loading: Loading module digest_enterprise (46/73) 
2024-07-22 10:12:01,351 8968 INFO Asset odoo.modules.loading: loading digest_enterprise/data/digest_data.xml 
2024-07-22 10:12:01,408 8968 INFO Asset odoo.modules.loading: Module digest_enterprise loaded in 0.26s, 19 queries (+19 other) 
2024-07-22 10:12:01,408 8968 INFO Asset odoo.modules.loading: Loading module account_accountant (47/73) 
2024-07-22 10:12:01,515 8968 INFO Asset odoo.modules.registry: module account_accountant: creating or updating database tables 
2024-07-22 10:12:01,873 8968 INFO Asset odoo.modules.loading: loading account_accountant/data/account_accountant_data.xml 
2024-07-22 10:12:01,962 8968 INFO Asset odoo.modules.loading: loading account_accountant/data/ir_cron.xml 
2024-07-22 10:12:01,978 8968 INFO Asset odoo.modules.loading: loading account_accountant/data/digest_data.xml 
2024-07-22 10:12:01,997 8968 INFO Asset odoo.modules.loading: loading account_accountant/security/ir.model.access.csv 
2024-07-22 10:12:02,037 8968 INFO Asset odoo.modules.loading: loading account_accountant/security/account_accountant_security.xml 
2024-07-22 10:12:02,344 8968 INFO Asset odoo.modules.loading: loading account_accountant/views/account_account_views.xml 
2024-07-22 10:12:02,378 8968 INFO Asset odoo.modules.loading: loading account_accountant/views/account_fiscal_year_view.xml 
2024-07-22 10:12:02,403 8968 INFO Asset odoo.modules.loading: loading account_accountant/views/account_journal_dashboard_views.xml 
2024-07-22 10:12:02,417 8968 INFO Asset odoo.modules.loading: loading account_accountant/views/account_move_views.xml 
2024-07-22 10:12:02,507 8968 INFO Asset odoo.modules.loading: loading account_accountant/views/account_payment_views.xml 
2024-07-22 10:12:02,529 8968 INFO Asset odoo.modules.loading: loading account_accountant/views/account_reconcile_model_views.xml 
2024-07-22 10:12:02,556 8968 INFO Asset odoo.modules.loading: loading account_accountant/views/account_accountant_menuitems.xml 
2024-07-22 10:12:02,597 8968 INFO Asset odoo.modules.loading: loading account_accountant/views/digest_views.xml 
2024-07-22 10:12:02,617 8968 INFO Asset odoo.modules.loading: loading account_accountant/views/res_config_settings_views.xml 
2024-07-22 10:12:02,698 8968 INFO Asset odoo.modules.loading: loading account_accountant/views/product_views.xml 
2024-07-22 10:12:02,752 8968 INFO Asset odoo.modules.loading: loading account_accountant/views/bank_rec_widget_views.xml 
2024-07-22 10:12:02,886 8968 INFO Asset odoo.modules.loading: loading account_accountant/wizard/account_change_lock_date.xml 
2024-07-22 10:12:02,912 8968 INFO Asset odoo.modules.loading: loading account_accountant/wizard/reconcile_model_wizard.xml 
2024-07-22 10:12:02,987 8968 INFO Asset odoo.modules.loading: Module account_accountant loaded in 1.58s, 942 queries (+942 other) 
2024-07-22 10:12:02,987 8968 INFO Asset odoo.modules.loading: Loading module account_edi (48/73) 
2024-07-22 10:12:03,090 8968 INFO Asset odoo.modules.registry: module account_edi: creating or updating database tables 
2024-07-22 10:12:03,491 8968 INFO Asset odoo.modules.loading: loading account_edi/security/ir.model.access.csv 
2024-07-22 10:12:03,511 8968 INFO Asset odoo.modules.loading: loading account_edi/views/account_edi_document_views.xml 
2024-07-22 10:12:03,529 8968 INFO Asset odoo.modules.loading: loading account_edi/views/account_move_views.xml 
2024-07-22 10:12:03,648 8968 INFO Asset odoo.modules.loading: loading account_edi/views/account_payment_views.xml 
2024-07-22 10:12:03,678 8968 INFO Asset odoo.modules.loading: loading account_edi/views/account_journal_views.xml 
2024-07-22 10:12:03,693 8968 INFO Asset odoo.modules.loading: loading account_edi/data/cron.xml 
2024-07-22 10:12:03,737 8968 INFO Asset odoo.modules.loading: Module account_edi loaded in 0.75s, 323 queries (+323 other) 
2024-07-22 10:12:03,737 8968 INFO Asset odoo.modules.loading: Loading module account_invoice_extract (49/73) 
2024-07-22 10:12:03,833 8968 INFO Asset odoo.modules.registry: module account_invoice_extract: creating or updating database tables 
2024-07-22 10:12:04,133 8968 INFO Asset odoo.modules.loading: loading account_invoice_extract/security/ir.model.access.csv 
2024-07-22 10:12:04,148 8968 INFO Asset odoo.modules.loading: loading account_invoice_extract/data/mail_template_data.xml 
2024-07-22 10:12:04,162 8968 INFO Asset odoo.modules.loading: loading account_invoice_extract/data/config_parameter_endpoint.xml 
2024-07-22 10:12:04,170 8968 INFO Asset odoo.modules.loading: loading account_invoice_extract/data/extraction_status.xml 
2024-07-22 10:12:04,260 8968 INFO Asset odoo.modules.loading: loading account_invoice_extract/data/res_config_settings_views.xml 
2024-07-22 10:12:04,347 8968 INFO Asset odoo.modules.loading: loading account_invoice_extract/data/crons.xml 
2024-07-22 10:12:04,380 8968 INFO Asset odoo.modules.loading: loading account_invoice_extract/views/account_move_views.xml 
2024-07-22 10:12:04,436 8968 INFO Asset odoo.modules.loading: Module account_invoice_extract loaded in 0.70s, 254 queries (+254 other) 
2024-07-22 10:12:04,436 8968 INFO Asset odoo.modules.loading: Loading module account_payment (50/73) 
2024-07-22 10:12:04,534 8968 INFO Asset odoo.modules.registry: module account_payment: creating or updating database tables 
2024-07-22 10:12:05,025 8968 INFO Asset odoo.modules.loading: loading account_payment/security/ir.model.access.csv 
2024-07-22 10:12:05,036 8968 INFO Asset odoo.modules.loading: loading account_payment/security/ir_rules.xml 
2024-07-22 10:12:05,062 8968 INFO Asset odoo.modules.loading: loading account_payment/views/account_payment_menus.xml 
2024-07-22 10:12:05,098 8968 INFO Asset odoo.modules.loading: loading account_payment/views/account_portal_templates.xml 
2024-07-22 10:12:05,151 8968 INFO Asset odoo.modules.loading: loading account_payment/views/payment_templates.xml 
2024-07-22 10:12:05,177 8968 INFO Asset odoo.modules.loading: loading account_payment/views/account_move_views.xml 
2024-07-22 10:12:05,205 8968 INFO Asset odoo.modules.loading: loading account_payment/views/account_journal_views.xml 
2024-07-22 10:12:05,224 8968 INFO Asset odoo.modules.loading: loading account_payment/views/account_payment_views.xml 
2024-07-22 10:12:05,246 8968 INFO Asset odoo.modules.loading: loading account_payment/views/payment_provider_views.xml 
2024-07-22 10:12:05,260 8968 INFO Asset odoo.modules.loading: loading account_payment/views/payment_transaction_views.xml 
2024-07-22 10:12:05,274 8968 INFO Asset odoo.modules.loading: loading account_payment/wizards/account_payment_register_views.xml 
2024-07-22 10:12:05,294 8968 INFO Asset odoo.modules.loading: loading account_payment/wizards/payment_link_wizard_views.xml 
2024-07-22 10:12:05,306 8968 INFO Asset odoo.modules.loading: loading account_payment/wizards/payment_refund_wizard_views.xml 
2024-07-22 10:12:05,351 8968 INFO Asset odoo.modules.loading: Module account_payment loaded in 0.92s, 420 queries (+420 other) 
2024-07-22 10:12:05,352 8968 INFO Asset odoo.modules.loading: Loading module account_sequence (51/73) 
2024-07-22 10:12:05,446 8968 INFO Asset odoo.modules.registry: module account_sequence: creating or updating database tables 
2024-07-22 10:12:05,601 8968 INFO Asset odoo.modules.loading: Module account_sequence loaded in 0.25s, 57 queries (+57 other) 
2024-07-22 10:12:05,601 8968 INFO Asset odoo.modules.loading: Loading module analytic_enterprise (52/73) 
2024-07-22 10:12:05,690 8968 INFO Asset odoo.modules.registry: module analytic_enterprise: creating or updating database tables 
2024-07-22 10:12:05,732 8968 INFO Asset odoo.modules.loading: loading analytic_enterprise/views/account_analytic_view.xml 
2024-07-22 10:12:05,802 8968 INFO Asset odoo.modules.loading: Module analytic_enterprise loaded in 0.20s, 54 queries (+54 other) 
2024-07-22 10:12:05,802 8968 INFO Asset odoo.modules.loading: Loading module currency_rate_live (53/73) 
2024-07-22 10:12:05,899 8968 INFO Asset odoo.modules.registry: module currency_rate_live: creating or updating database tables 
2024-07-22 10:12:05,931 8968 INFO Asset odoo.models: Prepare computation of res.company.currency_provider 
2024-07-22 10:12:06,046 8968 INFO Asset odoo.modules.loading: loading currency_rate_live/views/res_config_settings_views.xml 
2024-07-22 10:12:06,088 8968 INFO Asset odoo.modules.loading: loading currency_rate_live/views/service_cron_data.xml 
2024-07-22 10:12:06,123 8968 INFO Asset odoo.modules.loading: Module currency_rate_live loaded in 0.32s, 95 queries (+95 other) 
2024-07-22 10:12:06,123 8968 INFO Asset odoo.modules.loading: Loading module snailmail_account (54/73) 
2024-07-22 10:12:06,215 8968 INFO Asset odoo.modules.registry: module snailmail_account: creating or updating database tables 
2024-07-22 10:12:06,394 8968 INFO Asset odoo.modules.loading: loading snailmail_account/views/res_config_settings_views.xml 
2024-07-22 10:12:06,453 8968 INFO Asset odoo.modules.loading: loading snailmail_account/wizard/account_invoice_send_views.xml 
2024-07-22 10:12:06,479 8968 INFO Asset odoo.modules.loading: loading snailmail_account/security/ir.model.access.csv 
2024-07-22 10:12:06,513 8968 INFO Asset odoo.modules.loading: Module snailmail_account loaded in 0.39s, 111 queries (+111 other) 
2024-07-22 10:12:06,513 8968 INFO Asset odoo.modules.loading: Loading module spreadsheet_account (55/73) 
2024-07-22 10:12:06,612 8968 INFO Asset odoo.modules.registry: module spreadsheet_account: creating or updating database tables 
2024-07-22 10:12:06,870 8968 INFO Asset odoo.modules.loading: Module spreadsheet_account loaded in 0.36s, 49 queries (+49 other) 
2024-07-22 10:12:06,870 8968 INFO Asset odoo.modules.loading: Loading module spreadsheet_dashboard_account (56/73) 
2024-07-22 10:12:06,977 8968 INFO Asset odoo.modules.loading: loading spreadsheet_dashboard_account/data/dashboards.xml 
2024-07-22 10:12:07,053 8968 INFO Asset odoo.modules.loading: Module spreadsheet_dashboard_account loaded in 0.18s, 26 queries (+26 other) 
2024-07-22 10:12:07,054 8968 INFO Asset odoo.modules.loading: Loading module account_auto_transfer (57/73) 
2024-07-22 10:12:07,152 8968 INFO Asset odoo.modules.registry: module account_auto_transfer: creating or updating database tables 
2024-07-22 10:12:07,527 8968 INFO Asset odoo.modules.loading: loading account_auto_transfer/security/account_auto_transfer_security.xml 
2024-07-22 10:12:07,541 8968 INFO Asset odoo.modules.loading: loading account_auto_transfer/security/ir.model.access.csv 
2024-07-22 10:12:07,566 8968 INFO Asset odoo.modules.loading: loading account_auto_transfer/data/cron.xml 
2024-07-22 10:12:07,583 8968 INFO Asset odoo.modules.loading: loading account_auto_transfer/views/transfer_model_views.xml 
2024-07-22 10:12:07,676 8968 INFO Asset odoo.modules.loading: Module account_auto_transfer loaded in 0.62s, 255 queries (+255 other) 
2024-07-22 10:12:07,677 8968 INFO Asset odoo.modules.loading: Loading module account_bank_statement_import (58/73) 
2024-07-22 10:12:07,770 8968 INFO Asset odoo.modules.registry: module account_bank_statement_import: creating or updating database tables 
2024-07-22 10:12:07,899 8968 INFO Asset odoo.modules.loading: loading account_bank_statement_import/views/account_bank_statement_import_view.xml 
2024-07-22 10:12:07,949 8968 INFO Asset odoo.modules.loading: Module account_bank_statement_import loaded in 0.27s, 90 queries (+90 other) 
2024-07-22 10:12:07,950 8968 INFO Asset odoo.modules.loading: Loading module account_base_import (59/73) 
2024-07-22 10:12:08,070 8968 INFO Asset odoo.modules.registry: module account_base_import: creating or updating database tables 
2024-07-22 10:12:08,145 8968 INFO Asset odoo.modules.loading: loading account_base_import/views/account_account_views.xml 
2024-07-22 10:12:08,204 8968 INFO Asset odoo.modules.loading: loading account_base_import/views/account_import_views.xml 
2024-07-22 10:12:08,216 8968 INFO Asset odoo.modules.loading: loading account_base_import/views/account_move_views.xml 
2024-07-22 10:12:08,223 8968 INFO Asset odoo.modules.loading: loading account_base_import/views/res_partner_views.xml 
2024-07-22 10:12:08,230 8968 INFO Asset odoo.modules.loading: loading account_base_import/wizard/setup_wizards_views.xml 
2024-07-22 10:12:08,243 8968 INFO Asset odoo.modules.loading: loading account_base_import/views/res_config_settings_views.xml 
2024-07-22 10:12:08,307 8968 INFO Asset odoo.modules.loading: Module account_base_import loaded in 0.36s, 131 queries (+131 other) 
2024-07-22 10:12:08,307 8968 INFO Asset odoo.modules.loading: Loading module account_edi_ubl_cii (60/73) 
2024-07-22 10:12:08,654 8968 INFO Asset odoo.modules.registry: module account_edi_ubl_cii: creating or updating database tables 
2024-07-22 10:12:08,761 8968 INFO Asset odoo.modules.loading: loading account_edi_ubl_cii/data/account_edi_data.xml 
2024-07-22 10:12:08,793 8968 INFO Asset odoo.modules.loading: loading account_edi_ubl_cii/data/cii_22_templates.xml 
2024-07-22 10:12:08,844 8968 INFO Asset odoo.modules.loading: loading account_edi_ubl_cii/data/ubl_20_templates.xml 
2024-07-22 10:12:08,916 8968 INFO Asset odoo.modules.loading: loading account_edi_ubl_cii/data/ubl_21_templates.xml 
2024-07-22 10:12:08,967 8968 INFO Asset odoo.modules.loading: Module account_edi_ubl_cii loaded in 0.66s, 186 queries (+186 other) 
2024-07-22 10:12:08,967 8968 INFO Asset odoo.modules.loading: Loading module account_online_synchronization (61/73) 
2024-07-22 10:12:09,074 8968 INFO Asset odoo.modules.registry: module account_online_synchronization: creating or updating database tables 
2024-07-22 10:12:09,517 8968 INFO Asset odoo.modules.loading: loading account_online_synchronization/data/config_parameter.xml 
2024-07-22 10:12:09,534 8968 INFO Asset odoo.modules.loading: loading account_online_synchronization/data/mail_activity_type_data.xml 
2024-07-22 10:12:09,548 8968 INFO Asset odoo.modules.loading: loading account_online_synchronization/security/ir.model.access.csv 
2024-07-22 10:12:09,562 8968 INFO Asset odoo.modules.loading: loading account_online_synchronization/security/account_online_sync_security.xml 
2024-07-22 10:12:09,583 8968 INFO Asset odoo.modules.loading: loading account_online_synchronization/views/account_online_sync.xml 
2024-07-22 10:12:09,718 8968 INFO Asset odoo.modules.loading: loading account_online_synchronization/wizard/account_link_journal_wizard.xml 
2024-07-22 10:12:09,772 8968 INFO Asset odoo.modules.loading: Module account_online_synchronization loaded in 0.80s, 354 queries (+354 other) 
2024-07-22 10:12:09,773 8968 INFO Asset odoo.modules.loading: Loading module account_payment_invoice_online_payment_patch (62/73) 
2024-07-22 10:12:09,860 8968 INFO Asset odoo.modules.registry: module account_payment_invoice_online_payment_patch: creating or updating database tables 
2024-07-22 10:12:10,030 8968 INFO Asset odoo.modules.loading: loading account_payment_invoice_online_payment_patch/data/ir_config_parameter.xml 
2024-07-22 10:12:10,041 8968 INFO Asset odoo.modules.loading: loading account_payment_invoice_online_payment_patch/views/account_portal_templates.xml 
2024-07-22 10:12:10,080 8968 INFO Asset odoo.modules.loading: loading account_payment_invoice_online_payment_patch/wizards/res_config_settings_views.xml 
2024-07-22 10:12:10,207 8968 INFO Asset odoo.modules.loading: Module account_payment_invoice_online_payment_patch loaded in 0.43s, 136 queries (+136 other) 
2024-07-22 10:12:10,207 8968 INFO Asset odoo.modules.loading: Loading module account_predictive_bills (63/73) 
2024-07-22 10:12:10,302 8968 INFO Asset odoo.modules.registry: module account_predictive_bills: creating or updating database tables 
2024-07-22 10:12:10,484 8968 INFO Asset odoo.modules.loading: Module account_predictive_bills loaded in 0.28s, 77 queries (+77 other) 
2024-07-22 10:12:10,485 8968 INFO Asset odoo.modules.loading: Loading module account_reports (64/73) 
2024-07-22 10:12:10,665 8968 INFO Asset odoo.modules.registry: module account_reports: creating or updating database tables 
2024-07-22 10:12:10,808 8968 INFO Asset odoo.models: Prepare computation of account.report.filter_analytic_groupby 
2024-07-22 10:12:11,660 8968 INFO Asset odoo.modules.loading: loading account_reports/security/ir.model.access.csv 
2024-07-22 10:12:11,686 8968 INFO Asset odoo.modules.loading: loading account_reports/views/report_templates.xml 
2024-07-22 10:12:11,896 8968 INFO Asset odoo.modules.loading: loading account_reports/data/balance_sheet.xml 
2024-07-22 10:12:12,050 8968 INFO Asset odoo.modules.loading: loading account_reports/data/cash_flow_report.xml 
2024-07-22 10:12:12,065 8968 INFO Asset odoo.modules.loading: loading account_reports/data/executive_summary.xml 
2024-07-22 10:12:12,230 8968 INFO Asset odoo.modules.loading: loading account_reports/data/profit_and_loss.xml 
2024-07-22 10:12:12,301 8968 INFO Asset odoo.modules.loading: loading account_reports/data/aged_partner_balance.xml 
2024-07-22 10:12:12,512 8968 INFO Asset odoo.modules.loading: loading account_reports/data/general_ledger.xml 
2024-07-22 10:12:12,566 8968 INFO Asset odoo.modules.loading: loading account_reports/data/bank_reconciliation_report.xml 
2024-07-22 10:12:12,614 8968 INFO Asset odoo.modules.loading: loading account_reports/data/trial_balance.xml 
2024-07-22 10:12:12,649 8968 INFO Asset odoo.modules.loading: loading account_reports/data/sales_report.xml 
2024-07-22 10:12:12,705 8968 INFO Asset odoo.modules.loading: loading account_reports/data/partner_ledger.xml 
2024-07-22 10:12:12,773 8968 INFO Asset odoo.modules.loading: loading account_reports/data/multicurrency_revaluation_report.xml 
2024-07-22 10:12:12,857 8968 INFO Asset odoo.modules.loading: loading account_reports/data/journal_report.xml 
2024-07-22 10:12:12,940 8968 INFO Asset odoo.modules.loading: loading account_reports/data/generic_tax_report.xml 
2024-07-22 10:12:12,965 8968 INFO Asset odoo.modules.loading: loading account_reports/views/account_report_view.xml 
2024-07-22 10:12:13,031 8968 INFO Asset odoo.modules.loading: loading account_reports/data/account_report_actions.xml 
2024-07-22 10:12:13,127 8968 INFO Asset odoo.modules.loading: loading account_reports/data/menuitems.xml 
2024-07-22 10:12:13,302 8968 INFO Asset odoo.modules.loading: loading account_reports/data/mail_activity_type_data.xml 
2024-07-22 10:12:13,316 8968 INFO Asset odoo.modules.loading: loading account_reports/views/account_move_views.xml 
2024-07-22 10:12:13,368 8968 INFO Asset odoo.modules.loading: loading account_reports/views/res_company_views.xml 
2024-07-22 10:12:13,384 8968 INFO Asset odoo.modules.loading: loading account_reports/views/partner_view.xml 
2024-07-22 10:12:13,415 8968 INFO Asset odoo.modules.loading: loading account_reports/views/account_journal_dashboard_view.xml 
2024-07-22 10:12:13,446 8968 INFO Asset odoo.modules.loading: loading account_reports/views/mail_activity_views.xml 
2024-07-22 10:12:13,463 8968 INFO Asset odoo.modules.loading: loading account_reports/views/res_config_settings_views.xml 
2024-07-22 10:12:13,509 8968 INFO Asset odoo.modules.loading: loading account_reports/wizard/multicurrency_revaluation.xml 
2024-07-22 10:12:13,520 8968 INFO Asset odoo.modules.loading: loading account_reports/wizard/report_export_wizard.xml 
2024-07-22 10:12:13,532 8968 INFO Asset odoo.modules.loading: loading account_reports/wizard/fiscal_year.xml 
2024-07-22 10:12:13,543 8968 INFO Asset odoo.modules.loading: loading account_reports/views/account_activity.xml 
2024-07-22 10:12:13,565 8968 INFO Asset odoo.modules.loading: loading account_reports/views/account_account_views.xml 
2024-07-22 10:12:13,578 8968 INFO Asset odoo.modules.loading: loading account_reports/views/account_tax_views.xml 
2024-07-22 10:12:13,689 8968 INFO Asset odoo.modules.loading: Module account_reports loaded in 3.20s, 2263 queries (+2263 other) 
2024-07-22 10:12:13,689 8968 INFO Asset odoo.modules.loading: Loading module asset_sage_inetgration (65/73) 
2024-07-22 10:12:13,726 8968 WARNING Asset odoo.models: The model asset.sage.integration has no _description 
2024-07-22 10:12:13,821 8968 INFO Asset odoo.modules.registry: module asset_sage_inetgration: creating or updating database tables 
2024-07-22 10:12:14,054 8968 INFO Asset odoo.modules.loading: loading asset_sage_inetgration/security/ir.model.access.csv 
2024-07-22 10:12:14,070 8968 INFO Asset odoo.modules.loading: loading asset_sage_inetgration/views/asset_sage_integration_views.xml 
2024-07-22 10:12:14,104 8968 INFO Asset odoo.modules.loading: loading asset_sage_inetgration/views/account_account_views.xml 
2024-07-22 10:12:14,150 8968 INFO Asset odoo.modules.loading: Module asset_sage_inetgration loaded in 0.46s, 216 queries (+216 other) 
2024-07-22 10:12:14,150 8968 INFO Asset odoo.modules.loading: Loading module spreadsheet_dashboard_account_accountant (66/73) 
2024-07-22 10:12:14,267 8968 INFO Asset odoo.modules.loading: loading spreadsheet_dashboard_account_accountant/data/dashboards.xml 
2024-07-22 10:12:14,339 8968 INFO Asset odoo.modules.loading: Module spreadsheet_dashboard_account_accountant loaded in 0.19s, 31 queries (+31 other) 
2024-07-22 10:12:14,339 8968 INFO Asset odoo.modules.loading: Loading module account_asset (67/73) 
2024-07-22 10:12:14,447 8968 INFO Asset odoo.modules.registry: module account_asset: creating or updating database tables 
2024-07-22 10:12:14,991 8968 INFO Asset odoo.modules.loading: loading account_asset/security/account_asset_security.xml 
2024-07-22 10:12:15,009 8968 INFO Asset odoo.modules.loading: loading account_asset/security/ir.model.access.csv 
2024-07-22 10:12:15,032 8968 INFO Asset odoo.modules.loading: loading account_asset/wizard/asset_modify_views.xml 
2024-07-22 10:12:15,055 8968 INFO Asset odoo.modules.loading: loading account_asset/views/account_account_views.xml 
2024-07-22 10:12:15,138 8968 INFO Asset odoo.modules.loading: loading account_asset/views/account_asset_views.xml 
2024-07-22 10:12:15,440 8968 INFO Asset odoo.modules.loading: loading account_asset/views/account_deferred_revenue.xml 
2024-07-22 10:12:15,525 8968 INFO Asset odoo.modules.loading: loading account_asset/views/account_deferred_expense.xml 
2024-07-22 10:12:15,623 8968 INFO Asset odoo.modules.loading: loading account_asset/views/account_move_views.xml 
2024-07-22 10:12:15,686 8968 INFO Asset odoo.modules.loading: loading account_asset/data/asset_report.xml 
2024-07-22 10:12:15,764 8968 INFO Asset odoo.modules.loading: loading account_asset/data/account_report_actions.xml 
2024-07-22 10:12:15,775 8968 INFO Asset odoo.modules.loading: loading account_asset/data/menuitems.xml 
2024-07-22 10:12:15,832 8968 INFO Asset odoo.modules.loading: Module account_asset loaded in 1.49s, 733 queries (+733 other) 
2024-07-22 10:12:15,832 8968 INFO Asset odoo.modules.loading: Loading module account_bank_statement_import_camt (68/73) 
2024-07-22 10:12:15,948 8968 INFO Asset odoo.modules.registry: module account_bank_statement_import_camt: creating or updating database tables 
2024-07-22 10:12:16,041 8968 INFO Asset odoo.modules.loading: Module account_bank_statement_import_camt loaded in 0.21s, 38 queries (+38 other) 
2024-07-22 10:12:16,041 8968 INFO Asset odoo.modules.loading: Loading module account_bank_statement_import_csv (69/73) 
2024-07-22 10:12:16,147 8968 INFO Asset odoo.modules.registry: module account_bank_statement_import_csv: creating or updating database tables 
2024-07-22 10:12:16,251 8968 INFO Asset odoo.modules.loading: Module account_bank_statement_import_csv loaded in 0.21s, 42 queries (+42 other) 
2024-07-22 10:12:16,251 8968 INFO Asset odoo.modules.loading: Loading module account_bank_statement_import_ofx (70/73) 
2024-07-22 10:12:16,352 8968 INFO Asset odoo.modules.registry: module account_bank_statement_import_ofx: creating or updating database tables 
2024-07-22 10:12:16,441 8968 INFO Asset odoo.modules.loading: Module account_bank_statement_import_ofx loaded in 0.19s, 38 queries (+38 other) 
2024-07-22 10:12:16,441 8968 INFO Asset odoo.modules.loading: Loading module account_followup (71/73) 
2024-07-22 10:12:16,547 8968 INFO Asset odoo.modules.registry: module account_followup: creating or updating database tables 
2024-07-22 10:12:16,910 8968 INFO Asset odoo.modules.loading: loading account_followup/security/account_followup_security.xml 
2024-07-22 10:12:16,924 8968 INFO Asset odoo.modules.loading: loading account_followup/security/ir.model.access.csv 
2024-07-22 10:12:16,948 8968 INFO Asset odoo.modules.loading: loading account_followup/security/sms_security.xml 
2024-07-22 10:12:16,967 8968 INFO Asset odoo.modules.loading: loading account_followup/data/account_followup_data.xml 
2024-07-22 10:12:17,001 8968 INFO Asset odoo.modules.loading: loading account_followup/data/cron.xml 
2024-07-22 10:12:17,017 8968 INFO Asset odoo.modules.loading: loading account_followup/wizard/followup_manual_reminder_views.xml 
2024-07-22 10:12:17,048 8968 INFO Asset odoo.modules.loading: loading account_followup/views/account_followup_views.xml 
2024-07-22 10:12:17,120 8968 INFO Asset odoo.modules.loading: loading account_followup/views/account_followup_line_views.xml 
2024-07-22 10:12:17,160 8968 INFO Asset odoo.modules.loading: loading account_followup/views/partner_view.xml 
2024-07-22 10:12:17,184 8968 INFO Asset odoo.modules.loading: loading account_followup/views/report_followup.xml 
2024-07-22 10:12:17,253 8968 INFO Asset odoo.modules.loading: loading account_followup/views/account_journal_dashboard_view.xml 
2024-07-22 10:12:17,308 8968 INFO Asset odoo.modules.loading: Module account_followup loaded in 0.87s, 440 queries (+440 other) 
2024-07-22 10:12:17,308 8968 INFO Asset odoo.modules.loading: Loading module account_reports_tax_reminder (72/73) 
2024-07-22 10:12:17,565 8968 INFO Asset odoo.modules.registry: module account_reports_tax_reminder: creating or updating database tables 
2024-07-22 10:12:17,664 8968 INFO Asset odoo.modules.loading: loading account_reports_tax_reminder/data/mail_activity_type_data.xml 
2024-07-22 10:12:17,727 8968 INFO Asset odoo.modules.loading: Module account_reports_tax_reminder loaded in 0.42s, 64 queries (+64 other) 
2024-07-22 10:12:17,727 8968 INFO Asset odoo.modules.loading: Loading module snailmail_account_followup (73/73) 
2024-07-22 10:12:17,836 8968 INFO Asset odoo.modules.registry: module snailmail_account_followup: creating or updating database tables 
2024-07-22 10:12:17,994 8968 INFO Asset odoo.modules.loading: loading snailmail_account_followup/data/account_followup_data.xml 
2024-07-22 10:12:18,010 8968 INFO Asset odoo.modules.loading: loading snailmail_account_followup/views/account_followup_views.xml 
2024-07-22 10:12:18,042 8968 INFO Asset odoo.modules.loading: loading snailmail_account_followup/views/assets.xml 
2024-07-22 10:12:18,067 8968 INFO Asset odoo.modules.loading: loading snailmail_account_followup/wizard/followup_manual_reminder_views.xml 
2024-07-22 10:12:18,099 8968 INFO Asset odoo.modules.loading: Module snailmail_account_followup loaded in 0.37s, 145 queries (+145 other) 
2024-07-22 10:12:18,099 8968 INFO Asset odoo.modules.loading: 73 modules loaded in 51.09s, 25615 queries (+25615 extra) 
2024-07-22 10:12:18,107 8968 INFO Asset odoo.modules.loading: loading 108 modules... 
2024-07-22 10:12:18,107 8968 INFO Asset odoo.modules.loading: Loading module onboarding (2/108) 
2024-07-22 10:12:18,232 8968 INFO Asset odoo.modules.registry: module onboarding: creating or updating database tables 
2024-07-22 10:12:18,537 8968 INFO Asset odoo.modules.loading: loading onboarding/data/onboarding_data.xml 
2024-07-22 10:12:18,558 8968 INFO Asset odoo.modules.loading: loading onboarding/views/onboarding_views.xml 
2024-07-22 10:12:18,596 8968 INFO Asset odoo.modules.loading: loading onboarding/views/onboarding_menus.xml 
2024-07-22 10:12:18,618 8968 INFO Asset odoo.modules.loading: loading onboarding/security/ir.model.access.csv 
2024-07-22 10:12:18,670 8968 INFO Asset odoo.modules.loading: Module onboarding loaded in 0.56s, 221 queries (+221 other) 
2024-07-22 10:12:18,670 8968 INFO Asset odoo.modules.loading: Loading module social_media (3/108) 
2024-07-22 10:12:18,780 8968 INFO Asset odoo.modules.registry: module social_media: creating or updating database tables 
2024-07-22 10:12:18,893 8968 INFO Asset odoo.modules.loading: loading social_media/views/res_company_views.xml 
2024-07-22 10:12:18,952 8968 INFO Asset odoo.modules.loading: Module social_media loaded in 0.28s, 71 queries (+71 other) 
2024-07-22 10:12:18,952 8968 INFO Asset odoo.modules.loading: Loading module attachment_indexation (6/108) 
2024-07-22 10:12:18,984 8968 WARNING Asset odoo.addons.attachment_indexation.models.ir_attachment: Attachment indexation of PDF documents is unavailable because the 'pdfminer' Python library cannot be found on the system. You may install it from https://pypi.org/project/pdfminer.six/ (e.g. `pip3 install pdfminer.six`) 
2024-07-22 10:12:19,077 8968 INFO Asset odoo.modules.registry: module attachment_indexation: creating or updating database tables 
2024-07-22 10:12:19,162 8968 INFO Asset odoo.modules.loading: Module attachment_indexation loaded in 0.21s, 30 queries (+30 other) 
2024-07-22 10:12:19,162 8968 INFO Asset odoo.modules.loading: Loading module utm (13/108) 
2024-07-22 10:12:19,419 8968 INFO Asset odoo.modules.registry: module utm: creating or updating database tables 
2024-07-22 10:12:19,767 8968 INFO Asset odoo.modules.loading: loading utm/data/utm_medium_data.xml 
2024-07-22 10:12:19,805 8968 INFO Asset odoo.modules.loading: loading utm/data/utm_source_data.xml 
2024-07-22 10:12:19,846 8968 INFO Asset odoo.modules.loading: loading utm/data/utm_stage_data.xml 
2024-07-22 10:12:19,857 8968 INFO Asset odoo.modules.loading: loading utm/data/utm_tag_data.xml 
2024-07-22 10:12:19,866 8968 INFO Asset odoo.modules.loading: loading utm/views/utm_campaign_views.xml 
2024-07-22 10:12:19,912 8968 INFO Asset odoo.modules.loading: loading utm/views/utm_medium_views.xml 
2024-07-22 10:12:19,946 8968 INFO Asset odoo.modules.loading: loading utm/views/utm_source_views.xml 
2024-07-22 10:12:19,969 8968 INFO Asset odoo.modules.loading: loading utm/views/utm_stage_views.xml 
2024-07-22 10:12:19,989 8968 INFO Asset odoo.modules.loading: loading utm/views/utm_tag_views.xml 
2024-07-22 10:12:20,002 8968 INFO Asset odoo.modules.loading: loading utm/views/utm_menus.xml 
2024-07-22 10:12:20,055 8968 INFO Asset odoo.modules.loading: loading utm/security/ir.model.access.csv 
2024-07-22 10:12:20,104 8968 INFO Asset odoo.modules.loading: Module utm loaded in 0.94s, 404 queries (+404 other) 
2024-07-22 10:12:20,104 8968 INFO Asset odoo.modules.loading: Loading module calendar (30/108) 
2024-07-22 10:12:20,339 8968 INFO Asset odoo.modules.registry: module calendar: creating or updating database tables 
2024-07-22 10:12:21,099 8968 INFO Asset odoo.modules.loading: loading calendar/security/ir.model.access.csv 
2024-07-22 10:12:21,133 8968 INFO Asset odoo.modules.loading: loading calendar/security/calendar_security.xml 
2024-07-22 10:12:21,187 8968 INFO Asset odoo.modules.loading: loading calendar/data/calendar_cron.xml 
2024-07-22 10:12:21,208 8968 INFO Asset odoo.modules.loading: loading calendar/data/mail_template_data.xml 
2024-07-22 10:12:21,247 8968 INFO Asset odoo.modules.loading: loading calendar/data/calendar_data.xml 
2024-07-22 10:12:21,277 8968 INFO Asset odoo.modules.loading: loading calendar/data/mail_activity_type_data.xml 
2024-07-22 10:12:21,284 8968 INFO Asset odoo.modules.loading: loading calendar/data/mail_message_subtype_data.xml 
2024-07-22 10:12:21,292 8968 INFO Asset odoo.modules.loading: loading calendar/views/mail_activity_views.xml 
2024-07-22 10:12:21,311 8968 INFO Asset odoo.modules.loading: loading calendar/views/calendar_templates.xml 
2024-07-22 10:12:21,322 8968 INFO Asset odoo.modules.loading: loading calendar/views/calendar_views.xml 
2024-07-22 10:12:21,496 8968 INFO Asset odoo.modules.loading: loading calendar/views/res_partner_views.xml 
2024-07-22 10:12:21,539 8968 INFO Asset odoo.modules.loading: loading calendar/wizard/calendar_provider_config.xml 
2024-07-22 10:12:21,611 8968 INFO Asset odoo.modules.loading: Module calendar loaded in 1.51s, 733 queries (+733 other) 
2024-07-22 10:12:21,611 8968 INFO Asset odoo.modules.loading: Loading module contacts (31/108) 
2024-07-22 10:12:21,723 8968 INFO Asset odoo.modules.registry: module contacts: creating or updating database tables 
2024-07-22 10:12:21,796 8968 INFO Asset odoo.modules.loading: loading contacts/views/contact_views.xml 
2024-07-22 10:12:21,980 8968 INFO Asset odoo.modules.loading: Module contacts loaded in 0.37s, 218 queries (+218 other) 
2024-07-22 10:12:21,980 8968 INFO Asset odoo.modules.loading: Loading module gamification (32/108) 
2024-07-22 10:12:22,162 8968 INFO Asset odoo.modules.registry: module gamification: creating or updating database tables 
2024-07-22 10:12:22,985 8968 INFO Asset odoo.modules.loading: loading gamification/wizard/update_goal.xml 
2024-07-22 10:12:23,001 8968 INFO Asset odoo.modules.loading: loading gamification/wizard/grant_badge.xml 
2024-07-22 10:12:23,017 8968 INFO Asset odoo.modules.loading: loading gamification/views/res_users_views.xml 
2024-07-22 10:12:23,040 8968 INFO Asset odoo.modules.loading: loading gamification/views/gamification_karma_rank_views.xml 
2024-07-22 10:12:23,067 8968 INFO Asset odoo.modules.loading: loading gamification/views/gamification_karma_tracking_views.xml 
2024-07-22 10:12:23,090 8968 INFO Asset odoo.modules.loading: loading gamification/views/gamification_badge_views.xml 
2024-07-22 10:12:23,130 8968 INFO Asset odoo.modules.loading: loading gamification/views/gamification_badge_user_views.xml 
2024-07-22 10:12:23,144 8968 INFO Asset odoo.modules.loading: loading gamification/views/gamification_goal_views.xml 
2024-07-22 10:12:23,191 8968 INFO Asset odoo.modules.loading: loading gamification/views/gamification_goal_definition_views.xml 
2024-07-22 10:12:23,231 8968 INFO Asset odoo.modules.loading: loading gamification/views/gamification_challenge_views.xml 
2024-07-22 10:12:23,288 8968 INFO Asset odoo.modules.loading: loading gamification/views/gamification_challenge_line_views.xml 
2024-07-22 10:12:23,298 8968 INFO Asset odoo.modules.loading: loading gamification/views/gamification_menus.xml 
2024-07-22 10:12:23,373 8968 INFO Asset odoo.modules.loading: loading gamification/security/gamification_security.xml 
2024-07-22 10:12:23,417 8968 INFO Asset odoo.modules.loading: loading gamification/security/ir.model.access.csv 
2024-07-22 10:12:23,467 8968 INFO Asset odoo.modules.loading: loading gamification/data/ir_cron_data.xml 
2024-07-22 10:12:23,490 8968 INFO Asset odoo.modules.loading: loading gamification/data/mail_template_data.xml 
2024-07-22 10:12:23,517 8968 INFO Asset odoo.modules.loading: loading gamification/data/gamification_badge_data.xml 
2024-07-22 10:12:23,633 8968 INFO Asset odoo.modules.loading: loading gamification/data/gamification_challenge_data.xml 
2024-07-22 10:12:23,711 8968 INFO Asset odoo.modules.loading: loading gamification/data/gamification_karma_rank_data.xml 
2024-07-22 10:12:24,205 8968 INFO Asset odoo.modules.loading: Module gamification loaded in 2.22s, 939 queries (+939 other) 
2024-07-22 10:12:24,206 8968 INFO Asset odoo.modules.loading: Loading module hr (34/108) 
2024-07-22 10:12:24,358 8968 WARNING Asset odoo.models: The model asset.sage.integration has no _description 
2024-07-22 10:12:24,494 8968 INFO Asset odoo.modules.registry: module hr: creating or updating database tables 
2024-07-22 10:12:28,053 8968 INFO Asset odoo.modules.loading: loading hr/security/hr_security.xml 
2024-07-22 10:12:28,323 8968 INFO Asset odoo.modules.loading: loading hr/security/ir.model.access.csv 
2024-07-22 10:12:28,353 8968 INFO Asset odoo.modules.loading: loading hr/wizard/hr_plan_wizard_views.xml 
2024-07-22 10:12:28,372 8968 INFO Asset odoo.modules.loading: loading hr/wizard/hr_departure_wizard_views.xml 
2024-07-22 10:12:28,389 8968 INFO Asset odoo.modules.loading: loading hr/views/hr_departure_reason_views.xml 
2024-07-22 10:12:28,411 8968 INFO Asset odoo.modules.loading: loading hr/views/hr_contract_type_views.xml 
2024-07-22 10:12:28,435 8968 INFO Asset odoo.modules.loading: loading hr/views/hr_job_views.xml 
2024-07-22 10:12:28,477 8968 INFO Asset odoo.modules.loading: loading hr/views/hr_plan_views.xml 
2024-07-22 10:12:28,529 8968 INFO Asset odoo.modules.loading: loading hr/views/hr_employee_category_views.xml 
2024-07-22 10:12:28,548 8968 INFO Asset odoo.modules.loading: loading hr/views/hr_employee_public_views.xml 
2024-07-22 10:12:28,584 8968 INFO Asset odoo.modules.loading: loading hr/report/hr_employee_badge.xml 
2024-07-22 10:12:28,602 8968 INFO Asset odoo.modules.loading: loading hr/views/hr_employee_views.xml 
2024-07-22 10:12:28,718 8968 INFO Asset odoo.modules.loading: loading hr/views/hr_department_views.xml 
2024-07-22 10:12:28,760 8968 INFO Asset odoo.modules.loading: loading hr/views/hr_work_location_views.xml 
2024-07-22 10:12:28,787 8968 INFO Asset odoo.modules.loading: loading hr/views/hr_views.xml 
2024-07-22 10:12:28,977 8968 INFO Asset odoo.modules.loading: loading hr/views/res_config_settings_views.xml 
2024-07-22 10:12:29,033 8968 INFO Asset odoo.modules.loading: loading hr/views/mail_channel_views.xml 
2024-07-22 10:12:29,047 8968 INFO Asset odoo.modules.loading: loading hr/views/res_users.xml 
2024-07-22 10:12:29,159 8968 INFO Asset odoo.modules.loading: loading hr/views/res_partner_views.xml 
2024-07-22 10:12:29,188 8968 INFO Asset odoo.modules.loading: loading hr/data/hr_data.xml 
2024-07-22 10:12:29,460 8968 INFO Asset odoo.modules.loading: Module hr loaded in 5.25s, 3622 queries (+3622 other) 
2024-07-22 10:12:29,460 8968 INFO Asset odoo.modules.loading: Loading module link_tracker (36/108) 
2024-07-22 10:12:29,605 8968 INFO Asset odoo.modules.registry: module link_tracker: creating or updating database tables 
2024-07-22 10:12:30,033 8968 INFO Asset odoo.modules.loading: loading link_tracker/views/link_tracker_views.xml 
2024-07-22 10:12:30,141 8968 INFO Asset odoo.modules.loading: loading link_tracker/views/utm_campaign_views.xml 
2024-07-22 10:12:30,177 8968 INFO Asset odoo.modules.loading: loading link_tracker/security/ir.model.access.csv 
2024-07-22 10:12:30,221 8968 INFO Asset odoo.modules.loading: Module link_tracker loaded in 0.76s, 262 queries (+262 other) 
2024-07-22 10:12:30,221 8968 INFO Asset odoo.modules.loading: Loading module rating (42/108) 
2024-07-22 10:12:30,461 8968 INFO Asset odoo.modules.registry: module rating: creating or updating database tables 
2024-07-22 10:12:31,088 8968 INFO Asset odoo.modules.loading: loading rating/views/rating_rating_views.xml 
2024-07-22 10:12:31,210 8968 INFO Asset odoo.modules.loading: loading rating/views/rating_templates.xml 
2024-07-22 10:12:31,227 8968 INFO Asset odoo.modules.loading: loading rating/views/mail_message_views.xml 
2024-07-22 10:12:31,243 8968 INFO Asset odoo.modules.loading: loading rating/security/ir.model.access.csv 
2024-07-22 10:12:31,287 8968 INFO Asset odoo.modules.loading: Module rating loaded in 1.07s, 525 queries (+525 other) 
2024-07-22 10:12:31,287 8968 INFO Asset odoo.modules.loading: Loading module contacts_enterprise (46/108) 
2024-07-22 10:12:31,417 8968 INFO Asset odoo.modules.loading: loading contacts_enterprise/views/contact_views.xml 
2024-07-22 10:12:31,481 8968 INFO Asset odoo.modules.loading: Module contacts_enterprise loaded in 0.19s, 27 queries (+27 other) 
2024-07-22 10:12:31,481 8968 INFO Asset odoo.modules.loading: Loading module hr_gamification (47/108) 
2024-07-22 10:12:31,622 8968 INFO Asset odoo.modules.registry: module hr_gamification: creating or updating database tables 
2024-07-22 10:12:31,956 8968 INFO Asset odoo.modules.loading: loading hr_gamification/security/gamification_security.xml 
2024-07-22 10:12:31,967 8968 INFO Asset odoo.modules.loading: loading hr_gamification/security/ir.model.access.csv 
2024-07-22 10:12:31,982 8968 INFO Asset odoo.modules.loading: loading hr_gamification/wizard/gamification_badge_user_wizard_views.xml 
2024-07-22 10:12:32,013 8968 INFO Asset odoo.modules.loading: loading hr_gamification/views/gamification_views.xml 
2024-07-22 10:12:32,093 8968 INFO Asset odoo.modules.loading: loading hr_gamification/views/hr_employee_views.xml 
2024-07-22 10:12:32,165 8968 INFO Asset odoo.modules.loading: Module hr_gamification loaded in 0.68s, 253 queries (+253 other) 
2024-07-22 10:12:32,165 8968 INFO Asset odoo.modules.loading: Loading module hr_gantt (48/108) 
2024-07-22 10:12:32,355 8968 INFO Asset odoo.modules.loading: Module hr_gantt loaded in 0.19s, 13 queries (+13 other) 
2024-07-22 10:12:32,355 8968 INFO Asset odoo.modules.loading: Loading module hr_hourly_cost (49/108) 
2024-07-22 10:12:32,489 8968 INFO Asset odoo.modules.registry: module hr_hourly_cost: creating or updating database tables 
2024-07-22 10:12:32,599 8968 INFO Asset odoo.modules.loading: loading hr_hourly_cost/views/hr_employee_views.xml 
2024-07-22 10:12:32,636 8968 INFO Asset odoo.modules.loading: Module hr_hourly_cost loaded in 0.28s, 58 queries (+58 other) 
2024-07-22 10:12:32,637 8968 INFO Asset odoo.modules.loading: Loading module hr_mobile (50/108) 
2024-07-22 10:12:32,810 8968 INFO Asset odoo.modules.loading: Module hr_mobile loaded in 0.17s, 13 queries (+13 other) 
2024-07-22 10:12:32,810 8968 INFO Asset odoo.modules.loading: Loading module hr_org_chart (51/108) 
2024-07-22 10:12:32,938 8968 INFO Asset odoo.modules.registry: module hr_org_chart: creating or updating database tables 
2024-07-22 10:12:33,034 8968 INFO Asset odoo.modules.loading: loading hr_org_chart/views/hr_views.xml 
2024-07-22 10:12:33,109 8968 INFO Asset odoo.modules.loading: Module hr_org_chart loaded in 0.30s, 89 queries (+89 other) 
2024-07-22 10:12:33,109 8968 INFO Asset odoo.modules.loading: Loading module mail_bot_hr (52/108) 
2024-07-22 10:12:33,368 8968 INFO Asset odoo.modules.loading: loading mail_bot_hr/views/res_users_views.xml 
2024-07-22 10:12:33,515 8968 INFO Asset odoo.modules.loading: Module mail_bot_hr loaded in 0.41s, 57 queries (+57 other) 
2024-07-22 10:12:33,515 8968 INFO Asset odoo.modules.loading: Loading module survey (59/108) 
2024-07-22 10:12:33,755 8968 INFO Asset odoo.modules.registry: module survey: creating or updating database tables 
2024-07-22 10:12:33,976 8968 INFO Asset odoo.models: Prepare computation of gamification.badge.survey_id 
2024-07-22 10:12:34,587 8968 INFO Asset odoo.modules.loading: loading survey/views/survey_report_templates.xml 
2024-07-22 10:12:34,616 8968 INFO Asset odoo.modules.loading: loading survey/views/survey_reports.xml 
2024-07-22 10:12:34,630 8968 INFO Asset odoo.modules.loading: loading survey/data/mail_template_data.xml 
2024-07-22 10:12:34,647 8968 INFO Asset odoo.modules.loading: loading survey/security/survey_security.xml 
2024-07-22 10:12:35,058 8968 INFO Asset odoo.modules.loading: loading survey/security/ir.model.access.csv 
2024-07-22 10:12:35,093 8968 INFO Asset odoo.modules.loading: loading survey/views/survey_menus.xml 
2024-07-22 10:12:35,127 8968 INFO Asset odoo.modules.loading: loading survey/views/survey_survey_views.xml 
2024-07-22 10:12:35,235 8968 INFO Asset odoo.modules.loading: loading survey/views/survey_user_views.xml 
2024-07-22 10:12:35,358 8968 INFO Asset odoo.modules.loading: loading survey/views/survey_question_views.xml 
2024-07-22 10:12:35,490 8968 INFO Asset odoo.modules.loading: loading survey/views/survey_templates.xml 
2024-07-22 10:12:35,620 8968 INFO Asset odoo.modules.loading: loading survey/views/survey_templates_management.xml 
2024-07-22 10:12:35,664 8968 INFO Asset odoo.modules.loading: loading survey/views/survey_templates_print.xml 
2024-07-22 10:12:35,676 8968 INFO Asset odoo.modules.loading: loading survey/views/survey_templates_statistics.xml 
2024-07-22 10:12:35,743 8968 INFO Asset odoo.modules.loading: loading survey/views/survey_templates_user_input_session.xml 
2024-07-22 10:12:35,780 8968 INFO Asset odoo.modules.loading: loading survey/views/gamification_badge_views.xml 
2024-07-22 10:12:35,790 8968 INFO Asset odoo.modules.loading: loading survey/wizard/survey_invite_views.xml 
2024-07-22 10:12:35,808 8968 INFO Asset odoo.modules.loading: loading survey/views/res_partner_views.xml 
2024-07-22 10:12:35,907 8968 INFO Asset odoo.modules.loading: Module survey loaded in 2.39s, 1280 queries (+1280 other) 
2024-07-22 10:12:35,908 8968 INFO Asset odoo.modules.loading: Loading module appointment (60/108) 
2024-07-22 10:12:36,175 8968 INFO Asset odoo.modules.registry: module appointment: creating or updating database tables 
2024-07-22 10:12:36,820 8968 INFO Asset odoo.modules.loading: loading appointment/data/onboarding_data.xml 
2024-07-22 10:12:36,875 8968 INFO Asset odoo.modules.loading: loading appointment/data/calendar_data.xml 
2024-07-22 10:12:36,909 8968 INFO Asset odoo.modules.loading: loading appointment/data/mail_message_subtype_data.xml 
2024-07-22 10:12:36,937 8968 INFO Asset odoo.modules.loading: loading appointment/data/mail_template_data.xml 
2024-07-22 10:12:36,954 8968 INFO Asset odoo.modules.loading: loading appointment/views/calendar_views.xml 
2024-07-22 10:12:36,973 8968 INFO Asset odoo.modules.loading: loading appointment/views/calendar_alarm_views.xml 
2024-07-22 10:12:36,988 8968 INFO Asset odoo.modules.loading: loading appointment/views/calendar_event_views.xml 
2024-07-22 10:12:37,035 8968 INFO Asset odoo.modules.loading: loading appointment/views/appointment_answer_input_views.xml 
2024-07-22 10:12:37,072 8968 INFO Asset odoo.modules.loading: loading appointment/views/appointment_invite_views.xml 
2024-07-22 10:12:37,112 8968 INFO Asset odoo.modules.loading: loading appointment/views/appointment_question_views.xml 
2024-07-22 10:12:37,121 8968 INFO Asset odoo.modules.loading: loading appointment/views/appointment_type_views.xml 
2024-07-22 10:12:37,234 8968 INFO Asset odoo.modules.loading: loading appointment/views/appointment_slot_views.xml 
2024-07-22 10:12:37,252 8968 INFO Asset odoo.modules.loading: loading appointment/views/calendar_menus.xml 
2024-07-22 10:12:37,310 8968 INFO Asset odoo.modules.loading: loading appointment/views/appointment_templates_appointments.xml 
2024-07-22 10:12:37,362 8968 INFO Asset odoo.modules.loading: loading appointment/views/appointment_templates_registration.xml 
2024-07-22 10:12:37,377 8968 INFO Asset odoo.modules.loading: loading appointment/views/appointment_templates_validation.xml 
2024-07-22 10:12:37,391 8968 INFO Asset odoo.modules.loading: loading appointment/views/portal_templates.xml 
2024-07-22 10:12:37,423 8968 INFO Asset odoo.modules.loading: loading appointment/wizard/appointment_onboarding_link.xml 
2024-07-22 10:12:37,438 8968 INFO Asset odoo.modules.loading: loading appointment/security/calendar_security.xml 
2024-07-22 10:12:37,517 8968 INFO Asset odoo.modules.loading: loading appointment/security/ir.model.access.csv 
2024-07-22 10:12:37,623 8968 INFO Asset odoo.modules.loading: Module appointment loaded in 1.72s, 820 queries (+820 other) 
2024-07-22 10:12:37,623 8968 INFO Asset odoo.modules.loading: Loading module calendar_sms (62/108) 
2024-07-22 10:12:37,912 8968 INFO Asset odoo.modules.registry: module calendar_sms: creating or updating database tables 
2024-07-22 10:12:37,924 8968 INFO Asset odoo.models: Prepare computation of calendar.alarm.sms_template_id 
2024-07-22 10:12:38,033 8968 INFO Asset odoo.modules.loading: loading calendar_sms/data/sms_data.xml 
2024-07-22 10:12:38,045 8968 INFO Asset odoo.modules.loading: loading calendar_sms/views/calendar_views.xml 
2024-07-22 10:12:38,114 8968 INFO Asset odoo.modules.loading: Module calendar_sms loaded in 0.49s, 98 queries (+98 other) 
2024-07-22 10:12:38,114 8968 INFO Asset odoo.modules.loading: Loading module knowledge (64/108) 
2024-07-22 10:12:38,362 8968 INFO Asset odoo.modules.registry: module knowledge: creating or updating database tables 
2024-07-22 10:12:38,836 8968 INFO Asset odoo.modules.loading: loading knowledge/data/article_templates.xml 
2024-07-22 10:12:38,855 8968 INFO Asset odoo.modules.loading: loading knowledge/data/ir_config_parameter_data.xml 
2024-07-22 10:12:38,861 8968 INFO Asset odoo.modules.loading: loading knowledge/data/behaviors_templates.xml 
2024-07-22 10:12:38,874 8968 INFO Asset odoo.modules.loading: loading knowledge/data/knowledge_data.xml 
2024-07-22 10:12:38,975 8968 INFO Asset odoo.modules.loading: loading knowledge/data/ir_actions_data.xml 
2024-07-22 10:12:38,983 8968 INFO Asset odoo.modules.loading: loading knowledge/data/mail_templates.xml 
2024-07-22 10:12:38,995 8968 INFO Asset odoo.modules.loading: loading knowledge/wizard/knowledge_invite_views.xml 
2024-07-22 10:12:39,009 8968 INFO Asset odoo.modules.loading: loading knowledge/views/knowledge_article_views.xml 
2024-07-22 10:12:39,108 8968 INFO Asset odoo.modules.loading: loading knowledge/views/knowledge_article_favorite_views.xml 
2024-07-22 10:12:39,131 8968 INFO Asset odoo.modules.loading: loading knowledge/views/knowledge_article_member_views.xml 
2024-07-22 10:12:39,160 8968 INFO Asset odoo.modules.loading: loading knowledge/views/knowledge_templates.xml 
2024-07-22 10:12:39,171 8968 INFO Asset odoo.modules.loading: loading knowledge/views/knowledge_templates_common.xml 
2024-07-22 10:12:39,194 8968 INFO Asset odoo.modules.loading: loading knowledge/views/knowledge_templates_frontend.xml 
2024-07-22 10:12:39,225 8968 INFO Asset odoo.modules.loading: loading knowledge/views/knowledge_menus.xml 
2024-07-22 10:12:39,281 8968 INFO Asset odoo.modules.loading: loading knowledge/security/ir.model.access.csv 
2024-07-22 10:12:39,312 8968 INFO Asset odoo.modules.loading: loading knowledge/security/ir_rule.xml 
2024-07-22 10:12:39,507 8968 INFO Asset odoo.modules.loading: Module knowledge loaded in 1.39s, 750 queries (+750 other) 
2024-07-22 10:12:39,507 8968 INFO Asset odoo.modules.loading: Loading module portal_rating (66/108) 
2024-07-22 10:12:39,663 8968 INFO Asset odoo.modules.registry: module portal_rating: creating or updating database tables 
2024-07-22 10:12:39,807 8968 INFO Asset odoo.modules.loading: loading portal_rating/views/rating_rating_views.xml 
2024-07-22 10:12:39,825 8968 INFO Asset odoo.modules.loading: loading portal_rating/views/portal_templates.xml 
2024-07-22 10:12:39,837 8968 INFO Asset odoo.modules.loading: loading portal_rating/views/rating_templates.xml 
2024-07-22 10:12:39,873 8968 INFO Asset odoo.modules.loading: Module portal_rating loaded in 0.36s, 102 queries (+102 other) 
2024-07-22 10:12:39,873 8968 INFO Asset odoo.modules.loading: Loading module sign (67/108) 
2024-07-22 10:12:40,165 8968 INFO Asset odoo.modules.registry: module sign: creating or updating database tables 
2024-07-22 10:12:41,301 8968 INFO Asset odoo.modules.loading: loading sign/security/security.xml 
2024-07-22 10:12:41,808 8968 INFO Asset odoo.modules.loading: loading sign/security/ir.model.access.csv 
2024-07-22 10:12:41,834 8968 INFO Asset odoo.modules.loading: loading sign/data/mail_activity_type_data.xml 
2024-07-22 10:12:41,853 8968 INFO Asset odoo.modules.loading: loading sign/data/mail_templates.xml 
2024-07-22 10:12:41,886 8968 INFO Asset odoo.modules.loading: loading sign/data/sign_data.xml 
2024-07-22 10:12:41,987 8968 INFO Asset odoo.modules.loading: loading sign/views/sign_template_views_mobile.xml 
2024-07-22 10:12:42,002 8968 INFO Asset odoo.modules.loading: loading sign/wizard/sign_duplicate_template_with_pdf_views.xml 
2024-07-22 10:12:42,020 8968 INFO Asset odoo.modules.loading: loading sign/wizard/sign_send_request_views.xml 
2024-07-22 10:12:42,041 8968 INFO Asset odoo.modules.loading: loading sign/views/sign_request_templates.xml 
2024-07-22 10:12:42,090 8968 INFO Asset odoo.modules.loading: loading sign/views/sign_template_templates.xml 
2024-07-22 10:12:42,120 8968 INFO Asset odoo.modules.loading: loading sign/views/sign_request_views.xml 
2024-07-22 10:12:42,239 8968 INFO Asset odoo.modules.loading: loading sign/views/sign_template_views.xml 
2024-07-22 10:12:42,453 8968 INFO Asset odoo.modules.loading: loading sign/views/sign_log_views.xml 
2024-07-22 10:12:42,463 8968 INFO Asset odoo.modules.loading: loading sign/views/sign_portal_templates.xml 
2024-07-22 10:12:42,505 8968 INFO Asset odoo.modules.loading: loading sign/views/res_config_settings_views.xml 
2024-07-22 10:12:42,557 8968 INFO Asset odoo.modules.loading: loading sign/views/res_users_views.xml 
2024-07-22 10:12:42,578 8968 INFO Asset odoo.modules.loading: loading sign/views/res_partner_views.xml 
2024-07-22 10:12:42,611 8968 INFO Asset odoo.modules.loading: loading sign/views/sign_pdf_iframe_templates.xml 
2024-07-22 10:12:42,620 8968 INFO Asset odoo.modules.loading: loading sign/views/terms_views.xml 
2024-07-22 10:12:42,636 8968 INFO Asset odoo.modules.loading: loading sign/report/sign_log_reports.xml 
2024-07-22 10:12:42,659 8968 INFO Asset odoo.modules.loading: loading sign/report/green_saving_reports.xml 
2024-07-22 10:12:42,794 8968 INFO Asset odoo.modules.loading: Module sign loaded in 2.92s, 1550 queries (+1550 other) 
2024-07-22 10:12:42,794 8968 INFO Asset odoo.modules.loading: Loading module appointment_hr (69/108) 
2024-07-22 10:12:42,952 8968 INFO Asset odoo.modules.registry: module appointment_hr: creating or updating database tables 
2024-07-22 10:12:43,044 8968 INFO Asset odoo.modules.loading: loading appointment_hr/views/appointment_type_views.xml 
2024-07-22 10:12:43,073 8968 INFO Asset odoo.modules.loading: Module appointment_hr loaded in 0.28s, 56 queries (+56 other) 
2024-07-22 10:12:43,073 8968 INFO Asset odoo.modules.loading: Loading module appointment_sms (70/108) 
2024-07-22 10:12:43,223 8968 INFO Asset odoo.modules.loading: loading appointment_sms/data/calendar_data.xml 
2024-07-22 10:12:43,272 8968 INFO Asset odoo.modules.loading: loading appointment_sms/views/appointment_templates_registration.xml 
2024-07-22 10:12:43,301 8968 INFO Asset odoo.modules.loading: Module appointment_sms loaded in 0.23s, 33 queries (+33 other) 
2024-07-22 10:12:43,301 8968 INFO Asset odoo.modules.loading: Loading module mass_mailing (72/108) 
2024-07-22 10:12:43,621 8968 INFO Asset odoo.modules.registry: module mass_mailing: creating or updating database tables 
2024-07-22 10:12:45,319 8968 INFO Asset odoo.modules.loading: loading mass_mailing/security/res_groups_data.xml 
2024-07-22 10:12:45,472 8968 INFO Asset odoo.modules.loading: loading mass_mailing/security/ir.model.access.csv 
2024-07-22 10:12:45,509 8968 INFO Asset odoo.modules.loading: loading mass_mailing/data/digest_data.xml 
2024-07-22 10:12:45,522 8968 INFO Asset odoo.modules.loading: loading mass_mailing/data/ir_attachment_data.xml 
2024-07-22 10:12:45,610 8968 INFO Asset odoo.modules.loading: loading mass_mailing/data/ir_config_parameter_data.xml 
2024-07-22 10:12:45,620 8968 INFO Asset odoo.modules.loading: loading mass_mailing/data/ir_cron_data.xml 
2024-07-22 10:12:45,657 8968 INFO Asset odoo.modules.loading: loading mass_mailing/data/ir_module_data.xml 
2024-07-22 10:12:45,665 8968 INFO Asset odoo.modules.loading: loading mass_mailing/data/mailing_data_templates.xml 
2024-07-22 10:12:45,688 8968 INFO Asset odoo.modules.loading: loading mass_mailing/data/mailing_list_data.xml 
2024-07-22 10:12:45,725 8968 INFO Asset odoo.modules.loading: loading mass_mailing/data/res_users_data.xml 
2024-07-22 10:12:45,808 8968 INFO Asset odoo.modules.loading: loading mass_mailing/wizard/mail_compose_message_views.xml 
2024-07-22 10:12:45,827 8968 INFO Asset odoo.modules.loading: loading mass_mailing/wizard/mailing_contact_import_views.xml 
2024-07-22 10:12:45,844 8968 INFO Asset odoo.modules.loading: loading mass_mailing/wizard/mailing_contact_to_list_views.xml 
2024-07-22 10:12:45,860 8968 INFO Asset odoo.modules.loading: loading mass_mailing/wizard/mailing_list_merge_views.xml 
2024-07-22 10:12:45,877 8968 INFO Asset odoo.modules.loading: loading mass_mailing/wizard/mailing_mailing_test_views.xml 
2024-07-22 10:12:45,889 8968 INFO Asset odoo.modules.loading: loading mass_mailing/wizard/mailing_mailing_schedule_date_views.xml 
2024-07-22 10:12:45,901 8968 INFO Asset odoo.modules.loading: loading mass_mailing/report/mailing_trace_report_views.xml 
2024-07-22 10:12:45,945 8968 INFO Asset odoo.modules.loading: loading mass_mailing/views/mailing_filter_views.xml 
2024-07-22 10:12:45,981 8968 INFO Asset odoo.modules.loading: loading mass_mailing/views/mailing_trace_views.xml 
2024-07-22 10:12:46,038 8968 INFO Asset odoo.modules.loading: loading mass_mailing/views/link_tracker_views.xml 
2024-07-22 10:12:46,119 8968 INFO Asset odoo.modules.loading: loading mass_mailing/views/mailing_contact_views.xml 
2024-07-22 10:12:46,169 8968 INFO Asset odoo.modules.loading: loading mass_mailing/views/mailing_contact_subscription_views.xml 
2024-07-22 10:12:46,192 8968 INFO Asset odoo.modules.loading: loading mass_mailing/views/mailing_list_views.xml 
2024-07-22 10:12:46,248 8968 INFO Asset odoo.modules.loading: loading mass_mailing/views/mailing_mailing_views.xml 
2024-07-22 10:12:46,408 8968 INFO Asset odoo.modules.loading: loading mass_mailing/views/res_config_settings_views.xml 
2024-07-22 10:12:46,467 8968 INFO Asset odoo.modules.loading: loading mass_mailing/views/utm_campaign_views.xml 
2024-07-22 10:12:46,516 8968 INFO Asset odoo.modules.loading: loading mass_mailing/views/mailing_menus.xml 
2024-07-22 10:12:46,652 8968 INFO Asset odoo.modules.loading: loading mass_mailing/views/assets.xml 
2024-07-22 10:12:46,672 8968 INFO Asset odoo.modules.loading: loading mass_mailing/views/mailing_templates_portal_layouts.xml 
2024-07-22 10:12:46,686 8968 INFO Asset odoo.modules.loading: loading mass_mailing/views/mailing_templates_portal_management.xml 
2024-07-22 10:12:46,703 8968 INFO Asset odoo.modules.loading: loading mass_mailing/views/mailing_templates_portal_unsubscribe.xml 
2024-07-22 10:12:46,735 8968 INFO Asset odoo.modules.loading: loading mass_mailing/views/themes_templates.xml 
2024-07-22 10:12:46,762 8968 INFO Asset odoo.modules.loading: loading mass_mailing/views/snippets_themes.xml 
2024-07-22 10:12:46,903 8968 INFO Asset odoo.modules.loading: loading mass_mailing/views/snippets/s_alert.xml 
2024-07-22 10:12:46,933 8968 INFO Asset odoo.modules.loading: loading mass_mailing/views/snippets/s_blockquote.xml 
2024-07-22 10:12:46,941 8968 INFO Asset odoo.modules.loading: loading mass_mailing/views/snippets/s_call_to_action.xml 
2024-07-22 10:12:46,949 8968 INFO Asset odoo.modules.loading: loading mass_mailing/views/snippets/s_coupon_code.xml 
2024-07-22 10:12:46,958 8968 INFO Asset odoo.modules.loading: loading mass_mailing/views/snippets/s_cover.xml 
2024-07-22 10:12:46,965 8968 INFO Asset odoo.modules.loading: loading mass_mailing/views/snippets/s_color_blocks_2.xml 
2024-07-22 10:12:46,973 8968 INFO Asset odoo.modules.loading: loading mass_mailing/views/snippets/s_company_team.xml 
2024-07-22 10:12:46,983 8968 INFO Asset odoo.modules.loading: loading mass_mailing/views/snippets/s_comparisons.xml 
2024-07-22 10:12:46,992 8968 INFO Asset odoo.modules.loading: loading mass_mailing/views/snippets/s_event.xml 
2024-07-22 10:12:47,000 8968 INFO Asset odoo.modules.loading: loading mass_mailing/views/snippets/s_features.xml 
2024-07-22 10:12:47,012 8968 INFO Asset odoo.modules.loading: loading mass_mailing/views/snippets/s_features_grid.xml 
2024-07-22 10:12:47,026 8968 INFO Asset odoo.modules.loading: loading mass_mailing/views/snippets/s_hr.xml 
2024-07-22 10:12:47,050 8968 INFO Asset odoo.modules.loading: loading mass_mailing/views/snippets/s_image_text.xml 
2024-07-22 10:12:47,064 8968 INFO Asset odoo.modules.loading: loading mass_mailing/views/snippets/s_masonry_block.xml 
2024-07-22 10:12:47,168 8968 INFO Asset odoo.modules.loading: loading mass_mailing/views/snippets/s_media_list.xml 
2024-07-22 10:12:47,184 8968 INFO Asset odoo.modules.loading: loading mass_mailing/views/snippets/s_numbers.xml 
2024-07-22 10:12:47,195 8968 INFO Asset odoo.modules.loading: loading mass_mailing/views/snippets/s_picture.xml 
2024-07-22 10:12:47,205 8968 INFO Asset odoo.modules.loading: loading mass_mailing/views/snippets/s_product_list.xml 
2024-07-22 10:12:47,214 8968 INFO Asset odoo.modules.loading: loading mass_mailing/views/snippets/s_rating.xml 
2024-07-22 10:12:47,252 8968 INFO Asset odoo.modules.loading: loading mass_mailing/views/snippets/s_references.xml 
2024-07-22 10:12:47,267 8968 INFO Asset odoo.modules.loading: loading mass_mailing/views/snippets/s_showcase.xml 
2024-07-22 10:12:47,277 8968 INFO Asset odoo.modules.loading: loading mass_mailing/views/snippets/s_text_block.xml 
2024-07-22 10:12:47,287 8968 INFO Asset odoo.modules.loading: loading mass_mailing/views/snippets/s_text_highlight.xml 
2024-07-22 10:12:47,297 8968 INFO Asset odoo.modules.loading: loading mass_mailing/views/snippets/s_text_image.xml 
2024-07-22 10:12:47,316 8968 INFO Asset odoo.modules.loading: loading mass_mailing/views/snippets/s_three_columns.xml 
2024-07-22 10:12:47,333 8968 INFO Asset odoo.modules.loading: loading mass_mailing/views/snippets/s_title.xml 
2024-07-22 10:12:47,410 8968 INFO Asset odoo.modules.loading: Module mass_mailing loaded in 4.11s, 2341 queries (+2341 other) 
2024-07-22 10:12:47,410 8968 INFO Asset odoo.modules.loading: Loading module planning (73/108) 
2024-07-22 10:12:47,654 8968 INFO Asset odoo.modules.registry: module planning: creating or updating database tables 
2024-07-22 10:12:47,668 8968 INFO Asset odoo.models: Prepare computation of hr.employee.default_planning_role_id 
2024-07-22 10:12:48,390 8968 INFO Asset odoo.modules.loading: loading planning/security/planning_security.xml 
2024-07-22 10:12:48,672 8968 INFO Asset odoo.modules.loading: loading planning/security/ir.model.access.csv 
2024-07-22 10:12:48,703 8968 INFO Asset odoo.modules.loading: loading planning/data/digest_data.xml 
2024-07-22 10:12:48,715 8968 INFO Asset odoo.modules.loading: loading planning/wizard/planning_send_views.xml 
2024-07-22 10:12:48,741 8968 INFO Asset odoo.modules.loading: loading planning/wizard/slot_planning_select_send_views.xml 
2024-07-22 10:12:48,756 8968 INFO Asset odoo.modules.loading: loading planning/views/hr_views.xml 
2024-07-22 10:12:48,820 8968 INFO Asset odoo.modules.loading: loading planning/views/planning_template_views.xml 
2024-07-22 10:12:48,857 8968 INFO Asset odoo.modules.loading: loading planning/views/resource_views.xml 
2024-07-22 10:12:48,955 8968 INFO Asset odoo.modules.loading: loading planning/views/planning_views.xml 
2024-07-22 10:12:49,396 8968 INFO Asset odoo.modules.loading: loading planning/views/planning_report_views.xml 
2024-07-22 10:12:49,440 8968 INFO Asset odoo.modules.loading: loading planning/views/res_config_settings_views.xml 
2024-07-22 10:12:49,491 8968 INFO Asset odoo.modules.loading: loading planning/views/planning_templates.xml 
2024-07-22 10:12:49,532 8968 INFO Asset odoo.modules.loading: loading planning/report/planning_report_templates.xml 
2024-07-22 10:12:49,548 8968 INFO Asset odoo.modules.loading: loading planning/report/planning_report_views.xml 
2024-07-22 10:12:49,556 8968 INFO Asset odoo.modules.loading: loading planning/data/planning_cron.xml 
2024-07-22 10:12:49,567 8968 INFO Asset odoo.modules.loading: loading planning/data/mail_template_data.xml 
2024-07-22 10:12:49,636 8968 INFO Asset odoo.modules.loading: Module planning loaded in 2.23s, 1384 queries (+1384 other) 
2024-07-22 10:12:49,636 8968 INFO Asset odoo.modules.loading: Loading module project (74/108) 
2024-07-22 10:12:50,088 8968 INFO Asset odoo.modules.registry: module project: creating or updating database tables 
2024-07-22 10:12:51,472 8968 INFO Asset odoo.modules.loading: loading project/security/project_security.xml 
2024-07-22 10:12:52,070 8968 INFO Asset odoo.modules.loading: loading project/security/ir.model.access.csv 
2024-07-22 10:12:52,122 8968 INFO Asset odoo.modules.loading: loading project/security/ir.model.access.xml 
2024-07-22 10:12:52,135 8968 INFO Asset odoo.modules.loading: loading project/data/digest_data.xml 
2024-07-22 10:12:52,156 8968 INFO Asset odoo.modules.loading: loading project/report/project_report_views.xml 
2024-07-22 10:12:52,199 8968 INFO Asset odoo.modules.loading: loading project/report/project_task_burndown_chart_report_views.xml 
2024-07-22 10:12:52,222 8968 INFO Asset odoo.modules.loading: loading project/views/analytic_views.xml 
2024-07-22 10:12:52,240 8968 INFO Asset odoo.modules.loading: loading project/views/digest_views.xml 
2024-07-22 10:12:52,256 8968 INFO Asset odoo.modules.loading: loading project/views/rating_rating_views.xml 
2024-07-22 10:12:52,362 8968 INFO Asset odoo.modules.loading: loading project/views/project_update_views.xml 
2024-07-22 10:12:52,400 8968 INFO Asset odoo.modules.loading: loading project/views/project_update_templates.xml 
2024-07-22 10:12:52,417 8968 INFO Asset odoo.modules.loading: loading project/views/project_project_stage_views.xml 
2024-07-22 10:12:52,460 8968 INFO Asset odoo.modules.loading: loading project/wizard/project_share_wizard_views.xml 
2024-07-22 10:12:52,475 8968 INFO Asset odoo.modules.loading: loading project/views/project_collaborator_views.xml 
2024-07-22 10:12:52,493 8968 INFO Asset odoo.modules.loading: loading project/views/project_views.xml 
2024-07-22 10:12:53,107 8968 INFO Asset odoo.modules.loading: loading project/views/project_milestone_views.xml 
2024-07-22 10:12:53,136 8968 INFO Asset odoo.modules.loading: loading project/views/res_partner_views.xml 
2024-07-22 10:12:53,163 8968 INFO Asset odoo.modules.loading: loading project/views/res_config_settings_views.xml 
2024-07-22 10:12:53,240 8968 INFO Asset odoo.modules.loading: loading project/views/mail_activity_views.xml 
2024-07-22 10:12:53,254 8968 INFO Asset odoo.modules.loading: loading project/views/project_sharing_views.xml 
2024-07-22 10:12:53,334 8968 INFO Asset odoo.modules.loading: loading project/views/project_portal_templates.xml 
2024-07-22 10:12:53,418 8968 INFO Asset odoo.modules.loading: loading project/views/project_task_templates.xml 
2024-07-22 10:12:53,425 8968 INFO Asset odoo.modules.loading: loading project/views/project_sharing_templates.xml 
2024-07-22 10:12:53,445 8968 INFO Asset odoo.modules.loading: loading project/data/ir_cron_data.xml 
2024-07-22 10:12:53,466 8968 INFO Asset odoo.modules.loading: loading project/data/mail_message_subtype_data.xml 
2024-07-22 10:12:53,524 8968 INFO Asset odoo.modules.loading: loading project/data/mail_template_data.xml 
2024-07-22 10:12:53,545 8968 INFO Asset odoo.modules.loading: loading project/data/project_data.xml 
2024-07-22 10:12:53,561 8968 INFO Asset odoo.modules.loading: loading project/wizard/project_task_type_delete_views.xml 
2024-07-22 10:12:53,671 8968 INFO Asset odoo.modules.loading: Module project loaded in 4.03s, 2483 queries (+2483 other) 
2024-07-22 10:12:53,671 8968 INFO Asset odoo.modules.loading: Loading module base_vat (81/108) 
2024-07-22 10:12:53,850 8968 INFO Asset odoo.modules.registry: module base_vat: creating or updating database tables 
2024-07-22 10:12:54,076 8968 INFO Asset odoo.modules.loading: loading base_vat/views/res_config_settings_views.xml 
2024-07-22 10:12:54,135 8968 INFO Asset odoo.modules.loading: loading base_vat/views/res_partner_views.xml 
2024-07-22 10:12:54,174 8968 INFO Asset odoo.modules.loading: Module base_vat loaded in 0.50s, 117 queries (+117 other) 
2024-07-22 10:12:54,174 8968 INFO Asset odoo.modules.loading: Loading module mass_mailing_themes (83/108) 
2024-07-22 10:12:54,498 8968 INFO Asset odoo.modules.loading: loading mass_mailing_themes/views/mass_mailing_themes_templates.xml 
2024-07-22 10:12:54,632 8968 INFO Asset odoo.modules.loading: Module mass_mailing_themes loaded in 0.46s, 58 queries (+58 other) 
2024-07-22 10:12:54,632 8968 INFO Asset odoo.modules.loading: Loading module project_enterprise (84/108) 
2024-07-22 10:12:54,862 8968 INFO Asset odoo.modules.registry: module project_enterprise: creating or updating database tables 
2024-07-22 10:12:55,143 8968 INFO Asset odoo.modules.loading: loading project_enterprise/security/ir.model.access.csv 
2024-07-22 10:12:55,160 8968 INFO Asset odoo.modules.loading: loading project_enterprise/views/res_config_settings_views.xml 
2024-07-22 10:12:55,223 8968 INFO Asset odoo.modules.loading: loading project_enterprise/views/project_task_views.xml 
2024-07-22 10:12:55,350 8968 INFO Asset odoo.modules.loading: loading project_enterprise/views/project_views.xml 
2024-07-22 10:12:55,380 8968 INFO Asset odoo.modules.loading: loading project_enterprise/views/project_sharing_templates.xml 
2024-07-22 10:12:55,393 8968 INFO Asset odoo.modules.loading: loading project_enterprise/views/project_sharing_views.xml 
2024-07-22 10:12:55,429 8968 INFO Asset odoo.modules.loading: loading project_enterprise/report/project_report_views.xml 
2024-07-22 10:12:55,448 8968 INFO Asset odoo.modules.loading: loading project_enterprise/wizard/task_confirm_schedule_wizard_views.xml 
2024-07-22 10:12:55,487 8968 INFO Asset odoo.modules.loading: Module project_enterprise loaded in 0.85s, 327 queries (+327 other) 
2024-07-22 10:12:55,488 8968 INFO Asset odoo.modules.loading: Loading module project_sms (85/108) 
2024-07-22 10:12:55,673 8968 INFO Asset odoo.modules.registry: module project_sms: creating or updating database tables 
2024-07-22 10:12:55,851 8968 INFO Asset odoo.modules.loading: loading project_sms/views/project_stage_views.xml 
2024-07-22 10:12:55,895 8968 INFO Asset odoo.modules.loading: loading project_sms/views/project_task_type_views.xml 
2024-07-22 10:12:55,939 8968 INFO Asset odoo.modules.loading: loading project_sms/views/project_views.xml 
2024-07-22 10:12:55,957 8968 INFO Asset odoo.modules.loading: loading project_sms/security/ir.model.access.csv 
2024-07-22 10:12:55,969 8968 INFO Asset odoo.modules.loading: loading project_sms/security/project_sms_security.xml 
2024-07-22 10:12:56,009 8968 INFO Asset odoo.modules.loading: Module project_sms loaded in 0.52s, 177 queries (+177 other) 
2024-07-22 10:12:56,009 8968 INFO Asset odoo.modules.loading: Loading module l10n_za (98/108) 
2024-07-22 10:12:56,177 8968 INFO Asset odoo.modules.loading: loading l10n_za/data/account.account.tag.csv 
2024-07-22 10:12:56,413 8968 INFO Asset odoo.modules.loading: loading l10n_za/data/account_tax_report_data.xml 
2024-07-22 10:12:56,638 8968 INFO Asset odoo.modules.loading: loading l10n_za/data/account.tax.group.csv 
2024-07-22 10:12:56,663 8968 INFO Asset odoo.modules.loading: loading l10n_za/data/account_chart_template_data.xml 
2024-07-22 10:12:56,703 8968 INFO Asset odoo.modules.loading: loading l10n_za/data/account.account.template.csv 
2024-07-22 10:12:56,866 8968 INFO Asset odoo.modules.loading: loading l10n_za/data/account_tax_template_data.xml 
2024-07-22 10:12:56,986 8968 INFO Asset odoo.modules.loading: loading l10n_za/data/account_chart_template_post_data.xml 
2024-07-22 10:12:56,996 8968 INFO Asset odoo.modules.loading: loading l10n_za/data/account_chart_template_configure_data.xml 
2024-07-22 10:12:58,174 8968 INFO Asset odoo.modules.loading: Module l10n_za loaded in 2.17s, 1162 queries (+1162 other) 
2024-07-22 10:12:58,175 8968 INFO Asset odoo.modules.loading: Loading module project_enterprise_hr (99/108) 
2024-07-22 10:12:58,344 8968 INFO Asset odoo.modules.registry: module project_enterprise_hr: creating or updating database tables 
2024-07-22 10:12:58,482 8968 INFO Asset odoo.modules.loading: Module project_enterprise_hr loaded in 0.31s, 40 queries (+40 other) 
2024-07-22 10:12:58,483 8968 INFO Asset odoo.modules.loading: Loading module project_account_asset (107/108) 
2024-07-22 10:12:58,631 8968 INFO Asset odoo.modules.registry: module project_account_asset: creating or updating database tables 
2024-07-22 10:12:58,756 8968 INFO Asset odoo.modules.loading: Module project_account_asset loaded in 0.27s, 41 queries (+41 other) 
2024-07-22 10:12:58,757 8968 INFO Asset odoo.modules.loading: 108 modules loaded in 40.65s, 20354 queries (+20354 extra) 
2024-07-22 10:13:00,383 8968 INFO Asset odoo.modules.loading: Modules loaded. 
2024-07-22 10:13:00,425 8968 INFO Asset odoo.modules.registry: Registry loaded in 95.506s 
2024-07-22 10:13:00,426 8968 INFO Asset odoo.addons.base.models.ir_module: getting next ir.actions.todo() 
2024-07-22 10:13:00,444 8968 INFO Asset odoo.addons.base.models.ir_module: next action is "Open Menu" 
2024-07-22 10:13:00,472 8968 INFO Asset odoo.modules.registry: Registry changed, signaling through the database 
2024-07-22 10:13:00,474 8968 INFO Asset werkzeug: 127.0.0.1 - - [22/Jul/2024 10:13:00] "POST /web/dataset/call_button HTTP/1.1" 200 - 49186 53.592 42.188
2024-07-22 10:13:00,832 8968 INFO Asset odoo.addons.base.models.ir_http: Generating routing map for key None 
2024-07-22 10:13:28,868 8968 INFO Asset odoo.modules.registry: At least one model cache has been invalidated, signaling through the database. 
2024-07-22 10:13:28,872 8968 INFO Asset werkzeug: 127.0.0.1 - - [22/Jul/2024 10:13:28] "GET /web HTTP/1.1" 200 - 178 0.460 27.590
2024-07-22 10:13:28,939 8968 INFO Asset werkzeug: 127.0.0.1 - - [22/Jul/2024 10:13:28] "GET /web/webclient/translations/a61e2970a5670c134b02fc291e0bb9d1a40da46b?lang=en_US HTTP/1.1" 200 - 5 0.007 0.008
2024-07-22 10:13:29,103 8968 INFO Asset werkzeug: 127.0.0.1 - - [22/Jul/2024 10:13:29] "GET /web/webclient/load_menus/ed4b569b811f0e68d321aa5b900d200ba34e0fed2123c2171e3a7537bf1c605c HTTP/1.1" 200 - 31 0.072 0.108
2024-07-22 10:13:29,631 8968 INFO Asset werkzeug: 127.0.0.1 - - [22/Jul/2024 10:13:29] "GET /web/assets/194-e4e3065/web.assets_common.min.css HTTP/1.1" 200 - 4 0.006 0.010
2024-07-22 10:13:29,802 8968 INFO Asset werkzeug: 127.0.0.1 - - [22/Jul/2024 10:13:29] "GET /web/assets/195-972fc57/web.assets_backend.min.css HTTP/1.1" 200 - 4 0.004 0.008
2024-07-22 10:13:29,873 8968 INFO Asset werkzeug: 127.0.0.1 - - [22/Jul/2024 10:13:29] "GET /web/assets/196-e4e3065/web.assets_common.min.js HTTP/1.1" 200 - 4 0.004 0.008
2024-07-22 10:13:30,788 8968 INFO Asset werkzeug: 127.0.0.1 - - [22/Jul/2024 10:13:30] "GET /web/assets/197-972fc57/web.assets_backend.min.js HTTP/1.1" 200 - 4 0.002 0.484
2024-07-22 10:13:31,455 8968 INFO Asset werkzeug: 127.0.0.1 - - [22/Jul/2024 10:13:31] "GET /web/assets/198-1b3aeae/web.assets_backend_prod_only.min.js HTTP/1.1" 200 - 4 0.002 0.432
2024-07-22 10:13:32,898 8968 INFO Asset odoo.addons.partner_autocomplete.models.res_company: Starting enrich of company My Company (1) 
2024-07-22 10:13:32,948 8968 INFO Asset odoo.modules.registry: At least one model cache has been invalidated, signaling through the database. 
2024-07-22 10:13:32,951 8968 INFO Asset werkzeug: 127.0.0.1 - - [22/Jul/2024 10:13:32] "POST /web/dataset/call_kw/res.company/iap_enrich_auto HTTP/1.1" 200 - 20 0.050 0.040
2024-07-22 10:13:33,033 8968 INFO ? werkzeug: 127.0.0.1 - - [22/Jul/2024 10:13:33] "GET /mail/static/src/audio/ting.ogg HTTP/1.1" 206 - 0 0.000 0.009
2024-07-22 10:13:33,073 8968 INFO Asset werkzeug: 127.0.0.1 - - [22/Jul/2024 10:13:33] "POST /web/dataset/call_kw/res.users/systray_get_activities HTTP/1.1" 200 - 21 0.051 0.013
2024-07-22 10:13:33,092 8968 INFO Asset werkzeug: 127.0.0.1 - - [22/Jul/2024 10:13:33] "GET /web/image?model=res.users&field=avatar_128&id=2 HTTP/1.1" 304 - 16 0.032 0.020
2024-07-22 10:13:33,100 8968 INFO Asset werkzeug: 127.0.0.1 - - [22/Jul/2024 10:13:33] "GET /bus/websocket_worker_bundle?v=1.0.5 HTTP/1.1" 304 - 6 0.006 0.023
2024-07-22 10:13:33,968 8968 INFO Asset odoo.addons.base.models.ir_cron: Starting job `Invoice OCR: Parse Invoices`. 
2024-07-22 10:13:33,980 8968 INFO Asset werkzeug: 127.0.0.1 - - [22/Jul/2024 10:13:33] "GET /websocket HTTP/1.1" 101 - 1 0.003 0.399
2024-07-22 10:13:33,980 8968 INFO Asset odoo.addons.base.models.ir_cron: Job `Invoice OCR: Parse Invoices` done. 
2024-07-22 10:13:33,981 8968 INFO Asset werkzeug: 127.0.0.1 - - [22/Jul/2024 10:13:33] "POST /mail/init_messaging HTTP/1.1" 200 - 107 0.176 0.850
2024-07-22 10:13:34,017 8968 INFO Asset odoo.addons.base.models.ir_cron: Starting job `Mail: Email Queue Manager`. 
2024-07-22 10:13:34,051 8968 INFO Asset odoo.addons.base.models.ir_cron: Job `Mail: Email Queue Manager` done. 
2024-07-22 10:13:34,065 8968 INFO Asset odoo.addons.base.models.ir_cron: Starting job `Notification: Delete Notifications older than 6 Month`. 
2024-07-22 10:13:34,075 8968 INFO Asset odoo.addons.base.models.ir_cron: Job `Notification: Delete Notifications older than 6 Month` done. 
2024-07-22 10:13:34,112 8968 INFO Asset odoo.addons.base.models.ir_cron: Starting job `Notification: Send scheduled message notifications`. 
2024-07-22 10:13:34,137 8968 INFO Asset odoo.addons.base.models.ir_cron: Job `Notification: Send scheduled message notifications` done. 
2024-07-22 10:13:34,152 8968 INFO Asset odoo.addons.base.models.ir_cron: Starting job `Users: Notify About Unregistered Users`. 
2024-07-22 10:13:34,165 8968 INFO Asset odoo.addons.base.models.ir_cron: Job `Users: Notify About Unregistered Users` done. 
2024-07-22 10:13:34,181 8968 INFO Asset odoo.addons.base.models.ir_cron: Starting job `Partner Autocomplete : Sync with remote DB`. 
2024-07-22 10:13:34,189 8968 INFO Asset odoo.addons.base.models.ir_cron: Job `Partner Autocomplete : Sync with remote DB` done. 
2024-07-22 10:13:34,204 8968 INFO Asset odoo.addons.base.models.ir_cron: Starting job `SMS: SMS Queue Manager`. 
2024-07-22 10:13:34,213 8968 INFO Asset odoo.addons.base.models.ir_cron: Job `SMS: SMS Queue Manager` done. 
2024-07-22 10:13:34,228 8968 INFO Asset odoo.addons.base.models.ir_cron: Starting job `Snailmail: process letters queue`. 
2024-07-22 10:13:34,241 8968 INFO Asset odoo.addons.base.models.ir_cron: Job `Snailmail: process letters queue` done. 
2024-07-22 10:13:34,255 8968 INFO Asset odoo.addons.base.models.ir_cron: Starting job `payment: post-process transactions`. 
2024-07-22 10:13:34,271 8968 INFO Asset odoo.addons.base.models.ir_cron: Job `payment: post-process transactions` done. 
2024-07-22 10:13:34,283 8968 INFO Asset odoo.addons.base.models.ir_cron: Starting job `Try to reconcile automatically your statement lines`. 
2024-07-22 10:13:34,299 8968 INFO Asset odoo.addons.base.models.ir_cron: Job `Try to reconcile automatically your statement lines` done. 
2024-07-22 10:13:34,313 8968 INFO Asset odoo.addons.base.models.ir_cron: Starting job `Invoice OCR: Update All Status`. 
2024-07-22 10:13:34,333 8968 INFO Asset odoo.addons.base.models.ir_cron: Job `Invoice OCR: Update All Status` done. 
2024-07-22 10:13:34,553 8968 INFO Asset odoo.addons.base.models.ir_cron: Starting job `Invoice OCR: Validate Invoices`. 
2024-07-22 10:13:34,556 8968 INFO Asset werkzeug: 127.0.0.1 - - [22/Jul/2024 10:13:34] "POST /mail/load_message_failures HTTP/1.1" 200 - 3 0.015 0.218
2024-07-22 10:13:34,562 8968 INFO Asset odoo.addons.base.models.ir_cron: Job `Invoice OCR: Validate Invoices` done. 
2024-07-22 10:13:34,578 8968 INFO Asset odoo.addons.base.models.ir_cron: Starting job `Currency: rate update`. 
2024-07-22 10:13:34,588 8968 INFO Asset odoo.addons.base.models.ir_cron: Job `Currency: rate update` done. 
2024-07-22 10:13:34,600 8968 INFO Asset odoo.addons.base.models.ir_cron: Starting job `Account automatic transfers : Perform transfers`. 
2024-07-22 10:13:34,613 8968 INFO Asset odoo.addons.base.models.ir_cron: Job `Account automatic transfers : Perform transfers` done. 
2024-07-22 10:13:34,628 8968 INFO Asset odoo.addons.base.models.ir_cron: Starting job `Account: Journal online sync`. 
2024-07-22 10:13:34,641 8968 INFO Asset odoo.addons.base.models.ir_cron: Job `Account: Journal online sync` done. 
2024-07-22 10:13:34,655 8968 INFO Asset odoo.addons.base.models.ir_cron: Starting job `Calendar: Event Reminder`. 
2024-07-22 10:13:34,669 8968 INFO Asset odoo.addons.base.models.ir_cron: Job `Calendar: Event Reminder` done. 
2024-07-22 10:13:34,683 8968 INFO Asset odoo.addons.base.models.ir_cron: Starting job `Gamification: Goal Challenge Check`. 
2024-07-22 10:13:34,809 8968 INFO Asset odoo.addons.base.models.ir_cron: Job `Gamification: Goal Challenge Check` done. 
2024-07-22 10:13:34,823 8968 INFO Asset odoo.addons.base.models.ir_cron: Starting job `HR Employee: check work permit validity`. 
2024-07-22 10:13:34,835 8968 INFO Asset odoo.addons.base.models.ir_cron: Job `HR Employee: check work permit validity` done. 
2024-07-22 10:13:34,848 8968 INFO Asset odoo.addons.base.models.ir_cron: Starting job `Planning: generate next recurring shifts`. 
2024-07-22 10:13:34,871 8968 INFO Asset odoo.addons.base.models.ir_cron: Job `Planning: generate next recurring shifts` done. 
2024-07-22 10:13:34,885 8968 INFO Asset odoo.addons.base.models.ir_cron: Starting job `Mail Marketing: Process queue`. 
2024-07-22 10:13:34,896 8968 INFO Asset odoo.addons.base.models.ir_cron: Job `Mail Marketing: Process queue` done. 
2024-07-22 10:13:34,908 8968 INFO Asset odoo.addons.base.models.ir_cron: Starting job `Project: Send rating`. 
2024-07-22 10:13:34,920 8968 INFO Asset odoo.addons.base.models.ir_cron: Job `Project: Send rating` done. 
2024-07-22 10:14:06,800 8968 INFO Asset werkzeug: 127.0.0.1 - - [22/Jul/2024 10:14:06] "POST /web/action/load HTTP/1.1" 200 - 13 0.031 0.020
2024-07-22 10:14:07,385 8968 INFO Asset werkzeug: 127.0.0.1 - - [22/Jul/2024 10:14:07] "POST /web/dataset/call_kw/account.journal/get_views HTTP/1.1" 200 - 50 0.046 0.230
2024-07-22 10:14:07,489 8968 INFO Asset werkzeug: 127.0.0.1 - - [22/Jul/2024 10:14:07] "POST /web/dataset/call_kw/account.journal/web_search_read HTTP/1.1" 200 - 35 0.042 0.028
2024-07-22 10:14:07,897 8968 INFO ? werkzeug: 127.0.0.1 - - [22/Jul/2024 10:14:07] "GET /web/static/lib/Chart/Chart.js HTTP/1.1" 200 - 0 0.000 0.011
2024-07-22 10:14:07,909 8968 INFO Asset werkzeug: 127.0.0.1 - - [22/Jul/2024 10:14:07] "POST /account/account_dashboard_onboarding HTTP/1.1" 200 - 31 0.035 0.062
2024-07-22 10:14:08,067 8968 INFO ? werkzeug: 127.0.0.1 - - [22/Jul/2024 10:14:08] "GET /account/static/src/img/account_dashboard_onboarding_bg.jpg HTTP/1.1" 200 - 0 0.000 0.005
2024-07-22 10:14:14,805 8968 INFO Asset werkzeug: 127.0.0.1 - - [22/Jul/2024 10:14:14] "POST /web/action/load HTTP/1.1" 200 - 10 0.017 0.019
2024-07-22 10:14:15,153 8968 INFO Asset werkzeug: 127.0.0.1 - - [22/Jul/2024 10:14:15] "POST /web/dataset/call_kw/asset.sage.integration/get_views HTTP/1.1" 200 - 9 0.019 0.021
2024-07-22 10:14:15,378 8968 INFO Asset werkzeug: 127.0.0.1 - - [22/Jul/2024 10:14:15] "POST /web/dataset/call_kw/asset.sage.integration/onchange HTTP/1.1" 200 - 2 0.003 0.009
2024-07-22 10:14:21,218 8968 INFO Asset werkzeug: 127.0.0.1 - - [22/Jul/2024 10:14:21] "POST /web/dataset/call_kw/asset.sage.integration/create HTTP/1.1" 200 - 4 0.008 0.011
2024-07-22 10:14:21,542 8968 INFO Asset werkzeug: 127.0.0.1 - - [22/Jul/2024 10:14:21] "POST /web/dataset/call_kw/asset.sage.integration/read HTTP/1.1" 200 - 3 0.006 0.009
2024-07-22 10:14:21,785 8968 INFO Asset odoo.addons.asset_sage_inetgration.models.asset_sage_integration: Testing general ledger 
2024-07-22 10:14:21,785 8968 ERROR Asset odoo.addons.asset_sage_inetgration.models.asset_sage_integration: Testing general ledger 
2024-07-22 10:14:21,789 8968 INFO Asset odoo.addons.asset_sage_inetgration.models.asset_sage_integration: URL: http://169.254.1.2:83/api/accounts 
2024-07-22 10:14:27,245 8968 INFO Asset odoo.addons.asset_sage_inetgration.models.asset_sage_integration: response: <Response [200]> 
2024-07-22 10:14:27,246 8968 INFO Asset odoo.addons.asset_sage_inetgration.models.asset_sage_integration: response text: {"response":[{"status":"Failed","statusDescription":"Incorrect Password was supplied, please review!"}]} 
2024-07-22 10:14:27,246 8968 INFO Asset odoo.addons.asset_sage_inetgration.models.asset_sage_integration: response details: response 
2024-07-22 10:14:27,261 8968 WARNING Asset odoo.http: string indices must be integers, not 'str' 
2024-07-22 10:14:27,261 8968 INFO Asset werkzeug: 127.0.0.1 - - [22/Jul/2024 10:14:27] "POST /web/dataset/call_button HTTP/1.1" 200 - 2 0.004 5.479
2024-07-22 10:22:34,962 8968 INFO Asset odoo.addons.base.models.ir_cron: Starting job `payment: post-process transactions`. 
2024-07-22 10:22:34,967 8968 INFO Asset odoo.addons.base.models.ir_cron: Job `payment: post-process transactions` done. 
2024-07-22 10:23:46,720 8968 INFO Asset odoo.addons.asset_sage_inetgration.models.asset_sage_integration: Testing general ledger 
2024-07-22 10:23:46,720 8968 ERROR Asset odoo.addons.asset_sage_inetgration.models.asset_sage_integration: Testing general ledger 
2024-07-22 10:23:46,722 8968 INFO Asset odoo.addons.asset_sage_inetgration.models.asset_sage_integration: URL: http://169.254.1.2:83/api/accounts 
2024-07-22 10:23:46,755 8968 INFO Asset odoo.addons.asset_sage_inetgration.models.asset_sage_integration: response: <Response [200]> 
2024-07-22 10:23:46,755 8968 INFO Asset odoo.addons.asset_sage_inetgration.models.asset_sage_integration: response text: {"response":[{"status":"Failed","statusDescription":"Incorrect Password was supplied, please review!"}]} 
2024-07-22 10:23:46,755 8968 INFO Asset odoo.addons.asset_sage_inetgration.models.asset_sage_integration: response details: response 
2024-07-22 10:23:46,761 8968 WARNING Asset odoo.http: string indices must be integers, not 'str' 
2024-07-22 10:23:46,761 8968 INFO Asset werkzeug: 127.0.0.1 - - [22/Jul/2024 10:23:46] "POST /web/dataset/call_button HTTP/1.1" 200 - 2 0.002 0.045
2024-07-22 10:24:33,444 8968 INFO Asset werkzeug: 127.0.0.1 - - [22/Jul/2024 10:24:33] "GET /web HTTP/1.1" 200 - 86 0.097 0.859
2024-07-22 10:24:34,405 8968 INFO Asset werkzeug: 127.0.0.1 - - [22/Jul/2024 10:24:34] "POST /web/action/load HTTP/1.1" 200 - 10 0.020 0.015
2024-07-22 10:24:34,766 8968 INFO Asset werkzeug: 127.0.0.1 - - [22/Jul/2024 10:24:34] "POST /web/dataset/call_kw/res.users/systray_get_activities HTTP/1.1" 200 - 10 0.023 0.017
2024-07-22 10:24:34,768 8968 INFO Asset werkzeug: 127.0.0.1 - - [22/Jul/2024 10:24:34] "POST /mail/init_messaging HTTP/1.1" 200 - 30 0.054 0.033
2024-07-22 10:24:34,794 8968 INFO Asset werkzeug: 127.0.0.1 - - [22/Jul/2024 10:24:34] "POST /web/dataset/call_kw/account.journal/get_views HTTP/1.1" 200 - 2 0.002 0.017
2024-07-22 10:24:34,822 8968 INFO Asset werkzeug: 127.0.0.1 - - [22/Jul/2024 10:24:34] "POST /mail/load_message_failures HTTP/1.1" 200 - 3 0.004 0.015
2024-07-22 10:24:34,840 8968 INFO Asset werkzeug: 127.0.0.1 - - [22/Jul/2024 10:24:34] "GET /web/image?model=res.users&field=avatar_128&id=2 HTTP/1.1" 304 - 8 0.016 0.019
2024-07-22 10:24:34,843 8968 INFO Asset werkzeug: 127.0.0.1 - - [22/Jul/2024 10:24:34] "GET /web/image/res.company/1/favicon HTTP/1.1" 304 - 10 0.032 0.017
2024-07-22 10:24:35,107 8968 INFO Asset werkzeug: 127.0.0.1 - - [22/Jul/2024 10:24:35] "GET /web/image/res.company/1/favicon HTTP/1.1" 304 - 5 0.006 0.010
2024-07-22 10:24:35,143 8968 INFO Asset werkzeug: 127.0.0.1 - - [22/Jul/2024 10:24:35] "POST /web/dataset/call_kw/account.journal/web_search_read HTTP/1.1" 200 - 26 0.036 0.035
2024-07-22 10:24:35,153 8968 INFO Asset werkzeug: 127.0.0.1 - - [22/Jul/2024 10:24:35] "GET /web/image/res.company/1/favicon HTTP/1.1" 304 - 5 0.008 0.018
2024-07-22 10:24:35,155 8968 INFO ? werkzeug: 127.0.0.1 - - [22/Jul/2024 10:24:35] "GET /mail/static/src/audio/ting.ogg HTTP/1.1" 206 - 0 0.000 0.005
2024-07-22 10:24:35,434 8968 INFO Asset werkzeug: 127.0.0.1 - - [22/Jul/2024 10:24:35] "POST /account/account_dashboard_onboarding HTTP/1.1" 200 - 2 0.005 0.012
2024-07-22 10:24:35,477 8968 INFO Asset werkzeug: 127.0.0.1 - - [22/Jul/2024 10:24:35] "GET /bus/websocket_worker_bundle?v=1.0.5 HTTP/1.1" 304 - 4 0.005 0.010
2024-07-22 10:24:35,875 8968 INFO Asset werkzeug: 127.0.0.1 - - [22/Jul/2024 10:24:35] "GET /websocket HTTP/1.1" 101 - 1 0.001 0.013
2024-07-22 10:24:43,670 8968 INFO Asset werkzeug: 127.0.0.1 - - [22/Jul/2024 10:24:43] "POST /web/action/load HTTP/1.1" 200 - 9 0.010 0.014
2024-07-22 10:24:43,911 8968 INFO Asset werkzeug: 127.0.0.1 - - [22/Jul/2024 10:24:43] "POST /web/dataset/call_kw/asset.sage.integration/get_views HTTP/1.1" 200 - 1 0.001 0.010
2024-07-22 10:24:43,990 8968 INFO Asset werkzeug: 127.0.0.1 - - [22/Jul/2024 10:24:43] "POST /web/dataset/call_kw/asset.sage.integration/onchange HTTP/1.1" 200 - 1 0.002 0.008
2024-07-22 10:24:48,274 8968 INFO Asset werkzeug: 127.0.0.1 - - [22/Jul/2024 10:24:48] "POST /web/dataset/call_kw/asset.sage.integration/create HTTP/1.1" 200 - 3 0.004 0.010
2024-07-22 10:24:48,595 8968 INFO Asset werkzeug: 127.0.0.1 - - [22/Jul/2024 10:24:48] "POST /web/dataset/call_kw/asset.sage.integration/read HTTP/1.1" 200 - 2 0.002 0.009
2024-07-22 10:24:48,844 8968 INFO Asset odoo.addons.asset_sage_inetgration.models.asset_sage_integration: Testing general ledger 
2024-07-22 10:24:48,845 8968 ERROR Asset odoo.addons.asset_sage_inetgration.models.asset_sage_integration: Testing general ledger 
2024-07-22 10:24:48,847 8968 INFO Asset odoo.addons.asset_sage_inetgration.models.asset_sage_integration: URL: http://169.254.1.2:83/api/accounts 
2024-07-22 10:24:48,925 8968 INFO Asset odoo.addons.asset_sage_inetgration.models.asset_sage_integration: response: <Response [200]> 
2024-07-22 10:24:48,925 8968 INFO Asset odoo.addons.asset_sage_inetgration.models.asset_sage_integration: response text: {"response":[{"status":"Failed","statusDescription":"Incorrect Password was supplied, please review!"}]} 
2024-07-22 10:24:48,925 8968 INFO Asset odoo.addons.asset_sage_inetgration.models.asset_sage_integration: response details: response 
2024-07-22 10:24:48,928 8968 WARNING Asset odoo.http: string indices must be integers, not 'str' 
2024-07-22 10:24:48,929 8968 INFO Asset werkzeug: 127.0.0.1 - - [22/Jul/2024 10:24:48] "POST /web/dataset/call_button HTTP/1.1" 200 - 2 0.004 0.089
2024-07-22 10:31:53,159 8968 INFO Asset odoo.addons.base.models.ir_cron: Starting job `payment: post-process transactions`. 
2024-07-22 10:31:53,168 8968 INFO Asset odoo.addons.base.models.ir_cron: Job `payment: post-process transactions` done. 
2024-07-22 10:42:03,364 8968 INFO Asset odoo.addons.base.models.ir_cron: Starting job `payment: post-process transactions`. 
2024-07-22 10:42:03,370 8968 INFO Asset odoo.addons.base.models.ir_cron: Job `payment: post-process transactions` done. 
2024-07-22 10:52:13,490 8968 INFO Asset odoo.addons.base.models.ir_cron: Starting job `payment: post-process transactions`. 
2024-07-22 10:52:13,499 8968 INFO Asset odoo.addons.base.models.ir_cron: Job `payment: post-process transactions` done. 
2024-07-22 11:02:23,635 8968 INFO Asset odoo.addons.base.models.ir_cron: Starting job `payment: post-process transactions`. 
2024-07-22 11:02:23,643 8968 INFO Asset odoo.addons.base.models.ir_cron: Job `payment: post-process transactions` done. 
2024-07-22 11:11:35,112 8968 INFO Asset odoo.addons.base.models.ir_cron: Starting job `Mail: Email Queue Manager`. 
2024-07-22 11:11:35,122 8968 INFO Asset odoo.addons.base.models.ir_cron: Job `Mail: Email Queue Manager` done. 
2024-07-22 11:11:35,132 8968 INFO Asset odoo.addons.base.models.ir_cron: Starting job `Notification: Send scheduled message notifications`. 
2024-07-22 11:11:35,142 8968 INFO Asset odoo.addons.base.models.ir_cron: Job `Notification: Send scheduled message notifications` done. 
2024-07-22 11:12:33,874 8968 INFO Asset odoo.addons.base.models.ir_cron: Starting job `payment: post-process transactions`. 
2024-07-22 11:12:33,874 8968 INFO Asset odoo.addons.base.models.ir_cron: Job `payment: post-process transactions` done. 
2024-07-22 11:12:33,894 8968 INFO Asset odoo.addons.base.models.ir_cron: Starting job `Partner Autocomplete : Sync with remote DB`. 
2024-07-22 11:12:33,894 8968 INFO Asset odoo.addons.base.models.ir_cron: Job `Partner Autocomplete : Sync with remote DB` done. 
2024-07-22 11:12:33,904 8968 INFO Asset odoo.addons.base.models.ir_cron: Starting job `SMS: SMS Queue Manager`. 
2024-07-22 11:12:33,914 8968 INFO Asset odoo.addons.base.models.ir_cron: Job `SMS: SMS Queue Manager` done. 
2024-07-22 11:12:33,924 8968 INFO Asset odoo.addons.base.models.ir_cron: Starting job `Snailmail: process letters queue`. 
2024-07-22 11:12:33,934 8968 INFO Asset odoo.addons.base.models.ir_cron: Job `Snailmail: process letters queue` done. 
2024-07-22 11:22:35,256 8968 INFO Asset odoo.addons.base.models.ir_cron: Starting job `payment: post-process transactions`. 
2024-07-22 11:22:35,256 8968 INFO Asset odoo.addons.base.models.ir_cron: Job `payment: post-process transactions` done. 
2024-07-22 11:31:53,371 8968 INFO Asset odoo.addons.base.models.ir_cron: Starting job `payment: post-process transactions`. 
2024-07-22 11:31:53,377 8968 INFO Asset odoo.addons.base.models.ir_cron: Job `payment: post-process transactions` done. 
2024-07-22 11:42:03,504 8968 INFO Asset odoo.addons.base.models.ir_cron: Starting job `payment: post-process transactions`. 
2024-07-22 11:42:03,508 8968 INFO Asset odoo.addons.base.models.ir_cron: Job `payment: post-process transactions` done. 
2024-07-22 11:44:54,065 8968 INFO Asset werkzeug: 127.0.0.1 - - [22/Jul/2024 11:44:54] "GET /websocket HTTP/1.1" 101 - 1 0.001 0.011
2024-07-22 11:52:13,688 8968 INFO Asset odoo.addons.base.models.ir_cron: Starting job `payment: post-process transactions`. 
2024-07-22 11:52:13,694 8968 INFO Asset odoo.addons.base.models.ir_cron: Job `payment: post-process transactions` done. 
2024-07-22 12:02:23,817 8968 INFO Asset odoo.addons.base.models.ir_cron: Starting job `payment: post-process transactions`. 
2024-07-22 12:02:23,821 8968 INFO Asset odoo.addons.base.models.ir_cron: Job `payment: post-process transactions` done. 
2024-07-22 12:11:35,458 8968 INFO Asset odoo.addons.base.models.ir_cron: Starting job `Mail: Email Queue Manager`. 
2024-07-22 12:11:35,458 8968 INFO Asset odoo.addons.base.models.ir_cron: Job `Mail: Email Queue Manager` done. 
2024-07-22 12:11:35,478 8968 INFO Asset odoo.addons.base.models.ir_cron: Starting job `Notification: Send scheduled message notifications`. 
2024-07-22 12:11:35,478 8968 INFO Asset odoo.addons.base.models.ir_cron: Job `Notification: Send scheduled message notifications` done. 
2024-07-22 12:12:34,027 8968 INFO Asset odoo.addons.base.models.ir_cron: Starting job `Digest Emails`. 
2024-07-22 12:12:34,289 8968 INFO Asset odoo.addons.base.models.ir_cron: Job `Digest Emails` done. 
2024-07-22 12:12:34,299 8968 INFO Asset odoo.addons.base.models.ir_cron: Starting job `Partner Autocomplete : Sync with remote DB`. 
2024-07-22 12:12:34,299 8968 INFO Asset odoo.addons.base.models.ir_cron: Job `Partner Autocomplete : Sync with remote DB` done. 
2024-07-22 12:12:34,309 8968 INFO Asset odoo.addons.base.models.ir_cron: Starting job `SMS: SMS Queue Manager`. 
2024-07-22 12:12:34,309 8968 INFO Asset odoo.addons.base.models.ir_cron: Job `SMS: SMS Queue Manager` done. 
2024-07-22 12:12:34,319 8968 INFO Asset odoo.addons.base.models.ir_cron: Starting job `Snailmail: process letters queue`. 
2024-07-22 12:12:34,319 8968 INFO Asset odoo.addons.base.models.ir_cron: Job `Snailmail: process letters queue` done. 
2024-07-22 12:12:34,329 8968 INFO Asset odoo.addons.base.models.ir_cron: Starting job `payment: post-process transactions`. 
2024-07-22 12:12:34,339 8968 INFO Asset odoo.addons.base.models.ir_cron: Job `payment: post-process transactions` done. 
2024-07-22 12:22:35,560 8968 INFO Asset odoo.addons.base.models.ir_cron: Starting job `payment: post-process transactions`. 
2024-07-22 12:22:35,565 8968 INFO Asset odoo.addons.base.models.ir_cron: Job `payment: post-process transactions` done. 
2024-07-22 12:31:53,710 8968 INFO Asset odoo.addons.base.models.ir_cron: Starting job `payment: post-process transactions`. 
2024-07-22 12:31:53,711 8968 INFO Asset odoo.addons.base.models.ir_cron: Job `payment: post-process transactions` done. 
2024-07-22 12:42:03,885 8968 INFO Asset odoo.addons.base.models.ir_cron: Starting job `payment: post-process transactions`. 
2024-07-22 12:42:03,891 8968 INFO Asset odoo.addons.base.models.ir_cron: Job `payment: post-process transactions` done. 
2024-07-22 12:52:14,012 8968 INFO Asset odoo.addons.base.models.ir_cron: Starting job `payment: post-process transactions`. 
2024-07-22 12:52:14,020 8968 INFO Asset odoo.addons.base.models.ir_cron: Job `payment: post-process transactions` done. 
2024-07-22 13:02:24,209 8968 INFO Asset odoo.addons.base.models.ir_cron: Starting job `payment: post-process transactions`. 
2024-07-22 13:02:24,216 8968 INFO Asset odoo.addons.base.models.ir_cron: Job `payment: post-process transactions` done. 
2024-07-22 13:02:38,979 8968 INFO Asset werkzeug: 127.0.0.1 - - [22/Jul/2024 13:02:38] "GET /websocket HTTP/1.1" 101 - 1 0.001 0.013
2024-07-22 13:11:33,338 8968 INFO Asset odoo.addons.base.models.ir_cron: Starting job `Mail: Email Queue Manager`. 
2024-07-22 13:11:35,761 8968 INFO Asset odoo.addons.base.models.ir_cron: Starting job `Notification: Send scheduled message notifications`. 
2024-07-22 13:11:35,769 8968 INFO Asset odoo.addons.base.models.ir_cron: Job `Notification: Send scheduled message notifications` done. 
2024-07-22 13:11:37,377 8968 INFO Asset odoo.addons.base.models.ir_cron: Job `Mail: Email Queue Manager` done. 
2024-07-22 13:12:35,796 8968 INFO Asset odoo.addons.base.models.ir_cron: Starting job `payment: post-process transactions`. 
2024-07-22 13:12:35,802 8968 INFO Asset odoo.addons.base.models.ir_cron: Job `payment: post-process transactions` done. 
2024-07-22 13:12:35,813 8968 INFO Asset odoo.addons.base.models.ir_cron: Starting job `Partner Autocomplete : Sync with remote DB`. 
2024-07-22 13:12:35,819 8968 INFO Asset odoo.addons.base.models.ir_cron: Job `Partner Autocomplete : Sync with remote DB` done. 
2024-07-22 13:12:35,828 8968 INFO Asset odoo.addons.base.models.ir_cron: Starting job `SMS: SMS Queue Manager`. 
2024-07-22 13:12:35,836 8968 INFO Asset odoo.addons.base.models.ir_cron: Job `SMS: SMS Queue Manager` done. 
2024-07-22 13:12:35,851 8968 INFO Asset odoo.addons.base.models.ir_cron: Starting job `Snailmail: process letters queue`. 
2024-07-22 13:12:35,857 8968 INFO Asset odoo.addons.base.models.ir_cron: Job `Snailmail: process letters queue` done. 
2024-07-22 13:22:35,915 8968 INFO Asset odoo.addons.base.models.ir_cron: Starting job `payment: post-process transactions`. 
2024-07-22 13:22:35,915 8968 INFO Asset odoo.addons.base.models.ir_cron: Job `payment: post-process transactions` done. 
2024-07-22 13:31:57,816 8968 INFO Asset odoo.addons.base.models.ir_cron: Starting job `payment: post-process transactions`. 
2024-07-22 13:31:57,823 8968 INFO Asset odoo.addons.base.models.ir_cron: Job `payment: post-process transactions` done. 
2024-07-22 13:42:07,962 8968 INFO Asset odoo.addons.base.models.ir_cron: Starting job `payment: post-process transactions`. 
2024-07-22 13:42:07,968 8968 INFO Asset odoo.addons.base.models.ir_cron: Job `payment: post-process transactions` done. 
2024-07-22 13:52:18,164 8968 INFO Asset odoo.addons.base.models.ir_cron: Starting job `payment: post-process transactions`. 
2024-07-22 13:52:18,171 8968 INFO Asset odoo.addons.base.models.ir_cron: Job `payment: post-process transactions` done. 
2024-07-22 13:55:21,234 8968 INFO Asset odoo.addons.base.models.ir_cron: Starting job `Base: Auto-vacuum internal data`. 
2024-07-22 13:55:21,394 8968 INFO Asset odoo.addons.base.models.ir_attachment: filestore gc 116 checked, 5 removed 
2024-07-22 13:55:21,466 8968 INFO Asset odoo.addons.base.models.res_users: GC'd 1 user log entries 
2024-07-22 13:55:21,503 8968 INFO Asset odoo.models.unlink: User #1 deleted base.module.update records with IDs: [1] 
2024-07-22 13:55:21,527 8968 INFO Asset odoo.addons.auth_totp.models.auth_totp: GC'd 0 totp devices entries 
2024-07-22 13:55:21,558 8968 INFO Asset odoo.models.unlink: User #1 deleted bus.bus records with IDs: [5, 6, 7, 8, 9, 10, 11, 12, 13, 14, 15, 16, 17, 18, 19, 20, 21, 22, 23, 24, 25, 26, 27, 28, 29, 30, 31, 32, 33, 34, 35, 36, 37, 38, 39, 40, 41, 42, 43, 44, 45, 46, 47, 48, 49, 50, 51, 52, 53, 54, 55, 56, 57, 58, 59, 60, 61, 62, 63, 64, 65, 66, 67, 68, 69, 70, 71, 72, 73, 74, 75, 76, 77, 78, 79, 80, 81, 82, 83, 84, 85, 86, 87, 88, 89, 90, 91, 92, 93, 94, 95, 96, 97, 98, 99, 100, 101, 102, 103, 104, 105, 106, 107, 108, 109, 110, 111, 112, 113, 114, 115, 116, 117, 118, 119, 120, 121, 122, 123, 124, 125, 126, 127, 128, 129, 130, 131, 132, 133, 134, 135, 136, 137, 138, 139, 140, 141, 142, 143, 144, 145, 146, 147, 148, 149, 150, 151, 152, 153, 154, 155, 156, 157, 158, 159, 160, 161, 162, 163, 164, 165, 166, 167, 168, 169, 170, 171, 172, 173, 174, 175, 176] 
2024-07-22 13:55:22,003 8968 INFO Asset odoo.addons.base.models.ir_cron: Job `Base: Auto-vacuum internal data` done. 
2024-07-22 14:02:29,098 8968 INFO Asset odoo.addons.base.models.ir_cron: Starting job `payment: post-process transactions`. 
2024-07-22 14:02:29,104 8968 INFO Asset odoo.addons.base.models.ir_cron: Job `payment: post-process transactions` done. 
2024-07-22 14:08:39,176 8968 INFO Asset werkzeug: 127.0.0.1 - - [22/Jul/2024 14:08:39] "GET /websocket HTTP/1.1" 101 - 1 0.001 0.012
2024-07-22 14:11:36,129 8968 INFO Asset odoo.addons.base.models.ir_cron: Starting job `Notification: Send scheduled message notifications`. 
2024-07-22 14:11:36,136 8968 INFO Asset odoo.addons.base.models.ir_cron: Job `Notification: Send scheduled message notifications` done. 
2024-07-22 14:11:36,150 8968 INFO Asset odoo.addons.base.models.ir_cron: Starting job `Mail: Email Queue Manager`. 
2024-07-22 14:11:36,158 8968 INFO Asset odoo.addons.base.models.ir_cron: Job `Mail: Email Queue Manager` done. 
2024-07-22 14:12:36,173 8968 INFO Asset odoo.addons.base.models.ir_cron: Starting job `payment: post-process transactions`. 
2024-07-22 14:12:36,180 8968 INFO Asset odoo.addons.base.models.ir_cron: Job `payment: post-process transactions` done. 
2024-07-22 14:12:36,193 8968 INFO Asset odoo.addons.base.models.ir_cron: Starting job `Partner Autocomplete : Sync with remote DB`. 
2024-07-22 14:12:36,198 8968 INFO Asset odoo.addons.base.models.ir_cron: Job `Partner Autocomplete : Sync with remote DB` done. 
2024-07-22 14:12:36,210 8968 INFO Asset odoo.addons.base.models.ir_cron: Starting job `SMS: SMS Queue Manager`. 
2024-07-22 14:12:36,215 8968 INFO Asset odoo.addons.base.models.ir_cron: Job `SMS: SMS Queue Manager` done. 
2024-07-22 14:12:36,225 8968 INFO Asset odoo.addons.base.models.ir_cron: Starting job `Snailmail: process letters queue`. 
2024-07-22 14:12:36,233 8968 INFO Asset odoo.addons.base.models.ir_cron: Job `Snailmail: process letters queue` done. 
2024-07-22 14:22:36,291 8968 INFO Asset odoo.addons.base.models.ir_cron: Starting job `payment: post-process transactions`. 
2024-07-22 14:22:36,298 8968 INFO Asset odoo.addons.base.models.ir_cron: Job `payment: post-process transactions` done. 
2024-07-22 14:31:58,606 8968 INFO Asset odoo.addons.base.models.ir_cron: Starting job `payment: post-process transactions`. 
2024-07-22 14:31:58,616 8968 INFO Asset odoo.addons.base.models.ir_cron: Job `payment: post-process transactions` done. 
2024-07-22 14:42:08,817 8968 INFO Asset odoo.addons.base.models.ir_cron: Starting job `payment: post-process transactions`. 
2024-07-22 14:42:08,824 8968 INFO Asset odoo.addons.base.models.ir_cron: Job `payment: post-process transactions` done. 
2024-07-22 14:52:18,951 8968 INFO Asset odoo.addons.base.models.ir_cron: Starting job `payment: post-process transactions`. 
2024-07-22 14:52:18,957 8968 INFO Asset odoo.addons.base.models.ir_cron: Job `payment: post-process transactions` done. 
2024-07-22 15:02:29,193 8968 INFO Asset odoo.addons.base.models.ir_cron: Starting job `payment: post-process transactions`. 
2024-07-22 15:02:29,203 8968 INFO Asset odoo.addons.base.models.ir_cron: Job `payment: post-process transactions` done. 
2024-07-22 15:09:39,052 8968 INFO Asset werkzeug: 127.0.0.1 - - [22/Jul/2024 15:09:39] "GET /websocket HTTP/1.1" 101 - 1 0.006 0.004
2024-07-22 15:11:36,507 8968 INFO Asset odoo.addons.base.models.ir_cron: Starting job `Notification: Send scheduled message notifications`. 
2024-07-22 15:11:36,517 8968 INFO Asset odoo.addons.base.models.ir_cron: Job `Notification: Send scheduled message notifications` done. 
2024-07-22 15:11:36,527 8968 INFO Asset odoo.addons.base.models.ir_cron: Starting job `Mail: Email Queue Manager`. 
2024-07-22 15:11:36,527 8968 INFO Asset odoo.addons.base.models.ir_cron: Job `Mail: Email Queue Manager` done. 
2024-07-22 15:12:36,561 8968 INFO Asset odoo.addons.base.models.ir_cron: Starting job `Partner Autocomplete : Sync with remote DB`. 
2024-07-22 15:12:36,571 8968 INFO Asset odoo.addons.base.models.ir_cron: Job `Partner Autocomplete : Sync with remote DB` done. 
2024-07-22 15:12:36,581 8968 INFO Asset odoo.addons.base.models.ir_cron: Starting job `SMS: SMS Queue Manager`. 
2024-07-22 15:12:36,581 8968 INFO Asset odoo.addons.base.models.ir_cron: Job `SMS: SMS Queue Manager` done. 
2024-07-22 15:12:36,591 8968 INFO Asset odoo.addons.base.models.ir_cron: Starting job `Snailmail: process letters queue`. 
2024-07-22 15:12:36,601 8968 INFO Asset odoo.addons.base.models.ir_cron: Job `Snailmail: process letters queue` done. 
2024-07-22 15:12:36,611 8968 INFO Asset odoo.addons.base.models.ir_cron: Starting job `payment: post-process transactions`. 
2024-07-22 15:12:36,611 8968 INFO Asset odoo.addons.base.models.ir_cron: Job `payment: post-process transactions` done. 
2024-07-22 15:22:36,655 8968 INFO Asset odoo.addons.base.models.ir_cron: Starting job `payment: post-process transactions`. 
2024-07-22 15:22:36,665 8968 INFO Asset odoo.addons.base.models.ir_cron: Job `payment: post-process transactions` done. 
2024-07-22 15:31:58,840 8968 INFO Asset odoo.addons.base.models.ir_cron: Starting job `payment: post-process transactions`. 
2024-07-22 15:31:58,848 8968 INFO Asset odoo.addons.base.models.ir_cron: Job `payment: post-process transactions` done. 
2024-07-22 15:42:09,058 8968 INFO Asset odoo.addons.base.models.ir_cron: Starting job `payment: post-process transactions`. 
2024-07-22 15:42:09,068 8968 INFO Asset odoo.addons.base.models.ir_cron: Job `payment: post-process transactions` done. 
2024-07-22 15:52:19,331 8968 INFO Asset odoo.addons.base.models.ir_cron: Starting job `payment: post-process transactions`. 
2024-07-22 15:52:19,331 8968 INFO Asset odoo.addons.base.models.ir_cron: Job `payment: post-process transactions` done. 
2024-07-22 16:02:29,567 8968 INFO Asset odoo.addons.base.models.ir_cron: Starting job `payment: post-process transactions`. 
2024-07-22 16:02:29,577 8968 INFO Asset odoo.addons.base.models.ir_cron: Job `payment: post-process transactions` done. 
2024-07-22 16:11:36,884 8968 INFO Asset odoo.addons.base.models.ir_cron: Starting job `Mail: Email Queue Manager`. 
2024-07-22 16:11:36,894 8968 INFO Asset odoo.addons.base.models.ir_cron: Job `Mail: Email Queue Manager` done. 
2024-07-22 16:11:36,914 8968 INFO Asset odoo.addons.base.models.ir_cron: Starting job `Notification: Send scheduled message notifications`. 
2024-07-22 16:11:36,914 8968 INFO Asset odoo.addons.base.models.ir_cron: Job `Notification: Send scheduled message notifications` done. 
2024-07-22 16:12:36,928 8968 INFO Asset odoo.addons.base.models.ir_cron: Starting job `Partner Autocomplete : Sync with remote DB`. 
2024-07-22 16:12:36,938 8968 INFO Asset odoo.addons.base.models.ir_cron: Job `Partner Autocomplete : Sync with remote DB` done. 
2024-07-22 16:12:36,948 8968 INFO Asset odoo.addons.base.models.ir_cron: Starting job `SMS: SMS Queue Manager`. 
2024-07-22 16:12:36,948 8968 INFO Asset odoo.addons.base.models.ir_cron: Job `SMS: SMS Queue Manager` done. 
2024-07-22 16:12:36,965 8968 INFO Asset odoo.addons.base.models.ir_cron: Starting job `Snailmail: process letters queue`. 
2024-07-22 16:12:36,969 8968 INFO Asset odoo.addons.base.models.ir_cron: Job `Snailmail: process letters queue` done. 
2024-07-22 16:12:36,974 8968 INFO Asset odoo.addons.base.models.ir_cron: Starting job `payment: post-process transactions`. 
2024-07-22 16:12:36,984 8968 INFO Asset odoo.addons.base.models.ir_cron: Job `payment: post-process transactions` done. 
2024-07-22 16:21:39,346 8968 INFO Asset werkzeug: 127.0.0.1 - - [22/Jul/2024 16:21:39] "GET /websocket HTTP/1.1" 101 - 1 0.000 0.008
2024-07-22 16:22:37,042 8968 INFO Asset odoo.addons.base.models.ir_cron: Starting job `payment: post-process transactions`. 
2024-07-22 16:22:37,052 8968 INFO Asset odoo.addons.base.models.ir_cron: Job `payment: post-process transactions` done. 
2024-07-22 16:31:59,196 8968 INFO Asset odoo.addons.base.models.ir_cron: Starting job `payment: post-process transactions`. 
2024-07-22 16:31:59,196 8968 INFO Asset odoo.addons.base.models.ir_cron: Job `payment: post-process transactions` done. 
2024-07-22 16:42:09,433 8968 INFO Asset odoo.addons.base.models.ir_cron: Starting job `payment: post-process transactions`. 
2024-07-22 16:42:09,440 8968 INFO Asset odoo.addons.base.models.ir_cron: Job `payment: post-process transactions` done. 
2024-07-22 16:52:19,657 8968 INFO Asset odoo.addons.base.models.ir_cron: Starting job `payment: post-process transactions`. 
2024-07-22 16:52:19,664 8968 INFO Asset odoo.addons.base.models.ir_cron: Job `payment: post-process transactions` done. 
2024-07-22 17:02:29,907 8968 INFO Asset odoo.addons.base.models.ir_cron: Starting job `payment: post-process transactions`. 
2024-07-22 17:02:29,917 8968 INFO Asset odoo.addons.base.models.ir_cron: Job `payment: post-process transactions` done. 
2024-07-22 17:11:37,276 8968 INFO Asset odoo.addons.base.models.ir_cron: Starting job `Mail: Email Queue Manager`. 
2024-07-22 17:11:37,286 8968 INFO Asset odoo.addons.base.models.ir_cron: Job `Mail: Email Queue Manager` done. 
2024-07-22 17:11:37,296 8968 INFO Asset odoo.addons.base.models.ir_cron: Starting job `Notification: Send scheduled message notifications`. 
2024-07-22 17:11:37,306 8968 INFO Asset odoo.addons.base.models.ir_cron: Job `Notification: Send scheduled message notifications` done. 
2024-07-22 17:12:37,323 8968 INFO Asset odoo.addons.base.models.ir_cron: Starting job `payment: post-process transactions`. 
2024-07-22 17:12:37,333 8968 INFO Asset odoo.addons.base.models.ir_cron: Job `payment: post-process transactions` done. 
2024-07-22 17:12:37,343 8968 INFO Asset odoo.addons.base.models.ir_cron: Starting job `Partner Autocomplete : Sync with remote DB`. 
2024-07-22 17:12:37,343 8968 INFO Asset odoo.addons.base.models.ir_cron: Job `Partner Autocomplete : Sync with remote DB` done. 
2024-07-22 17:12:37,363 8968 INFO Asset odoo.addons.base.models.ir_cron: Starting job `SMS: SMS Queue Manager`. 
2024-07-22 17:12:37,363 8968 INFO Asset odoo.addons.base.models.ir_cron: Job `SMS: SMS Queue Manager` done. 
2024-07-22 17:12:37,373 8968 INFO Asset odoo.addons.base.models.ir_cron: Starting job `Snailmail: process letters queue`. 
2024-07-22 17:12:37,383 8968 INFO Asset odoo.addons.base.models.ir_cron: Job `Snailmail: process letters queue` done. 
2024-07-22 17:22:37,425 8968 INFO Asset odoo.addons.base.models.ir_cron: Starting job `payment: post-process transactions`. 
2024-07-22 17:22:37,435 8968 INFO Asset odoo.addons.base.models.ir_cron: Job `payment: post-process transactions` done. 
2024-07-22 17:31:59,559 8968 INFO Asset odoo.addons.base.models.ir_cron: Starting job `payment: post-process transactions`. 
2024-07-22 17:31:59,563 8968 INFO Asset odoo.addons.base.models.ir_cron: Job `payment: post-process transactions` done. 
2024-07-22 17:33:39,384 8968 INFO Asset werkzeug: 127.0.0.1 - - [22/Jul/2024 17:33:39] "GET /websocket HTTP/1.1" 101 - 1 0.000 0.011
2024-07-22 17:42:09,760 8968 INFO Asset odoo.addons.base.models.ir_cron: Starting job `payment: post-process transactions`. 
2024-07-22 17:42:09,770 8968 INFO Asset odoo.addons.base.models.ir_cron: Job `payment: post-process transactions` done. 
2024-07-22 17:52:20,036 8968 INFO Asset odoo.addons.base.models.ir_cron: Starting job `payment: post-process transactions`. 
2024-07-22 17:52:20,036 8968 INFO Asset odoo.addons.base.models.ir_cron: Job `payment: post-process transactions` done. 
2024-07-22 18:02:30,253 8968 INFO Asset odoo.addons.base.models.ir_cron: Starting job `payment: post-process transactions`. 
2024-07-22 18:02:30,256 8968 INFO Asset odoo.addons.base.models.ir_cron: Job `payment: post-process transactions` done. 
2024-07-22 18:11:37,649 8968 INFO Asset odoo.addons.base.models.ir_cron: Starting job `Mail: Email Queue Manager`. 
2024-07-22 18:11:37,659 8968 INFO Asset odoo.addons.base.models.ir_cron: Job `Mail: Email Queue Manager` done. 
2024-07-22 18:11:37,669 8968 INFO Asset odoo.addons.base.models.ir_cron: Starting job `Notification: Send scheduled message notifications`. 
2024-07-22 18:11:37,669 8968 INFO Asset odoo.addons.base.models.ir_cron: Job `Notification: Send scheduled message notifications` done. 
2024-07-22 18:12:37,687 8968 INFO Asset odoo.addons.base.models.ir_cron: Starting job `payment: post-process transactions`. 
2024-07-22 18:12:37,692 8968 INFO Asset odoo.addons.base.models.ir_cron: Job `payment: post-process transactions` done. 
2024-07-22 18:12:37,697 8968 INFO Asset odoo.addons.base.models.ir_cron: Starting job `Partner Autocomplete : Sync with remote DB`. 
2024-07-22 18:12:37,707 8968 INFO Asset odoo.addons.base.models.ir_cron: Job `Partner Autocomplete : Sync with remote DB` done. 
2024-07-22 18:12:37,717 8968 INFO Asset odoo.addons.base.models.ir_cron: Starting job `SMS: SMS Queue Manager`. 
2024-07-22 18:12:37,717 8968 INFO Asset odoo.addons.base.models.ir_cron: Job `SMS: SMS Queue Manager` done. 
2024-07-22 18:12:37,737 8968 INFO Asset odoo.addons.base.models.ir_cron: Starting job `Snailmail: process letters queue`. 
2024-07-22 18:12:37,737 8968 INFO Asset odoo.addons.base.models.ir_cron: Job `Snailmail: process letters queue` done. 
2024-07-22 18:22:37,806 8968 INFO Asset odoo.addons.base.models.ir_cron: Starting job `payment: post-process transactions`. 
2024-07-22 18:22:37,818 8968 INFO Asset odoo.addons.base.models.ir_cron: Job `payment: post-process transactions` done. 
2024-07-22 18:31:59,921 8968 INFO Asset odoo.addons.base.models.ir_cron: Starting job `payment: post-process transactions`. 
2024-07-22 18:31:59,931 8968 INFO Asset odoo.addons.base.models.ir_cron: Job `payment: post-process transactions` done. 
2024-07-22 18:42:10,199 8968 INFO Asset odoo.addons.base.models.ir_cron: Starting job `payment: post-process transactions`. 
2024-07-22 18:42:10,210 8968 INFO Asset odoo.addons.base.models.ir_cron: Job `payment: post-process transactions` done. 
2024-07-22 18:52:20,413 8968 INFO Asset odoo.addons.base.models.ir_cron: Starting job `payment: post-process transactions`. 
2024-07-22 18:52:20,413 8968 INFO Asset odoo.addons.base.models.ir_cron: Job `payment: post-process transactions` done. 
2024-07-22 18:59:39,568 8968 INFO Asset werkzeug: 127.0.0.1 - - [22/Jul/2024 18:59:39] "GET /websocket HTTP/1.1" 101 - 1 0.000 0.011
2024-07-22 19:02:30,661 8968 INFO Asset odoo.addons.base.models.ir_cron: Starting job `payment: post-process transactions`. 
2024-07-22 19:02:30,663 8968 INFO Asset odoo.addons.base.models.ir_cron: Job `payment: post-process transactions` done. 
2024-07-22 19:11:38,021 8968 INFO Asset odoo.addons.base.models.ir_cron: Starting job `Mail: Email Queue Manager`. 
2024-07-22 19:11:38,034 8968 INFO Asset odoo.addons.base.models.ir_cron: Job `Mail: Email Queue Manager` done. 
2024-07-22 19:11:38,045 8968 INFO Asset odoo.addons.base.models.ir_cron: Starting job `Notification: Send scheduled message notifications`. 
2024-07-22 19:11:38,050 8968 INFO Asset odoo.addons.base.models.ir_cron: Job `Notification: Send scheduled message notifications` done. 
2024-07-22 19:12:38,068 8968 INFO Asset odoo.addons.base.models.ir_cron: Starting job `Partner Autocomplete : Sync with remote DB`. 
2024-07-22 19:12:38,078 8968 INFO Asset odoo.addons.base.models.ir_cron: Job `Partner Autocomplete : Sync with remote DB` done. 
2024-07-22 19:12:38,091 8968 INFO Asset odoo.addons.base.models.ir_cron: Starting job `SMS: SMS Queue Manager`. 
2024-07-22 19:12:38,096 8968 INFO Asset odoo.addons.base.models.ir_cron: Job `SMS: SMS Queue Manager` done. 
2024-07-22 19:12:38,106 8968 INFO Asset odoo.addons.base.models.ir_cron: Starting job `Snailmail: process letters queue`. 
2024-07-22 19:12:38,106 8968 INFO Asset odoo.addons.base.models.ir_cron: Job `Snailmail: process letters queue` done. 
2024-07-22 19:12:38,116 8968 INFO Asset odoo.addons.base.models.ir_cron: Starting job `payment: post-process transactions`. 
2024-07-22 19:12:38,126 8968 INFO Asset odoo.addons.base.models.ir_cron: Job `payment: post-process transactions` done. 
2024-07-22 19:21:50,099 8968 INFO Asset odoo.addons.base.models.ir_cron: Starting job `payment: post-process transactions`. 
2024-07-22 19:21:50,109 8968 INFO Asset odoo.addons.base.models.ir_cron: Job `payment: post-process transactions` done. 
2024-07-22 19:32:00,361 8968 INFO Asset odoo.addons.base.models.ir_cron: Starting job `payment: post-process transactions`. 
2024-07-22 19:32:00,367 8968 INFO Asset odoo.addons.base.models.ir_cron: Job `payment: post-process transactions` done. 
2024-07-22 19:42:10,554 8968 INFO Asset odoo.addons.base.models.ir_cron: Starting job `payment: post-process transactions`. 
2024-07-22 19:42:10,564 8968 INFO Asset odoo.addons.base.models.ir_cron: Job `payment: post-process transactions` done. 
2024-07-22 19:52:20,798 8968 INFO Asset odoo.addons.base.models.ir_cron: Starting job `payment: post-process transactions`. 
2024-07-22 19:52:20,808 8968 INFO Asset odoo.addons.base.models.ir_cron: Job `payment: post-process transactions` done. 
2024-07-22 20:02:31,060 8968 INFO Asset odoo.addons.base.models.ir_cron: Starting job `payment: post-process transactions`. 
2024-07-22 20:02:31,067 8968 INFO Asset odoo.addons.base.models.ir_cron: Job `payment: post-process transactions` done. 
2024-07-22 20:07:08,646 8968 INFO Asset werkzeug: 127.0.0.1 - - [22/Jul/2024 20:07:08] "GET /websocket HTTP/1.1" 101 - 1 0.000 0.010
2024-07-22 20:11:38,388 8968 INFO Asset odoo.addons.base.models.ir_cron: Starting job `Mail: Email Queue Manager`. 
2024-07-22 20:11:38,398 8968 INFO Asset odoo.addons.base.models.ir_cron: Job `Mail: Email Queue Manager` done. 
2024-07-22 20:11:38,408 8968 INFO Asset odoo.addons.base.models.ir_cron: Starting job `Notification: Send scheduled message notifications`. 
2024-07-22 20:11:38,418 8968 INFO Asset odoo.addons.base.models.ir_cron: Job `Notification: Send scheduled message notifications` done. 
2024-07-22 20:12:38,435 8968 INFO Asset odoo.addons.base.models.ir_cron: Starting job `Partner Autocomplete : Sync with remote DB`. 
2024-07-22 20:12:38,435 8968 INFO Asset odoo.addons.base.models.ir_cron: Job `Partner Autocomplete : Sync with remote DB` done. 
2024-07-22 20:12:38,445 8968 INFO Asset odoo.addons.base.models.ir_cron: Starting job `SMS: SMS Queue Manager`. 
2024-07-22 20:12:38,455 8968 INFO Asset odoo.addons.base.models.ir_cron: Job `SMS: SMS Queue Manager` done. 
2024-07-22 20:12:38,465 8968 INFO Asset odoo.addons.base.models.ir_cron: Starting job `Snailmail: process letters queue`. 
2024-07-22 20:12:38,465 8968 INFO Asset odoo.addons.base.models.ir_cron: Job `Snailmail: process letters queue` done. 
2024-07-22 20:12:38,475 8968 INFO Asset odoo.addons.base.models.ir_cron: Starting job `payment: post-process transactions`. 
2024-07-22 20:12:38,489 8968 INFO Asset odoo.addons.base.models.ir_cron: Job `payment: post-process transactions` done. 
2024-07-22 20:21:50,507 8968 INFO Asset odoo.addons.base.models.ir_cron: Starting job `payment: post-process transactions`. 
2024-07-22 20:21:50,507 8968 INFO Asset odoo.addons.base.models.ir_cron: Job `payment: post-process transactions` done. 
2024-07-22 20:32:00,715 8968 INFO Asset odoo.addons.base.models.ir_cron: Starting job `payment: post-process transactions`. 
2024-07-22 20:32:00,731 8968 INFO Asset odoo.addons.base.models.ir_cron: Job `payment: post-process transactions` done. 
2024-07-22 20:42:10,988 8968 INFO Asset odoo.addons.base.models.ir_cron: Starting job `payment: post-process transactions`. 
2024-07-22 20:42:10,998 8968 INFO Asset odoo.addons.base.models.ir_cron: Job `payment: post-process transactions` done. 
2024-07-22 20:52:21,221 8968 INFO Asset odoo.addons.base.models.ir_cron: Starting job `payment: post-process transactions`. 
2024-07-22 20:52:21,221 8968 INFO Asset odoo.addons.base.models.ir_cron: Job `payment: post-process transactions` done. 
2024-07-22 21:02:31,454 8968 INFO Asset odoo.addons.base.models.ir_cron: Starting job `payment: post-process transactions`. 
2024-07-22 21:02:31,454 8968 INFO Asset odoo.addons.base.models.ir_cron: Job `payment: post-process transactions` done. 
2024-07-22 21:11:38,785 8968 INFO Asset odoo.addons.base.models.ir_cron: Starting job `Mail: Email Queue Manager`. 
2024-07-22 21:11:38,795 8968 INFO Asset odoo.addons.base.models.ir_cron: Job `Mail: Email Queue Manager` done. 
2024-07-22 21:11:38,805 8968 INFO Asset odoo.addons.base.models.ir_cron: Starting job `Notification: Send scheduled message notifications`. 
2024-07-22 21:11:38,815 8968 INFO Asset odoo.addons.base.models.ir_cron: Job `Notification: Send scheduled message notifications` done. 
2024-07-22 21:12:38,831 8968 INFO Asset odoo.addons.base.models.ir_cron: Starting job `payment: post-process transactions`. 
2024-07-22 21:12:38,836 8968 INFO Asset odoo.addons.base.models.ir_cron: Job `payment: post-process transactions` done. 
2024-07-22 21:12:38,848 8968 INFO Asset odoo.addons.base.models.ir_cron: Starting job `Partner Autocomplete : Sync with remote DB`. 
2024-07-22 21:12:38,848 8968 INFO Asset odoo.addons.base.models.ir_cron: Job `Partner Autocomplete : Sync with remote DB` done. 
2024-07-22 21:12:38,858 8968 INFO Asset odoo.addons.base.models.ir_cron: Starting job `SMS: SMS Queue Manager`. 
2024-07-22 21:12:38,868 8968 INFO Asset odoo.addons.base.models.ir_cron: Job `SMS: SMS Queue Manager` done. 
2024-07-22 21:12:38,878 8968 INFO Asset odoo.addons.base.models.ir_cron: Starting job `Snailmail: process letters queue`. 
2024-07-22 21:12:38,878 8968 INFO Asset odoo.addons.base.models.ir_cron: Job `Snailmail: process letters queue` done. 
2024-07-22 21:21:50,890 8968 INFO Asset odoo.addons.base.models.ir_cron: Starting job `payment: post-process transactions`. 
2024-07-22 21:21:50,900 8968 INFO Asset odoo.addons.base.models.ir_cron: Job `payment: post-process transactions` done. 
2024-07-22 21:22:38,777 8968 INFO Asset werkzeug: 127.0.0.1 - - [22/Jul/2024 21:22:38] "GET /websocket HTTP/1.1" 101 - 1 0.000 0.010
2024-07-22 21:32:01,172 8968 INFO Asset odoo.addons.base.models.ir_cron: Starting job `payment: post-process transactions`. 
2024-07-22 21:32:01,182 8968 INFO Asset odoo.addons.base.models.ir_cron: Job `payment: post-process transactions` done. 
2024-07-22 21:42:11,338 8968 INFO Asset odoo.addons.base.models.ir_cron: Starting job `payment: post-process transactions`. 
2024-07-22 21:42:11,348 8968 INFO Asset odoo.addons.base.models.ir_cron: Job `payment: post-process transactions` done. 
2024-07-22 21:52:21,573 8968 INFO Asset odoo.addons.base.models.ir_cron: Starting job `payment: post-process transactions`. 
2024-07-22 21:52:21,583 8968 INFO Asset odoo.addons.base.models.ir_cron: Job `payment: post-process transactions` done. 
2024-07-22 22:02:31,795 8968 INFO Asset odoo.addons.base.models.ir_cron: Starting job `payment: post-process transactions`. 
2024-07-22 22:02:31,805 8968 INFO Asset odoo.addons.base.models.ir_cron: Job `payment: post-process transactions` done. 
2024-07-22 22:11:39,178 8968 INFO Asset odoo.addons.base.models.ir_cron: Starting job `Mail: Email Queue Manager`. 
2024-07-22 22:11:39,183 8968 INFO Asset odoo.addons.base.models.ir_cron: Job `Mail: Email Queue Manager` done. 
2024-07-22 22:11:39,196 8968 INFO Asset odoo.addons.base.models.ir_cron: Starting job `Notification: Send scheduled message notifications`. 
2024-07-22 22:11:39,196 8968 INFO Asset odoo.addons.base.models.ir_cron: Job `Notification: Send scheduled message notifications` done. 
2024-07-22 22:12:39,218 8968 INFO Asset odoo.addons.base.models.ir_cron: Starting job `payment: post-process transactions`. 
2024-07-22 22:12:39,218 8968 INFO Asset odoo.addons.base.models.ir_cron: Job `payment: post-process transactions` done. 
2024-07-22 22:12:39,238 8968 INFO Asset odoo.addons.base.models.ir_cron: Starting job `Account: Journal online sync`. 
2024-07-22 22:12:39,238 8968 INFO Asset odoo.addons.base.models.ir_cron: Job `Account: Journal online sync` done. 
2024-07-22 22:12:39,248 8968 INFO Asset odoo.addons.base.models.ir_cron: Starting job `Partner Autocomplete : Sync with remote DB`. 
2024-07-22 22:12:39,258 8968 INFO Asset odoo.addons.base.models.ir_cron: Job `Partner Autocomplete : Sync with remote DB` done. 
2024-07-22 22:12:39,258 8968 INFO Asset odoo.addons.base.models.ir_cron: Starting job `SMS: SMS Queue Manager`. 
2024-07-22 22:12:39,268 8968 INFO Asset odoo.addons.base.models.ir_cron: Job `SMS: SMS Queue Manager` done. 
2024-07-22 22:12:39,278 8968 INFO Asset odoo.addons.base.models.ir_cron: Starting job `Snailmail: process letters queue`. 
2024-07-22 22:12:39,288 8968 INFO Asset odoo.addons.base.models.ir_cron: Job `Snailmail: process letters queue` done. 
2024-07-22 22:21:51,248 8968 INFO Asset odoo.addons.base.models.ir_cron: Starting job `payment: post-process transactions`. 
2024-07-22 22:21:51,258 8968 INFO Asset odoo.addons.base.models.ir_cron: Job `payment: post-process transactions` done. 
2024-07-22 22:27:09,003 8968 INFO Asset werkzeug: 127.0.0.1 - - [22/Jul/2024 22:27:09] "GET /websocket HTTP/1.1" 101 - 1 0.000 0.010
2024-07-22 22:32:01,459 8968 INFO Asset odoo.addons.base.models.ir_cron: Starting job `payment: post-process transactions`. 
2024-07-22 22:32:01,469 8968 INFO Asset odoo.addons.base.models.ir_cron: Job `payment: post-process transactions` done. 
2024-07-22 22:42:11,713 8968 INFO Asset odoo.addons.base.models.ir_cron: Starting job `payment: post-process transactions`. 
2024-07-22 22:42:11,723 8968 INFO Asset odoo.addons.base.models.ir_cron: Job `payment: post-process transactions` done. 
2024-07-22 22:52:21,963 8968 INFO Asset odoo.addons.base.models.ir_cron: Starting job `payment: post-process transactions`. 
2024-07-22 22:52:21,973 8968 INFO Asset odoo.addons.base.models.ir_cron: Job `payment: post-process transactions` done. 
2024-07-22 23:02:32,172 8968 INFO Asset odoo.addons.base.models.ir_cron: Starting job `payment: post-process transactions`. 
2024-07-22 23:02:32,178 8968 INFO Asset odoo.addons.base.models.ir_cron: Job `payment: post-process transactions` done. 
2024-07-22 23:11:39,596 8968 INFO Asset odoo.addons.base.models.ir_cron: Starting job `Mail: Email Queue Manager`. 
2024-07-22 23:11:39,606 8968 INFO Asset odoo.addons.base.models.ir_cron: Job `Mail: Email Queue Manager` done. 
2024-07-22 23:11:39,612 8968 INFO Asset odoo.addons.base.models.ir_cron: Starting job `Notification: Send scheduled message notifications`. 
2024-07-22 23:11:39,622 8968 INFO Asset odoo.addons.base.models.ir_cron: Job `Notification: Send scheduled message notifications` done. 
2024-07-22 23:12:39,634 8968 INFO Asset odoo.addons.base.models.ir_cron: Starting job `Partner Autocomplete : Sync with remote DB`. 
2024-07-22 23:12:39,644 8968 INFO Asset odoo.addons.base.models.ir_cron: Job `Partner Autocomplete : Sync with remote DB` done. 
2024-07-22 23:12:39,654 8968 INFO Asset odoo.addons.base.models.ir_cron: Starting job `SMS: SMS Queue Manager`. 
2024-07-22 23:12:39,654 8968 INFO Asset odoo.addons.base.models.ir_cron: Job `SMS: SMS Queue Manager` done. 
2024-07-22 23:12:39,674 8968 INFO Asset odoo.addons.base.models.ir_cron: Starting job `Snailmail: process letters queue`. 
2024-07-22 23:12:39,674 8968 INFO Asset odoo.addons.base.models.ir_cron: Job `Snailmail: process letters queue` done. 
2024-07-22 23:12:39,692 8968 INFO Asset odoo.addons.base.models.ir_cron: Starting job `payment: post-process transactions`. 
2024-07-22 23:12:39,697 8968 INFO Asset odoo.addons.base.models.ir_cron: Job `payment: post-process transactions` done. 
2024-07-22 23:21:51,625 8968 INFO Asset odoo.addons.base.models.ir_cron: Starting job `payment: post-process transactions`. 
2024-07-22 23:21:51,635 8968 INFO Asset odoo.addons.base.models.ir_cron: Job `payment: post-process transactions` done. 
2024-07-22 23:32:01,882 8968 INFO Asset odoo.addons.base.models.ir_cron: Starting job `payment: post-process transactions`. 
2024-07-22 23:32:01,892 8968 INFO Asset odoo.addons.base.models.ir_cron: Job `payment: post-process transactions` done. 
2024-07-22 23:42:12,101 8968 INFO Asset odoo.addons.base.models.ir_cron: Starting job `payment: post-process transactions`. 
2024-07-22 23:42:12,111 8968 INFO Asset odoo.addons.base.models.ir_cron: Job `payment: post-process transactions` done. 
2024-07-22 23:52:09,127 8968 INFO Asset werkzeug: 127.0.0.1 - - [22/Jul/2024 23:52:09] "GET /websocket HTTP/1.1" 101 - 1 0.000 0.010
2024-07-22 23:52:22,355 8968 INFO Asset odoo.addons.base.models.ir_cron: Starting job `payment: post-process transactions`. 
2024-07-22 23:52:22,365 8968 INFO Asset odoo.addons.base.models.ir_cron: Job `payment: post-process transactions` done. 
2024-07-23 00:02:32,584 8968 INFO Asset odoo.addons.base.models.ir_cron: Starting job `payment: post-process transactions`. 
2024-07-23 00:02:32,590 8968 INFO Asset odoo.addons.base.models.ir_cron: Job `payment: post-process transactions` done. 
2024-07-23 00:11:39,920 8968 INFO Asset odoo.addons.base.models.ir_cron: Starting job `Mail: Email Queue Manager`. 
2024-07-23 00:11:39,930 8968 INFO Asset odoo.addons.base.models.ir_cron: Job `Mail: Email Queue Manager` done. 
2024-07-23 00:11:39,940 8968 INFO Asset odoo.addons.base.models.ir_cron: Starting job `Notification: Send scheduled message notifications`. 
2024-07-23 00:11:39,940 8968 INFO Asset odoo.addons.base.models.ir_cron: Job `Notification: Send scheduled message notifications` done. 
2024-07-23 00:12:39,962 8968 INFO Asset odoo.addons.base.models.ir_cron: Starting job `Partner Autocomplete : Sync with remote DB`. 
2024-07-23 00:12:39,972 8968 INFO Asset odoo.addons.base.models.ir_cron: Job `Partner Autocomplete : Sync with remote DB` done. 
2024-07-23 00:12:39,982 8968 INFO Asset odoo.addons.base.models.ir_cron: Starting job `SMS: SMS Queue Manager`. 
2024-07-23 00:12:39,993 8968 INFO Asset odoo.addons.base.models.ir_cron: Job `SMS: SMS Queue Manager` done. 
2024-07-23 00:12:40,002 8968 INFO Asset odoo.addons.base.models.ir_cron: Starting job `Snailmail: process letters queue`. 
2024-07-23 00:12:40,002 8968 INFO Asset odoo.addons.base.models.ir_cron: Job `Snailmail: process letters queue` done. 
2024-07-23 00:12:40,012 8968 INFO Asset odoo.addons.base.models.ir_cron: Starting job `payment: post-process transactions`. 
2024-07-23 00:12:40,025 8968 INFO Asset odoo.addons.base.models.ir_cron: Job `payment: post-process transactions` done. 
2024-07-23 00:21:52,010 8968 INFO Asset odoo.addons.base.models.ir_cron: Starting job `payment: post-process transactions`. 
2024-07-23 00:21:52,020 8968 INFO Asset odoo.addons.base.models.ir_cron: Job `payment: post-process transactions` done. 
2024-07-23 00:32:02,226 8968 INFO Asset odoo.addons.base.models.ir_cron: Starting job `payment: post-process transactions`. 
2024-07-23 00:32:02,236 8968 INFO Asset odoo.addons.base.models.ir_cron: Job `payment: post-process transactions` done. 
2024-07-23 00:42:12,477 8968 INFO Asset odoo.addons.base.models.ir_cron: Starting job `payment: post-process transactions`. 
2024-07-23 00:42:12,487 8968 INFO Asset odoo.addons.base.models.ir_cron: Job `payment: post-process transactions` done. 
2024-07-23 00:52:22,725 8968 INFO Asset odoo.addons.base.models.ir_cron: Starting job `payment: post-process transactions`. 
2024-07-23 00:52:22,735 8968 INFO Asset odoo.addons.base.models.ir_cron: Job `payment: post-process transactions` done. 
2024-07-23 01:02:32,948 8968 INFO Asset odoo.addons.base.models.ir_cron: Starting job `payment: post-process transactions`. 
2024-07-23 01:02:32,959 8968 INFO Asset odoo.addons.base.models.ir_cron: Job `payment: post-process transactions` done. 
2024-07-23 01:11:40,329 8968 INFO Asset odoo.addons.base.models.ir_cron: Starting job `Mail: Email Queue Manager`. 
2024-07-23 01:11:40,339 8968 INFO Asset odoo.addons.base.models.ir_cron: Job `Mail: Email Queue Manager` done. 
2024-07-23 01:11:40,349 8968 INFO Asset odoo.addons.base.models.ir_cron: Starting job `Notification: Send scheduled message notifications`. 
2024-07-23 01:11:40,359 8968 INFO Asset odoo.addons.base.models.ir_cron: Job `Notification: Send scheduled message notifications` done. 
2024-07-23 01:12:40,375 8968 INFO Asset odoo.addons.base.models.ir_cron: Starting job `payment: post-process transactions`. 
2024-07-23 01:12:40,385 8968 INFO Asset odoo.addons.base.models.ir_cron: Job `payment: post-process transactions` done. 
2024-07-23 01:12:40,395 8968 INFO Asset odoo.addons.base.models.ir_cron: Starting job `Partner Autocomplete : Sync with remote DB`. 
2024-07-23 01:12:40,395 8968 INFO Asset odoo.addons.base.models.ir_cron: Job `Partner Autocomplete : Sync with remote DB` done. 
2024-07-23 01:12:40,405 8968 INFO Asset odoo.addons.base.models.ir_cron: Starting job `SMS: SMS Queue Manager`. 
2024-07-23 01:12:40,415 8968 INFO Asset odoo.addons.base.models.ir_cron: Job `SMS: SMS Queue Manager` done. 
2024-07-23 01:12:40,425 8968 INFO Asset odoo.addons.base.models.ir_cron: Starting job `Snailmail: process letters queue`. 
2024-07-23 01:12:40,425 8968 INFO Asset odoo.addons.base.models.ir_cron: Job `Snailmail: process letters queue` done. 
2024-07-23 01:19:53,570 8968 INFO Asset werkzeug: 127.0.0.1 - - [23/Jul/2024 01:19:53] "GET /websocket HTTP/1.1" 101 - 1 0.000 0.010
2024-07-23 01:21:52,379 8968 INFO Asset odoo.addons.base.models.ir_cron: Starting job `payment: post-process transactions`. 
2024-07-23 01:21:52,389 8968 INFO Asset odoo.addons.base.models.ir_cron: Job `payment: post-process transactions` done. 
2024-07-23 01:32:02,613 8968 INFO Asset odoo.addons.base.models.ir_cron: Starting job `payment: post-process transactions`. 
2024-07-23 01:32:02,623 8968 INFO Asset odoo.addons.base.models.ir_cron: Job `payment: post-process transactions` done. 
2024-07-23 01:42:12,852 8968 INFO Asset odoo.addons.base.models.ir_cron: Starting job `payment: post-process transactions`. 
2024-07-23 01:42:12,862 8968 INFO Asset odoo.addons.base.models.ir_cron: Job `payment: post-process transactions` done. 
2024-07-23 01:52:23,087 8968 INFO Asset odoo.addons.base.models.ir_cron: Starting job `payment: post-process transactions`. 
2024-07-23 01:52:23,097 8968 INFO Asset odoo.addons.base.models.ir_cron: Job `payment: post-process transactions` done. 
2024-07-23 02:00:31,263 8968 INFO Asset odoo.addons.base.models.ir_cron: Starting job `Account: Post draft entries with auto_post enabled and accounting date up to today`. 
2024-07-23 02:00:31,275 8968 INFO Asset odoo.addons.base.models.ir_cron: Job `Account: Post draft entries with auto_post enabled and accounting date up to today` done. 
2024-07-23 02:00:31,286 8968 INFO Asset odoo.addons.base.models.ir_cron: Starting job `Account Report Followup; Execute followup`. 
2024-07-23 02:00:31,336 8968 INFO Asset odoo.addons.base.models.ir_cron: Job `Account Report Followup; Execute followup` done. 
2024-07-23 02:02:33,402 8968 INFO Asset odoo.addons.base.models.ir_cron: Starting job `payment: post-process transactions`. 
2024-07-23 02:02:33,412 8968 INFO Asset odoo.addons.base.models.ir_cron: Job `payment: post-process transactions` done. 
2024-07-23 02:11:40,716 8968 INFO Asset odoo.addons.base.models.ir_cron: Starting job `Mail: Email Queue Manager`. 
2024-07-23 02:11:40,726 8968 INFO Asset odoo.addons.base.models.ir_cron: Job `Mail: Email Queue Manager` done. 
2024-07-23 02:11:40,738 8968 INFO Asset odoo.addons.base.models.ir_cron: Starting job `Notification: Send scheduled message notifications`. 
2024-07-23 02:11:40,743 8968 INFO Asset odoo.addons.base.models.ir_cron: Job `Notification: Send scheduled message notifications` done. 
2024-07-23 02:12:40,755 8968 INFO Asset odoo.addons.base.models.ir_cron: Starting job `payment: post-process transactions`. 
2024-07-23 02:12:40,765 8968 INFO Asset odoo.addons.base.models.ir_cron: Job `payment: post-process transactions` done. 
2024-07-23 02:12:40,775 8968 INFO Asset odoo.addons.base.models.ir_cron: Starting job `Partner Autocomplete : Sync with remote DB`. 
2024-07-23 02:12:40,775 8968 INFO Asset odoo.addons.base.models.ir_cron: Job `Partner Autocomplete : Sync with remote DB` done. 
2024-07-23 02:12:40,785 8968 INFO Asset odoo.addons.base.models.ir_cron: Starting job `SMS: SMS Queue Manager`. 
2024-07-23 02:12:40,795 8968 INFO Asset odoo.addons.base.models.ir_cron: Job `SMS: SMS Queue Manager` done. 
2024-07-23 02:12:40,805 8968 INFO Asset odoo.addons.base.models.ir_cron: Starting job `Snailmail: process letters queue`. 
2024-07-23 02:12:40,815 8968 INFO Asset odoo.addons.base.models.ir_cron: Job `Snailmail: process letters queue` done. 
2024-07-23 02:21:52,852 8968 INFO Asset odoo.addons.base.models.ir_cron: Starting job `payment: post-process transactions`. 
2024-07-23 02:21:52,863 8968 INFO Asset odoo.addons.base.models.ir_cron: Job `payment: post-process transactions` done. 
2024-07-23 02:22:09,046 8968 INFO Asset werkzeug: 127.0.0.1 - - [23/Jul/2024 02:22:09] "GET /websocket HTTP/1.1" 101 - 1 0.000 0.016
2024-07-23 02:32:03,057 8968 INFO Asset odoo.addons.base.models.ir_cron: Starting job `payment: post-process transactions`. 
2024-07-23 02:32:03,067 8968 INFO Asset odoo.addons.base.models.ir_cron: Job `payment: post-process transactions` done. 
2024-07-23 02:42:13,309 8968 INFO Asset odoo.addons.base.models.ir_cron: Starting job `payment: post-process transactions`. 
2024-07-23 02:42:13,319 8968 INFO Asset odoo.addons.base.models.ir_cron: Job `payment: post-process transactions` done. 
2024-07-23 02:52:23,556 8968 INFO Asset odoo.addons.base.models.ir_cron: Starting job `payment: post-process transactions`. 
2024-07-23 02:52:23,566 8968 INFO Asset odoo.addons.base.models.ir_cron: Job `payment: post-process transactions` done. 
2024-07-23 03:01:32,776 8968 INFO Asset odoo.addons.base.models.ir_cron: Starting job `Project: Create Recurring Tasks`. 
2024-07-23 03:01:32,786 8968 INFO Asset odoo.addons.base.models.ir_cron: Job `Project: Create Recurring Tasks` done. 
2024-07-23 03:02:33,816 8968 INFO Asset odoo.addons.base.models.ir_cron: Starting job `payment: post-process transactions`. 
2024-07-23 03:02:33,828 8968 INFO Asset odoo.addons.base.models.ir_cron: Job `payment: post-process transactions` done. 
2024-07-23 03:11:41,086 8968 INFO Asset odoo.addons.base.models.ir_cron: Starting job `Mail: Email Queue Manager`. 
2024-07-23 03:11:41,096 8968 INFO Asset odoo.addons.base.models.ir_cron: Job `Mail: Email Queue Manager` done. 
2024-07-23 03:11:41,106 8968 INFO Asset odoo.addons.base.models.ir_cron: Starting job `Notification: Send scheduled message notifications`. 
2024-07-23 03:11:41,106 8968 INFO Asset odoo.addons.base.models.ir_cron: Job `Notification: Send scheduled message notifications` done. 
2024-07-23 03:12:41,126 8968 INFO Asset odoo.addons.base.models.ir_cron: Starting job `Partner Autocomplete : Sync with remote DB`. 
2024-07-23 03:12:41,140 8968 INFO Asset odoo.addons.base.models.ir_cron: Job `Partner Autocomplete : Sync with remote DB` done. 
2024-07-23 03:12:41,155 8968 INFO Asset odoo.addons.base.models.ir_cron: Starting job `SMS: SMS Queue Manager`. 
2024-07-23 03:12:41,155 8968 INFO Asset odoo.addons.base.models.ir_cron: Job `SMS: SMS Queue Manager` done. 
2024-07-23 03:12:41,168 8968 INFO Asset odoo.addons.base.models.ir_cron: Starting job `Snailmail: process letters queue`. 
2024-07-23 03:12:41,178 8968 INFO Asset odoo.addons.base.models.ir_cron: Job `Snailmail: process letters queue` done. 
2024-07-23 03:12:41,184 8968 INFO Asset odoo.addons.base.models.ir_cron: Starting job `payment: post-process transactions`. 
2024-07-23 03:12:41,191 8968 INFO Asset odoo.addons.base.models.ir_cron: Job `payment: post-process transactions` done. 
2024-07-23 03:21:53,250 8968 INFO Asset odoo.addons.base.models.ir_cron: Starting job `payment: post-process transactions`. 
2024-07-23 03:21:53,260 8968 INFO Asset odoo.addons.base.models.ir_cron: Job `payment: post-process transactions` done. 
2024-07-23 03:25:53,345 8968 INFO Asset werkzeug: 127.0.0.1 - - [23/Jul/2024 03:25:53] "GET /websocket HTTP/1.1" 101 - 1 0.000 0.010
2024-07-23 03:32:03,631 8968 INFO Asset odoo.addons.base.models.ir_cron: Starting job `payment: post-process transactions`. 
2024-07-23 03:32:03,631 8968 INFO Asset odoo.addons.base.models.ir_cron: Job `payment: post-process transactions` done. 
2024-07-23 03:42:13,868 8968 INFO Asset odoo.addons.base.models.ir_cron: Starting job `payment: post-process transactions`. 
2024-07-23 03:42:13,868 8968 INFO Asset odoo.addons.base.models.ir_cron: Job `payment: post-process transactions` done. 
2024-07-23 03:52:24,118 8968 INFO Asset odoo.addons.base.models.ir_cron: Starting job `payment: post-process transactions`. 
2024-07-23 03:52:24,128 8968 INFO Asset odoo.addons.base.models.ir_cron: Job `payment: post-process transactions` done. 
2024-07-23 04:02:34,338 8968 INFO Asset odoo.addons.base.models.ir_cron: Starting job `payment: post-process transactions`. 
2024-07-23 04:02:34,348 8968 INFO Asset odoo.addons.base.models.ir_cron: Job `payment: post-process transactions` done. 
2024-07-23 04:11:41,420 8968 INFO Asset odoo.addons.base.models.ir_cron: Starting job `Mail: Email Queue Manager`. 
2024-07-23 04:11:41,430 8968 INFO Asset odoo.addons.base.models.ir_cron: Job `Mail: Email Queue Manager` done. 
2024-07-23 04:11:41,442 8968 INFO Asset odoo.addons.base.models.ir_cron: Starting job `Notification: Send scheduled message notifications`. 
2024-07-23 04:11:41,442 8968 INFO Asset odoo.addons.base.models.ir_cron: Job `Notification: Send scheduled message notifications` done. 
2024-07-23 04:12:41,464 8968 INFO Asset odoo.addons.base.models.ir_cron: Starting job `Partner Autocomplete : Sync with remote DB`. 
2024-07-23 04:12:41,474 8968 INFO Asset odoo.addons.base.models.ir_cron: Job `Partner Autocomplete : Sync with remote DB` done. 
2024-07-23 04:12:41,484 8968 INFO Asset odoo.addons.base.models.ir_cron: Starting job `SMS: SMS Queue Manager`. 
2024-07-23 04:12:41,494 8968 INFO Asset odoo.addons.base.models.ir_cron: Job `SMS: SMS Queue Manager` done. 
2024-07-23 04:12:41,504 8968 INFO Asset odoo.addons.base.models.ir_cron: Starting job `Snailmail: process letters queue`. 
2024-07-23 04:12:41,504 8968 INFO Asset odoo.addons.base.models.ir_cron: Job `Snailmail: process letters queue` done. 
2024-07-23 04:12:41,515 8968 INFO Asset odoo.addons.base.models.ir_cron: Starting job `payment: post-process transactions`. 
2024-07-23 04:12:41,525 8968 INFO Asset odoo.addons.base.models.ir_cron: Job `payment: post-process transactions` done. 
2024-07-23 04:21:53,806 8968 INFO Asset odoo.addons.base.models.ir_cron: Starting job `payment: post-process transactions`. 
2024-07-23 04:21:53,816 8968 INFO Asset odoo.addons.base.models.ir_cron: Job `payment: post-process transactions` done. 
2024-07-23 04:26:53,520 8968 INFO Asset werkzeug: 127.0.0.1 - - [23/Jul/2024 04:26:53] "GET /websocket HTTP/1.1" 101 - 1 0.000 0.010
2024-07-23 04:32:04,010 8968 INFO Asset odoo.addons.base.models.ir_cron: Starting job `payment: post-process transactions`. 
2024-07-23 04:32:04,020 8968 INFO Asset odoo.addons.base.models.ir_cron: Job `payment: post-process transactions` done. 
2024-07-23 04:42:14,197 8968 INFO Asset odoo.addons.base.models.ir_cron: Starting job `payment: post-process transactions`. 
2024-07-23 04:42:14,213 8968 INFO Asset odoo.addons.base.models.ir_cron: Job `payment: post-process transactions` done. 
2024-07-23 04:52:24,455 8968 INFO Asset odoo.addons.base.models.ir_cron: Starting job `payment: post-process transactions`. 
2024-07-23 04:52:24,465 8968 INFO Asset odoo.addons.base.models.ir_cron: Job `payment: post-process transactions` done. 
2024-07-23 05:02:34,668 8968 INFO Asset odoo.addons.base.models.ir_cron: Starting job `payment: post-process transactions`. 
2024-07-23 05:02:34,679 8968 INFO Asset odoo.addons.base.models.ir_cron: Job `payment: post-process transactions` done. 
2024-07-23 05:11:41,876 8968 INFO Asset odoo.addons.base.models.ir_cron: Starting job `Mail: Email Queue Manager`. 
2024-07-23 05:11:41,886 8968 INFO Asset odoo.addons.base.models.ir_cron: Job `Mail: Email Queue Manager` done. 
2024-07-23 05:11:41,896 8968 INFO Asset odoo.addons.base.models.ir_cron: Starting job `Notification: Send scheduled message notifications`. 
2024-07-23 05:11:41,906 8968 INFO Asset odoo.addons.base.models.ir_cron: Job `Notification: Send scheduled message notifications` done. 
2024-07-23 05:12:41,924 8968 INFO Asset odoo.addons.base.models.ir_cron: Starting job `Snailmail: process letters queue`. 
2024-07-23 05:12:41,934 8968 INFO Asset odoo.addons.base.models.ir_cron: Job `Snailmail: process letters queue` done. 
2024-07-23 05:12:41,944 8968 INFO Asset odoo.addons.base.models.ir_cron: Starting job `payment: post-process transactions`. 
2024-07-23 05:12:41,954 8968 INFO Asset odoo.addons.base.models.ir_cron: Job `payment: post-process transactions` done. 
2024-07-23 05:12:41,964 8968 INFO Asset odoo.addons.base.models.ir_cron: Starting job `Partner Autocomplete : Sync with remote DB`. 
2024-07-23 05:12:41,964 8968 INFO Asset odoo.addons.base.models.ir_cron: Job `Partner Autocomplete : Sync with remote DB` done. 
2024-07-23 05:12:41,974 8968 INFO Asset odoo.addons.base.models.ir_cron: Starting job `SMS: SMS Queue Manager`. 
2024-07-23 05:12:41,987 8968 INFO Asset odoo.addons.base.models.ir_cron: Job `SMS: SMS Queue Manager` done. 
2024-07-23 05:21:54,104 8968 INFO Asset odoo.addons.base.models.ir_cron: Starting job `payment: post-process transactions`. 
2024-07-23 05:21:54,110 8968 INFO Asset odoo.addons.base.models.ir_cron: Job `payment: post-process transactions` done. 
2024-07-23 05:30:39,142 8968 INFO Asset werkzeug: 127.0.0.1 - - [23/Jul/2024 05:30:39] "GET /websocket HTTP/1.1" 101 - 1 0.006 0.000
2024-07-23 05:32:04,333 8968 INFO Asset odoo.addons.base.models.ir_cron: Starting job `payment: post-process transactions`. 
2024-07-23 05:32:04,343 8968 INFO Asset odoo.addons.base.models.ir_cron: Job `payment: post-process transactions` done. 
2024-07-23 05:42:14,552 8968 INFO Asset odoo.addons.base.models.ir_cron: Starting job `payment: post-process transactions`. 
2024-07-23 05:42:14,562 8968 INFO Asset odoo.addons.base.models.ir_cron: Job `payment: post-process transactions` done. 
2024-07-23 05:52:24,801 8968 INFO Asset odoo.addons.base.models.ir_cron: Starting job `payment: post-process transactions`. 
2024-07-23 05:52:24,801 8968 INFO Asset odoo.addons.base.models.ir_cron: Job `payment: post-process transactions` done. 
2024-07-23 06:02:35,046 8968 INFO Asset odoo.addons.base.models.ir_cron: Starting job `payment: post-process transactions`. 
2024-07-23 06:02:35,056 8968 INFO Asset odoo.addons.base.models.ir_cron: Job `payment: post-process transactions` done. 
2024-07-23 06:11:42,308 8968 INFO Asset odoo.addons.base.models.ir_cron: Starting job `Mail: Email Queue Manager`. 
2024-07-23 06:11:42,318 8968 INFO Asset odoo.addons.base.models.ir_cron: Job `Mail: Email Queue Manager` done. 
2024-07-23 06:11:42,328 8968 INFO Asset odoo.addons.base.models.ir_cron: Starting job `Notification: Send scheduled message notifications`. 
2024-07-23 06:11:42,338 8968 INFO Asset odoo.addons.base.models.ir_cron: Job `Notification: Send scheduled message notifications` done. 
2024-07-23 06:11:44,213 8968 INFO Asset odoo.addons.base.models.ir_cron: Starting job `Partner Autocomplete : Sync with remote DB`. 
2024-07-23 06:11:44,223 8968 INFO Asset odoo.addons.base.models.ir_cron: Job `Partner Autocomplete : Sync with remote DB` done. 
2024-07-23 06:12:42,356 8968 INFO Asset odoo.addons.base.models.ir_cron: Starting job `payment: post-process transactions`. 
2024-07-23 06:12:42,366 8968 INFO Asset odoo.addons.base.models.ir_cron: Job `payment: post-process transactions` done. 
2024-07-23 06:12:42,376 8968 INFO Asset odoo.addons.base.models.ir_cron: Starting job `Snailmail: process letters queue`. 
2024-07-23 06:12:42,376 8968 INFO Asset odoo.addons.base.models.ir_cron: Job `Snailmail: process letters queue` done. 
2024-07-23 06:12:42,393 8968 INFO Asset odoo.addons.base.models.ir_cron: Starting job `SMS: SMS Queue Manager`. 
2024-07-23 06:12:42,393 8968 INFO Asset odoo.addons.base.models.ir_cron: Job `SMS: SMS Queue Manager` done. 
2024-07-23 06:21:54,412 8968 INFO Asset odoo.addons.base.models.ir_cron: Starting job `payment: post-process transactions`. 
2024-07-23 06:21:54,417 8968 INFO Asset odoo.addons.base.models.ir_cron: Job `payment: post-process transactions` done. 
2024-07-23 06:32:04,565 8968 INFO Asset odoo.addons.base.models.ir_cron: Starting job `payment: post-process transactions`. 
2024-07-23 06:32:04,572 8968 INFO Asset odoo.addons.base.models.ir_cron: Job `payment: post-process transactions` done. 
2024-07-23 06:41:38,735 8968 INFO Asset werkzeug: 127.0.0.1 - - [23/Jul/2024 06:41:38] "GET /websocket HTTP/1.1" 101 - 1 0.001 0.010
2024-07-23 06:42:14,736 8968 INFO Asset odoo.addons.base.models.ir_cron: Starting job `payment: post-process transactions`. 
2024-07-23 06:42:14,743 8968 INFO Asset odoo.addons.base.models.ir_cron: Job `payment: post-process transactions` done. 
2024-07-23 06:52:24,931 8968 INFO Asset odoo.addons.base.models.ir_cron: Starting job `payment: post-process transactions`. 
2024-07-23 06:52:24,931 8968 INFO Asset odoo.addons.base.models.ir_cron: Job `payment: post-process transactions` done. 
2024-07-23 07:02:35,111 8968 INFO Asset odoo.addons.base.models.ir_cron: Starting job `payment: post-process transactions`. 
2024-07-23 07:02:35,117 8968 INFO Asset odoo.addons.base.models.ir_cron: Job `payment: post-process transactions` done. 
2024-07-23 07:11:42,661 8968 INFO Asset odoo.addons.base.models.ir_cron: Starting job `Mail: Email Queue Manager`. 
2024-07-23 07:11:42,669 8968 INFO Asset odoo.addons.base.models.ir_cron: Job `Mail: Email Queue Manager` done. 
2024-07-23 07:11:42,685 8968 INFO Asset odoo.addons.base.models.ir_cron: Starting job `Notification: Send scheduled message notifications`. 
2024-07-23 07:11:42,691 8968 INFO Asset odoo.addons.base.models.ir_cron: Job `Notification: Send scheduled message notifications` done. 
2024-07-23 07:11:44,266 8968 INFO Asset odoo.addons.base.models.ir_cron: Starting job `Partner Autocomplete : Sync with remote DB`. 
2024-07-23 07:11:44,274 8968 INFO Asset odoo.addons.base.models.ir_cron: Job `Partner Autocomplete : Sync with remote DB` done. 
2024-07-23 07:12:42,711 8968 INFO Asset odoo.addons.base.models.ir_cron: Starting job `Snailmail: process letters queue`. 
2024-07-23 07:12:42,718 8968 INFO Asset odoo.addons.base.models.ir_cron: Job `Snailmail: process letters queue` done. 
2024-07-23 07:12:42,733 8968 INFO Asset odoo.addons.base.models.ir_cron: Starting job `SMS: SMS Queue Manager`. 
2024-07-23 07:12:42,736 8968 INFO Asset odoo.addons.base.models.ir_cron: Job `SMS: SMS Queue Manager` done. 
2024-07-23 07:12:42,748 8968 INFO Asset odoo.addons.base.models.ir_cron: Starting job `payment: post-process transactions`. 
2024-07-23 07:12:42,753 8968 INFO Asset odoo.addons.base.models.ir_cron: Job `payment: post-process transactions` done. 
2024-07-23 07:21:54,462 8968 INFO Asset odoo.addons.base.models.ir_cron: Starting job `payment: post-process transactions`. 
2024-07-23 07:21:54,475 8968 INFO Asset odoo.addons.base.models.ir_cron: Job `payment: post-process transactions` done. 
2024-07-23 07:32:04,677 8968 INFO Asset odoo.addons.base.models.ir_cron: Starting job `payment: post-process transactions`. 
2024-07-23 07:32:04,686 8968 INFO Asset odoo.addons.base.models.ir_cron: Job `payment: post-process transactions` done. 
2024-07-23 07:42:14,930 8968 INFO Asset odoo.addons.base.models.ir_cron: Starting job `payment: post-process transactions`. 
2024-07-23 07:42:14,940 8968 INFO Asset odoo.addons.base.models.ir_cron: Job `payment: post-process transactions` done. 
2024-07-23 07:43:38,556 8968 INFO Asset werkzeug: 127.0.0.1 - - [23/Jul/2024 07:43:38] "GET /websocket HTTP/1.1" 101 - 1 0.000 0.010
2024-07-23 07:52:25,139 8968 INFO Asset odoo.addons.base.models.ir_cron: Starting job `payment: post-process transactions`. 
2024-07-23 07:52:25,139 8968 INFO Asset odoo.addons.base.models.ir_cron: Job `payment: post-process transactions` done. 
2024-07-23 08:02:35,347 8968 INFO Asset odoo.addons.base.models.ir_cron: Starting job `payment: post-process transactions`. 
2024-07-23 08:02:35,357 8968 INFO Asset odoo.addons.base.models.ir_cron: Job `payment: post-process transactions` done. 
2024-07-23 08:11:43,027 8968 INFO Asset odoo.addons.base.models.ir_cron: Starting job `Notification: Send scheduled message notifications`. 
2024-07-23 08:11:43,027 8968 INFO Asset odoo.addons.base.models.ir_cron: Job `Notification: Send scheduled message notifications` done. 
2024-07-23 08:11:43,043 8968 INFO Asset odoo.addons.base.models.ir_cron: Starting job `Mail: Email Queue Manager`. 
2024-07-23 08:11:43,053 8968 INFO Asset odoo.addons.base.models.ir_cron: Job `Mail: Email Queue Manager` done. 
2024-07-23 08:11:44,541 8968 INFO Asset odoo.addons.base.models.ir_cron: Starting job `Partner Autocomplete : Sync with remote DB`. 
2024-07-23 08:11:44,551 8968 INFO Asset odoo.addons.base.models.ir_cron: Job `Partner Autocomplete : Sync with remote DB` done. 
2024-07-23 08:12:43,067 8968 INFO Asset odoo.addons.base.models.ir_cron: Starting job `Snailmail: process letters queue`. 
2024-07-23 08:12:43,077 8968 INFO Asset odoo.addons.base.models.ir_cron: Job `Snailmail: process letters queue` done. 
2024-07-23 08:12:43,087 8968 INFO Asset odoo.addons.base.models.ir_cron: Starting job `SMS: SMS Queue Manager`. 
2024-07-23 08:12:43,087 8968 INFO Asset odoo.addons.base.models.ir_cron: Job `SMS: SMS Queue Manager` done. 
2024-07-23 08:12:43,107 8968 INFO Asset odoo.addons.base.models.ir_cron: Starting job `payment: post-process transactions`. 
2024-07-23 08:12:43,107 8968 INFO Asset odoo.addons.base.models.ir_cron: Job `payment: post-process transactions` done. 
2024-07-23 08:21:54,795 8968 INFO Asset odoo.addons.base.models.ir_cron: Starting job `payment: post-process transactions`. 
2024-07-23 08:21:54,795 8968 INFO Asset odoo.addons.base.models.ir_cron: Job `payment: post-process transactions` done. 
2024-07-23 08:32:04,968 8968 INFO Asset odoo.addons.base.models.ir_cron: Starting job `payment: post-process transactions`. 
2024-07-23 08:32:04,978 8968 INFO Asset odoo.addons.base.models.ir_cron: Job `payment: post-process transactions` done. 
2024-07-23 08:42:15,192 8968 INFO Asset odoo.addons.base.models.ir_cron: Starting job `payment: post-process transactions`. 
2024-07-23 08:42:15,202 8968 INFO Asset odoo.addons.base.models.ir_cron: Job `payment: post-process transactions` done. 
2024-07-23 08:52:25,399 8968 INFO Asset odoo.addons.base.models.ir_cron: Starting job `payment: post-process transactions`. 
2024-07-23 08:52:25,406 8968 INFO Asset odoo.addons.base.models.ir_cron: Job `payment: post-process transactions` done. 
2024-07-23 08:59:08,186 8968 INFO Asset werkzeug: 127.0.0.1 - - [23/Jul/2024 08:59:08] "GET /websocket HTTP/1.1" 101 - 1 0.001 0.011
2024-07-23 09:02:35,560 8968 INFO Asset odoo.addons.base.models.ir_cron: Starting job `payment: post-process transactions`. 
2024-07-23 09:02:35,566 8968 INFO Asset odoo.addons.base.models.ir_cron: Job `payment: post-process transactions` done. 
2024-07-23 09:11:43,366 8968 INFO Asset odoo.addons.base.models.ir_cron: Starting job `Notification: Send scheduled message notifications`. 
2024-07-23 09:11:43,371 8968 INFO Asset odoo.addons.base.models.ir_cron: Job `Notification: Send scheduled message notifications` done. 
2024-07-23 09:11:43,383 8968 INFO Asset odoo.addons.base.models.ir_cron: Starting job `Mail: Email Queue Manager`. 
2024-07-23 09:11:43,389 8968 INFO Asset odoo.addons.base.models.ir_cron: Job `Mail: Email Queue Manager` done. 
2024-07-23 09:11:44,721 8968 INFO Asset odoo.addons.base.models.ir_cron: Starting job `Partner Autocomplete : Sync with remote DB`. 
2024-07-23 09:11:44,726 8968 INFO Asset odoo.addons.base.models.ir_cron: Job `Partner Autocomplete : Sync with remote DB` done. 
2024-07-23 09:12:43,408 8968 INFO Asset odoo.addons.base.models.ir_cron: Starting job `payment: post-process transactions`. 
2024-07-23 09:12:43,415 8968 INFO Asset odoo.addons.base.models.ir_cron: Job `payment: post-process transactions` done. 
2024-07-23 09:12:43,428 8968 INFO Asset odoo.addons.base.models.ir_cron: Starting job `Snailmail: process letters queue`. 
2024-07-23 09:12:43,433 8968 INFO Asset odoo.addons.base.models.ir_cron: Job `Snailmail: process letters queue` done. 
2024-07-23 09:12:43,444 8968 INFO Asset odoo.addons.base.models.ir_cron: Starting job `SMS: SMS Queue Manager`. 
2024-07-23 09:12:43,450 8968 INFO Asset odoo.addons.base.models.ir_cron: Job `SMS: SMS Queue Manager` done. 
2024-07-23 09:21:54,905 8968 INFO Asset odoo.addons.base.models.ir_cron: Starting job `payment: post-process transactions`. 
2024-07-23 09:21:54,912 8968 INFO Asset odoo.addons.base.models.ir_cron: Job `payment: post-process transactions` done. 
2024-07-23 09:32:05,079 8968 INFO Asset odoo.addons.base.models.ir_cron: Starting job `payment: post-process transactions`. 
2024-07-23 09:32:05,084 8968 INFO Asset odoo.addons.base.models.ir_cron: Job `payment: post-process transactions` done. 
2024-07-23 09:42:15,243 8968 INFO Asset odoo.addons.base.models.ir_cron: Starting job `payment: post-process transactions`. 
2024-07-23 09:42:15,249 8968 INFO Asset odoo.addons.base.models.ir_cron: Job `payment: post-process transactions` done. 
2024-07-23 09:52:25,402 8968 INFO Asset odoo.addons.base.models.ir_cron: Starting job `payment: post-process transactions`. 
2024-07-23 09:52:25,408 8968 INFO Asset odoo.addons.base.models.ir_cron: Job `payment: post-process transactions` done. 
2024-07-23 10:02:35,593 8968 INFO Asset odoo.addons.base.models.ir_cron: Starting job `payment: post-process transactions`. 
2024-07-23 10:02:35,604 8968 INFO Asset odoo.addons.base.models.ir_cron: Job `payment: post-process transactions` done. 
2024-07-23 10:11:43,689 8968 INFO Asset odoo.addons.base.models.ir_cron: Starting job `Notification: Send scheduled message notifications`. 
2024-07-23 10:11:43,696 8968 INFO Asset odoo.addons.base.models.ir_cron: Job `Notification: Send scheduled message notifications` done. 
2024-07-23 10:11:43,712 8968 INFO Asset odoo.addons.base.models.ir_cron: Starting job `Mail: Email Queue Manager`. 
2024-07-23 10:11:43,712 8968 INFO Asset odoo.addons.base.models.ir_cron: Job `Mail: Email Queue Manager` done. 
2024-07-23 10:11:43,722 8968 INFO Asset odoo.addons.base.models.ir_cron: Starting job `Notification: Delete Notifications older than 6 Month`. 
2024-07-23 10:11:43,732 8968 INFO Asset odoo.addons.base.models.ir_cron: Job `Notification: Delete Notifications older than 6 Month` done. 
2024-07-23 10:11:43,742 8968 INFO Asset odoo.addons.base.models.ir_cron: Starting job `Users: Notify About Unregistered Users`. 
2024-07-23 10:11:43,752 8968 INFO Asset odoo.addons.base.models.ir_cron: Job `Users: Notify About Unregistered Users` done. 
2024-07-23 10:11:44,799 8968 INFO Asset odoo.addons.base.models.ir_cron: Starting job `Partner Autocomplete : Sync with remote DB`. 
2024-07-23 10:11:44,809 8968 INFO Asset odoo.addons.base.models.ir_cron: Job `Partner Autocomplete : Sync with remote DB` done. 
2024-07-23 10:12:43,767 8968 INFO Asset odoo.addons.base.models.ir_cron: Starting job `Invoice OCR: Parse Invoices`. 
2024-07-23 10:12:43,777 8968 INFO Asset odoo.addons.base.models.ir_cron: Job `Invoice OCR: Parse Invoices` done. 
2024-07-23 10:12:43,787 8968 INFO Asset odoo.addons.base.models.ir_cron: Starting job `Calendar: Event Reminder`. 
2024-07-23 10:12:43,797 8968 INFO Asset odoo.addons.base.models.ir_cron: Job `Calendar: Event Reminder` done. 
2024-07-23 10:12:43,807 8968 INFO Asset odoo.addons.base.models.ir_cron: Starting job `Gamification: Goal Challenge Check`. 
2024-07-23 10:12:43,860 8968 INFO Asset odoo.addons.base.models.ir_cron: Job `Gamification: Goal Challenge Check` done. 
2024-07-23 10:12:43,879 8968 INFO Asset odoo.addons.base.models.ir_cron: Starting job `HR Employee: check work permit validity`. 
2024-07-23 10:12:43,888 8968 INFO Asset odoo.addons.base.models.ir_cron: Job `HR Employee: check work permit validity` done. 
2024-07-23 10:12:43,898 8968 INFO Asset odoo.addons.base.models.ir_cron: Starting job `payment: post-process transactions`. 
2024-07-23 10:12:43,902 8968 INFO Asset odoo.addons.base.models.ir_cron: Job `payment: post-process transactions` done. 
2024-07-23 10:12:43,912 8968 INFO Asset odoo.addons.base.models.ir_cron: Starting job `Account: Journal online sync`. 
2024-07-23 10:12:43,912 8968 INFO Asset odoo.addons.base.models.ir_cron: Job `Account: Journal online sync` done. 
2024-07-23 10:12:43,926 8968 INFO Asset odoo.addons.base.models.ir_cron: Starting job `Snailmail: process letters queue`. 
2024-07-23 10:12:43,926 8968 INFO Asset odoo.addons.base.models.ir_cron: Job `Snailmail: process letters queue` done. 
2024-07-23 10:12:43,932 8968 INFO Asset odoo.addons.base.models.ir_cron: Starting job `SMS: SMS Queue Manager`. 
2024-07-23 10:12:43,943 8968 INFO Asset odoo.addons.base.models.ir_cron: Job `SMS: SMS Queue Manager` done. 
2024-07-23 10:12:43,953 8968 INFO Asset odoo.addons.base.models.ir_cron: Starting job `Try to reconcile automatically your statement lines`. 
2024-07-23 10:12:43,969 8968 INFO Asset odoo.addons.base.models.ir_cron: Job `Try to reconcile automatically your statement lines` done. 
2024-07-23 10:12:43,974 8968 INFO Asset odoo.addons.base.models.ir_cron: Starting job `Invoice OCR: Update All Status`. 
2024-07-23 10:12:43,974 8968 INFO Asset odoo.addons.base.models.ir_cron: Job `Invoice OCR: Update All Status` done. 
2024-07-23 10:12:43,990 8968 INFO Asset odoo.addons.base.models.ir_cron: Starting job `Invoice OCR: Validate Invoices`. 
2024-07-23 10:12:43,990 8968 INFO Asset odoo.addons.base.models.ir_cron: Job `Invoice OCR: Validate Invoices` done. 
2024-07-23 10:12:44,009 8968 INFO Asset odoo.addons.base.models.ir_cron: Starting job `Account automatic transfers : Perform transfers`. 
2024-07-23 10:12:44,009 8968 INFO Asset odoo.addons.base.models.ir_cron: Job `Account automatic transfers : Perform transfers` done. 
2024-07-23 10:12:44,020 8968 INFO Asset odoo.addons.base.models.ir_cron: Starting job `Currency: rate update`. 
2024-07-23 10:12:44,020 8968 INFO Asset odoo.addons.base.models.ir_cron: Job `Currency: rate update` done. 
2024-07-23 10:12:45,841 8968 INFO Asset odoo.addons.base.models.ir_cron: Starting job `Mail Marketing: Process queue`. 
2024-07-23 10:12:45,851 8968 INFO Asset odoo.addons.base.models.ir_cron: Job `Mail Marketing: Process queue` done. 
2024-07-23 10:13:44,048 8968 INFO Asset odoo.addons.base.models.ir_cron: Starting job `Project: Send rating`. 
2024-07-23 10:13:44,055 8968 INFO Asset odoo.addons.base.models.ir_cron: Job `Project: Send rating` done. 
2024-07-23 10:21:55,065 8968 INFO Asset odoo.addons.base.models.ir_cron: Starting job `payment: post-process transactions`. 
2024-07-23 10:21:55,075 8968 INFO Asset odoo.addons.base.models.ir_cron: Job `payment: post-process transactions` done. 
2024-07-23 10:24:53,015 8968 INFO Asset werkzeug: 127.0.0.1 - - [23/Jul/2024 10:24:53] "GET /websocket HTTP/1.1" 101 - 1 0.000 0.014
2024-07-23 10:32:05,298 8968 INFO Asset odoo.addons.base.models.ir_cron: Starting job `payment: post-process transactions`. 
2024-07-23 10:32:05,308 8968 INFO Asset odoo.addons.base.models.ir_cron: Job `payment: post-process transactions` done. 
2024-07-23 10:42:15,553 8968 INFO Asset odoo.addons.base.models.ir_cron: Starting job `payment: post-process transactions`. 
2024-07-23 10:42:15,563 8968 INFO Asset odoo.addons.base.models.ir_cron: Job `payment: post-process transactions` done. 
2024-07-23 10:52:25,761 8968 INFO Asset odoo.addons.base.models.ir_cron: Starting job `payment: post-process transactions`. 
2024-07-23 10:52:25,767 8968 INFO Asset odoo.addons.base.models.ir_cron: Job `payment: post-process transactions` done. 
2024-07-23 11:02:35,942 8968 INFO Asset odoo.addons.base.models.ir_cron: Starting job `payment: post-process transactions`. 
2024-07-23 11:02:35,952 8968 INFO Asset odoo.addons.base.models.ir_cron: Job `payment: post-process transactions` done. 
2024-07-23 11:11:44,547 8968 INFO Asset odoo.addons.base.models.ir_cron: Starting job `Notification: Send scheduled message notifications`. 
2024-07-23 11:11:44,556 8968 INFO Asset odoo.addons.base.models.ir_cron: Job `Notification: Send scheduled message notifications` done. 
2024-07-23 11:11:44,566 8968 INFO Asset odoo.addons.base.models.ir_cron: Starting job `Mail: Email Queue Manager`. 
2024-07-23 11:11:44,577 8968 INFO Asset odoo.addons.base.models.ir_cron: Job `Mail: Email Queue Manager` done. 
2024-07-23 11:11:44,587 8968 INFO Asset odoo.addons.base.models.ir_cron: Starting job `Partner Autocomplete : Sync with remote DB`. 
2024-07-23 11:11:44,592 8968 INFO Asset odoo.addons.base.models.ir_cron: Job `Partner Autocomplete : Sync with remote DB` done. 
2024-07-23 11:12:44,604 8968 INFO Asset odoo.addons.base.models.ir_cron: Starting job `payment: post-process transactions`. 
2024-07-23 11:12:44,614 8968 INFO Asset odoo.addons.base.models.ir_cron: Job `payment: post-process transactions` done. 
2024-07-23 11:12:44,624 8968 INFO Asset odoo.addons.base.models.ir_cron: Starting job `Snailmail: process letters queue`. 
2024-07-23 11:12:44,624 8968 INFO Asset odoo.addons.base.models.ir_cron: Job `Snailmail: process letters queue` done. 
2024-07-23 11:12:44,644 8968 INFO Asset odoo.addons.base.models.ir_cron: Starting job `SMS: SMS Queue Manager`. 
2024-07-23 11:12:44,644 8968 INFO Asset odoo.addons.base.models.ir_cron: Job `SMS: SMS Queue Manager` done. 
2024-07-23 11:21:55,342 8968 INFO Asset odoo.addons.base.models.ir_cron: Starting job `payment: post-process transactions`. 
2024-07-23 11:21:55,349 8968 INFO Asset odoo.addons.base.models.ir_cron: Job `payment: post-process transactions` done. 
2024-07-23 11:29:38,279 8968 INFO Asset werkzeug: 127.0.0.1 - - [23/Jul/2024 11:29:38] "GET /websocket HTTP/1.1" 101 - 1 0.000 0.010
2024-07-23 11:32:05,542 8968 INFO Asset odoo.addons.base.models.ir_cron: Starting job `payment: post-process transactions`. 
2024-07-23 11:32:05,552 8968 INFO Asset odoo.addons.base.models.ir_cron: Job `payment: post-process transactions` done. 
2024-07-23 11:42:15,731 8968 INFO Asset odoo.addons.base.models.ir_cron: Starting job `payment: post-process transactions`. 
2024-07-23 11:42:15,737 8968 INFO Asset odoo.addons.base.models.ir_cron: Job `payment: post-process transactions` done. 
2024-07-23 11:52:25,890 8968 INFO Asset odoo.addons.base.models.ir_cron: Starting job `payment: post-process transactions`. 
2024-07-23 11:52:25,897 8968 INFO Asset odoo.addons.base.models.ir_cron: Job `payment: post-process transactions` done. 
2024-07-23 12:02:36,063 8968 INFO Asset odoo.addons.base.models.ir_cron: Starting job `payment: post-process transactions`. 
2024-07-23 12:02:36,069 8968 INFO Asset odoo.addons.base.models.ir_cron: Job `payment: post-process transactions` done. 
2024-07-23 12:11:44,914 8968 INFO Asset odoo.addons.base.models.ir_cron: Starting job `Notification: Send scheduled message notifications`. 
2024-07-23 12:11:44,924 8968 INFO Asset odoo.addons.base.models.ir_cron: Job `Notification: Send scheduled message notifications` done. 
2024-07-23 12:11:44,934 8968 INFO Asset odoo.addons.base.models.ir_cron: Starting job `Mail: Email Queue Manager`. 
2024-07-23 12:11:44,944 8968 INFO Asset odoo.addons.base.models.ir_cron: Job `Mail: Email Queue Manager` done. 
2024-07-23 12:11:44,954 8968 INFO Asset odoo.addons.base.models.ir_cron: Starting job `Partner Autocomplete : Sync with remote DB`. 
2024-07-23 12:11:44,954 8968 INFO Asset odoo.addons.base.models.ir_cron: Job `Partner Autocomplete : Sync with remote DB` done. 
2024-07-23 12:12:44,967 8968 INFO Asset odoo.addons.base.models.ir_cron: Starting job `Snailmail: process letters queue`. 
2024-07-23 12:12:44,977 8968 INFO Asset odoo.addons.base.models.ir_cron: Job `Snailmail: process letters queue` done. 
2024-07-23 12:12:44,987 8968 INFO Asset odoo.addons.base.models.ir_cron: Starting job `SMS: SMS Queue Manager`. 
2024-07-23 12:12:44,987 8968 INFO Asset odoo.addons.base.models.ir_cron: Job `SMS: SMS Queue Manager` done. 
2024-07-23 12:12:45,007 8968 INFO Asset odoo.addons.base.models.ir_cron: Starting job `payment: post-process transactions`. 
2024-07-23 12:12:45,007 8968 INFO Asset odoo.addons.base.models.ir_cron: Job `payment: post-process transactions` done. 
2024-07-23 12:12:45,017 8968 INFO Asset odoo.addons.base.models.ir_cron: Starting job `Digest Emails`. 
2024-07-23 12:12:45,209 8968 INFO Asset odoo.addons.base.models.ir_cron: Job `Digest Emails` done. 
2024-07-23 12:21:55,397 8968 INFO Asset odoo.addons.base.models.ir_cron: Starting job `payment: post-process transactions`. 
2024-07-23 12:21:55,404 8968 INFO Asset odoo.addons.base.models.ir_cron: Job `payment: post-process transactions` done. 
2024-07-23 12:32:05,558 8968 INFO Asset odoo.addons.base.models.ir_cron: Starting job `payment: post-process transactions`. 
2024-07-23 12:32:05,566 8968 INFO Asset odoo.addons.base.models.ir_cron: Job `payment: post-process transactions` done. 
2024-07-23 12:37:19,435 8968 INFO Asset werkzeug: 127.0.0.1 - - [23/Jul/2024 12:37:19] "GET /websocket HTTP/1.1" 101 - 1 0.001 0.011
2024-07-23 12:42:15,730 8968 INFO Asset odoo.addons.base.models.ir_cron: Starting job `payment: post-process transactions`. 
2024-07-23 12:42:15,736 8968 INFO Asset odoo.addons.base.models.ir_cron: Job `payment: post-process transactions` done. 
2024-07-23 12:52:25,945 8968 INFO Asset odoo.addons.base.models.ir_cron: Starting job `payment: post-process transactions`. 
2024-07-23 12:52:25,945 8968 INFO Asset odoo.addons.base.models.ir_cron: Job `payment: post-process transactions` done. 
2024-07-23 13:02:36,175 8968 INFO Asset odoo.addons.base.models.ir_cron: Starting job `payment: post-process transactions`. 
2024-07-23 13:02:36,175 8968 INFO Asset odoo.addons.base.models.ir_cron: Job `payment: post-process transactions` done. 
2024-07-23 13:11:45,378 8968 INFO Asset odoo.addons.base.models.ir_cron: Starting job `Notification: Send scheduled message notifications`. 
2024-07-23 13:11:45,390 8968 INFO Asset odoo.addons.base.models.ir_cron: Job `Notification: Send scheduled message notifications` done. 
2024-07-23 13:11:45,398 8968 INFO Asset odoo.addons.base.models.ir_cron: Starting job `Mail: Email Queue Manager`. 
2024-07-23 13:11:45,479 8968 INFO Asset odoo.addons.base.models.ir_cron: Starting job `Partner Autocomplete : Sync with remote DB`. 
2024-07-23 13:11:45,488 8968 INFO Asset odoo.addons.base.models.ir_cron: Job `Partner Autocomplete : Sync with remote DB` done. 
2024-07-23 13:11:49,465 8968 INFO Asset odoo.addons.base.models.ir_cron: Job `Mail: Email Queue Manager` done. 
2024-07-23 13:12:45,508 8968 INFO Asset odoo.addons.base.models.ir_cron: Starting job `payment: post-process transactions`. 
2024-07-23 13:12:45,518 8968 INFO Asset odoo.addons.base.models.ir_cron: Job `payment: post-process transactions` done. 
2024-07-23 13:12:45,528 8968 INFO Asset odoo.addons.base.models.ir_cron: Starting job `Snailmail: process letters queue`. 
2024-07-23 13:12:45,528 8968 INFO Asset odoo.addons.base.models.ir_cron: Job `Snailmail: process letters queue` done. 
2024-07-23 13:12:45,548 8968 INFO Asset odoo.addons.base.models.ir_cron: Starting job `SMS: SMS Queue Manager`. 
2024-07-23 13:12:45,548 8968 INFO Asset odoo.addons.base.models.ir_cron: Job `SMS: SMS Queue Manager` done. 
2024-07-23 13:21:59,669 8968 INFO Asset odoo.addons.base.models.ir_cron: Starting job `payment: post-process transactions`. 
2024-07-23 13:21:59,673 8968 INFO Asset odoo.addons.base.models.ir_cron: Job `payment: post-process transactions` done. 
2024-07-23 13:32:09,822 8968 INFO Asset odoo.addons.base.models.ir_cron: Starting job `payment: post-process transactions`. 
2024-07-23 13:32:09,828 8968 INFO Asset odoo.addons.base.models.ir_cron: Job `payment: post-process transactions` done. 
2024-07-23 13:42:21,787 8968 INFO Asset odoo.addons.base.models.ir_cron: Starting job `payment: post-process transactions`. 
2024-07-23 13:42:21,794 8968 INFO Asset odoo.addons.base.models.ir_cron: Job `payment: post-process transactions` done. 
2024-07-23 13:52:32,919 8968 INFO Asset odoo.addons.base.models.ir_cron: Starting job `payment: post-process transactions`. 
2024-07-23 13:52:32,926 8968 INFO Asset odoo.addons.base.models.ir_cron: Job `payment: post-process transactions` done. 
2024-07-23 13:55:36,030 8968 INFO Asset odoo.addons.base.models.ir_cron: Starting job `Base: Auto-vacuum internal data`. 
2024-07-23 13:55:36,066 8968 INFO Asset odoo.addons.base.models.ir_attachment: filestore gc 0 checked, 0 removed 
2024-07-23 13:55:36,122 8968 INFO Asset odoo.addons.base.models.res_users: GC'd 0 user log entries 
2024-07-23 13:55:36,149 8968 INFO Asset odoo.addons.auth_totp.models.auth_totp: GC'd 0 totp devices entries 
2024-07-23 13:55:36,198 8968 INFO Asset odoo.models.unlink: User #1 deleted bus.bus records with IDs: [177, 178, 179, 180, 181, 182, 183, 184, 185, 186, 187, 188, 189, 190, 191, 192, 193, 194, 195, 196, 197, 198, 199, 200, 201, 202, 203, 204, 205, 206, 207, 208, 209, 210, 211, 212, 213, 214, 215, 216, 217, 218, 219, 220, 221, 222, 223, 224, 225, 226, 227, 228, 229, 230, 231, 232, 233, 234, 235, 236, 237, 238, 239, 240, 241, 242, 243, 244, 245, 246, 247, 248, 249, 250, 251, 252, 253, 254, 255, 256, 257, 258, 259, 260, 261, 262, 263, 264, 265, 266, 267, 268, 269, 270, 271, 272, 273, 274, 275, 276, 277, 278, 279, 280, 281, 282, 283, 284, 285, 286, 287, 288, 289, 290, 291, 292, 293, 294, 295, 296, 297, 298, 299, 300, 301, 302, 303, 304, 305, 306, 307, 308, 309, 310, 311, 312, 313, 314, 315, 316, 317, 318, 319, 320, 321, 322, 323, 324, 325, 326, 327, 328, 329, 330, 331, 332, 333, 334, 335, 336, 337, 338, 339, 340, 341, 342, 343, 344, 345, 346, 347, 348, 349, 350, 351, 352, 353, 354, 355, 356, 357, 358, 359, 360, 361, 362, 363, 364, 365, 366, 367, 368, 369, 370, 371, 372, 373, 374, 375, 376, 377, 378, 379, 380, 381, 382, 383, 384, 385, 386, 387, 388, 389, 390, 391, 392, 393, 394, 395, 396, 397, 398, 399, 400, 401, 402, 403, 404, 405, 406, 407, 408, 409, 410, 411, 412, 413, 414, 415, 416, 417, 418, 419, 420, 421, 422, 423, 424, 425, 426, 427, 428, 429, 430, 431, 432, 433, 434, 435, 436, 437, 438, 439, 440, 441, 442, 443, 444, 445, 446, 447, 448, 449, 450, 451, 452, 453, 454, 455, 456, 457, 458, 459, 460, 461, 462, 463, 464, 465, 466, 467, 468, 469, 470, 471, 472, 473, 474, 475, 476, 477, 478, 479, 480, 481, 482, 483, 484, 485, 486, 487, 488, 489, 490, 491, 492, 493, 494, 495, 496, 497, 498, 499, 500, 501, 502, 503, 504, 505, 506, 507, 508, 509, 510, 511, 512, 513, 514, 515, 516, 517, 518, 519, 520, 521, 522, 523, 524, 525, 526, 527, 528, 529, 530, 531, 532, 533, 534, 535, 536, 537, 538, 539, 540, 541, 542, 543, 544, 545, 546, 547, 548, 549, 550, 551, 552, 553, 554, 555, 556, 557, 558, 559, 560, 561, 562, 563, 564, 565, 566, 567, 568, 569, 570, 571, 572, 573, 574, 575, 576, 577, 578, 579, 580, 581, 582, 583, 584, 585, 586, 587, 588, 589, 590, 591, 592, 593, 594, 595, 596, 597, 598, 599, 600, 601, 602, 603, 604, 605, 606, 607, 608, 609, 610, 611, 612, 613, 614, 615, 616, 617, 618, 619, 620, 621, 622, 623, 624, 625, 626, 627, 628, 629, 630, 631, 632, 633, 634, 635, 636, 637, 638, 639, 640, 641, 642, 643, 644, 645, 646, 647, 648, 649, 650, 651, 652, 653, 654, 655, 656, 657, 658, 659, 660, 661, 662, 663, 664, 665, 666, 667, 668, 669, 670, 671, 672, 673, 674, 675, 676, 677, 678, 679, 680, 681, 682, 683, 684, 685, 686, 687, 688, 689, 690, 691, 692, 693, 694, 695, 696, 697, 698, 699, 700, 701, 702, 703, 704, 705, 706, 707, 708, 709, 710, 711, 712, 713, 714, 715, 716, 717, 718, 719, 720, 721, 722, 723, 724, 725, 726, 727, 728, 729, 730, 731, 732, 733, 734, 735, 736, 737, 738, 739, 740, 741, 742, 743, 744, 745, 746, 747, 748, 749, 750, 751, 752, 753, 754, 755, 756, 757, 758, 759, 760, 761, 762, 763, 764, 765, 766, 767, 768, 769, 770, 771, 772, 773, 774, 775, 776, 777, 778, 779, 780, 781, 782, 783, 784, 785, 786, 787, 788, 789, 790, 791, 792, 793, 794, 795, 796, 797, 798, 799, 800, 801, 802, 803, 804, 805, 806, 807, 808, 809, 810, 811, 812, 813, 814, 815, 816, 817, 818, 819, 820, 821, 822, 823, 824, 825, 826, 827, 828, 829, 830, 831, 832, 833, 834, 835, 836, 837, 838, 839, 840, 841, 842, 843, 844, 845, 846, 847, 848, 849, 850, 851, 852, 853, 854, 855, 856, 857, 858, 859, 860, 861, 862, 863, 864, 865, 866, 867, 868, 869, 870, 871, 872, 873, 874, 875, 876, 877, 878, 879, 880, 881, 882, 883, 884, 885, 886, 887, 888, 889, 890, 891, 892, 893, 894, 895, 896, 897, 898, 899, 900, 901, 902, 903, 904, 905, 906, 907, 908, 909, 910, 911, 912, 913, 914, 915, 916, 917, 918, 919, 920, 921, 922, 923, 924, 925, 926, 927, 928, 929, 930, 931, 932, 933, 934, 935, 936, 937, 938, 939, 940, 941, 942, 943, 944, 945, 946, 947, 948, 949, 950, 951, 952, 953, 954, 955, 956, 957, 958, 959, 960, 961, 962, 963, 964, 965, 966, 967, 968, 969, 970, 971, 972, 973, 974, 975, 976, 977, 978, 979, 980, 981, 982, 983, 984, 985, 986, 987, 988, 989, 990, 991, 992, 993, 994, 995, 996, 997, 998, 999, 1000, 1001, 1002, 1003, 1004, 1005, 1006, 1007, 1008, 1009, 1010, 1011, 1012, 1013, 1014, 1015, 1016, 1017, 1018, 1019, 1020, 1021, 1022, 1023, 1024, 1025, 1026, 1027, 1028, 1029, 1030, 1031, 1032, 1033, 1034, 1035, 1036, 1037, 1038, 1039, 1040, 1041, 1042, 1043, 1044, 1045, 1046, 1047, 1048, 1049, 1050, 1051, 1052, 1053, 1054, 1055, 1056, 1057, 1058, 1059, 1060, 1061, 1062, 1063, 1064, 1065, 1066, 1067, 1068, 1069, 1070, 1071, 1072, 1073, 1074, 1075, 1076, 1077, 1078, 1079, 1080, 1081, 1082, 1083, 1084, 1085, 1086, 1087, 1088, 1089, 1090, 1091, 1092, 1093, 1094, 1095, 1096, 1097, 1098, 1099, 1100, 1101, 1102, 1103, 1104, 1105, 1106, 1107, 1108, 1109, 1110, 1111, 1112, 1113, 1114, 1115, 1116, 1117, 1118, 1119, 1120, 1121, 1122, 1123, 1124, 1125, 1126, 1127, 1128] 
2024-07-23 13:55:38,070 8968 INFO Asset odoo.addons.base.models.ir_cron: Job `Base: Auto-vacuum internal data` done. 
2024-07-23 14:02:45,262 8968 INFO Asset odoo.addons.base.models.ir_cron: Starting job `payment: post-process transactions`. 
2024-07-23 14:02:45,269 8968 INFO Asset odoo.addons.base.models.ir_cron: Job `payment: post-process transactions` done. 
2024-07-23 14:03:10,722 8968 INFO Asset werkzeug: 127.0.0.1 - - [23/Jul/2024 14:03:10] "GET /websocket HTTP/1.1" 101 - 1 0.001 0.012
2024-07-23 14:11:48,627 8968 INFO Asset odoo.addons.base.models.ir_cron: Starting job `Notification: Send scheduled message notifications`. 
2024-07-23 14:11:48,634 8968 INFO Asset odoo.addons.base.models.ir_cron: Job `Notification: Send scheduled message notifications` done. 
2024-07-23 14:11:48,647 8968 INFO Asset odoo.addons.base.models.ir_cron: Starting job `Partner Autocomplete : Sync with remote DB`. 
2024-07-23 14:11:48,650 8968 INFO Asset odoo.addons.base.models.ir_cron: Job `Partner Autocomplete : Sync with remote DB` done. 
2024-07-23 14:11:48,662 8968 INFO Asset odoo.addons.base.models.ir_cron: Starting job `Mail: Email Queue Manager`. 
2024-07-23 14:11:48,668 8968 INFO Asset odoo.addons.base.models.ir_cron: Job `Mail: Email Queue Manager` done. 
2024-07-23 14:11:48,677 8968 INFO Asset odoo.addons.base.models.ir_cron: Starting job `Snailmail: process letters queue`. 
2024-07-23 14:11:48,681 8968 INFO Asset odoo.addons.base.models.ir_cron: Job `Snailmail: process letters queue` done. 
2024-07-23 14:11:48,691 8968 INFO Asset odoo.addons.base.models.ir_cron: Starting job `SMS: SMS Queue Manager`. 
2024-07-23 14:11:48,695 8968 INFO Asset odoo.addons.base.models.ir_cron: Job `SMS: SMS Queue Manager` done. 
2024-07-23 14:11:54,423 8968 INFO Asset odoo.addons.base.models.ir_cron: Starting job `payment: post-process transactions`. 
2024-07-23 14:11:54,429 8968 INFO Asset odoo.addons.base.models.ir_cron: Job `payment: post-process transactions` done. 
2024-07-23 14:22:04,597 8968 INFO Asset odoo.addons.base.models.ir_cron: Starting job `payment: post-process transactions`. 
2024-07-23 14:22:04,603 8968 INFO Asset odoo.addons.base.models.ir_cron: Job `payment: post-process transactions` done. 
2024-07-23 14:32:14,753 8968 INFO Asset odoo.addons.base.models.ir_cron: Starting job `payment: post-process transactions`. 
2024-07-23 14:32:14,759 8968 INFO Asset odoo.addons.base.models.ir_cron: Job `payment: post-process transactions` done. 
2024-07-23 14:42:24,917 8968 INFO Asset odoo.addons.base.models.ir_cron: Starting job `payment: post-process transactions`. 
2024-07-23 14:42:24,922 8968 INFO Asset odoo.addons.base.models.ir_cron: Job `payment: post-process transactions` done. 
2024-07-23 14:52:35,074 8968 INFO Asset odoo.addons.base.models.ir_cron: Starting job `payment: post-process transactions`. 
2024-07-23 14:52:35,084 8968 INFO Asset odoo.addons.base.models.ir_cron: Job `payment: post-process transactions` done. 
2024-07-23 15:02:45,279 8968 INFO Asset odoo.addons.base.models.ir_cron: Starting job `payment: post-process transactions`. 
2024-07-23 15:02:45,289 8968 INFO Asset odoo.addons.base.models.ir_cron: Job `payment: post-process transactions` done. 
2024-07-23 15:08:56,134 8968 INFO Asset werkzeug: 127.0.0.1 - - [23/Jul/2024 15:08:56] "GET /websocket HTTP/1.1" 101 - 1 0.000 0.020
2024-07-23 15:11:48,949 8968 INFO Asset odoo.addons.base.models.ir_cron: Starting job `Notification: Send scheduled message notifications`. 
2024-07-23 15:11:48,954 8968 INFO Asset odoo.addons.base.models.ir_cron: Job `Notification: Send scheduled message notifications` done. 
2024-07-23 15:11:48,968 8968 INFO Asset odoo.addons.base.models.ir_cron: Starting job `Partner Autocomplete : Sync with remote DB`. 
2024-07-23 15:11:48,973 8968 INFO Asset odoo.addons.base.models.ir_cron: Job `Partner Autocomplete : Sync with remote DB` done. 
2024-07-23 15:11:48,985 8968 INFO Asset odoo.addons.base.models.ir_cron: Starting job `Mail: Email Queue Manager`. 
2024-07-23 15:11:48,985 8968 INFO Asset odoo.addons.base.models.ir_cron: Job `Mail: Email Queue Manager` done. 
2024-07-23 15:11:49,001 8968 INFO Asset odoo.addons.base.models.ir_cron: Starting job `Snailmail: process letters queue`. 
2024-07-23 15:11:49,001 8968 INFO Asset odoo.addons.base.models.ir_cron: Job `Snailmail: process letters queue` done. 
2024-07-23 15:11:49,021 8968 INFO Asset odoo.addons.base.models.ir_cron: Starting job `SMS: SMS Queue Manager`. 
2024-07-23 15:11:49,021 8968 INFO Asset odoo.addons.base.models.ir_cron: Job `SMS: SMS Queue Manager` done. 
2024-07-23 15:11:54,483 8968 INFO Asset odoo.addons.base.models.ir_cron: Starting job `payment: post-process transactions`. 
2024-07-23 15:11:54,492 8968 INFO Asset odoo.addons.base.models.ir_cron: Job `payment: post-process transactions` done. 
2024-07-23 15:22:04,745 8968 INFO Asset odoo.addons.base.models.ir_cron: Starting job `payment: post-process transactions`. 
2024-07-23 15:22:04,756 8968 INFO Asset odoo.addons.base.models.ir_cron: Job `payment: post-process transactions` done. 
2024-07-23 15:32:14,992 8968 INFO Asset odoo.addons.base.models.ir_cron: Starting job `payment: post-process transactions`. 
2024-07-23 15:32:14,992 8968 INFO Asset odoo.addons.base.models.ir_cron: Job `payment: post-process transactions` done. 
2024-07-23 15:42:25,230 8968 INFO Asset odoo.addons.base.models.ir_cron: Starting job `payment: post-process transactions`. 
2024-07-23 15:42:25,240 8968 INFO Asset odoo.addons.base.models.ir_cron: Job `payment: post-process transactions` done. 
2024-07-23 15:52:35,479 8968 INFO Asset odoo.addons.base.models.ir_cron: Starting job `payment: post-process transactions`. 
2024-07-23 15:52:35,489 8968 INFO Asset odoo.addons.base.models.ir_cron: Job `payment: post-process transactions` done. 
2024-07-23 16:02:45,729 8968 INFO Asset odoo.addons.base.models.ir_cron: Starting job `payment: post-process transactions`. 
2024-07-23 16:02:45,739 8968 INFO Asset odoo.addons.base.models.ir_cron: Job `payment: post-process transactions` done. 
2024-07-23 16:11:49,290 8968 INFO Asset odoo.addons.base.models.ir_cron: Starting job `Mail: Email Queue Manager`. 
2024-07-23 16:11:49,300 8968 INFO Asset odoo.addons.base.models.ir_cron: Job `Mail: Email Queue Manager` done. 
2024-07-23 16:11:49,310 8968 INFO Asset odoo.addons.base.models.ir_cron: Starting job `Snailmail: process letters queue`. 
2024-07-23 16:11:49,320 8968 INFO Asset odoo.addons.base.models.ir_cron: Job `Snailmail: process letters queue` done. 
2024-07-23 16:11:49,330 8968 INFO Asset odoo.addons.base.models.ir_cron: Starting job `SMS: SMS Queue Manager`. 
2024-07-23 16:11:49,330 8968 INFO Asset odoo.addons.base.models.ir_cron: Job `SMS: SMS Queue Manager` done. 
2024-07-23 16:11:49,340 8968 INFO Asset odoo.addons.base.models.ir_cron: Starting job `Notification: Send scheduled message notifications`. 
2024-07-23 16:11:49,350 8968 INFO Asset odoo.addons.base.models.ir_cron: Job `Notification: Send scheduled message notifications` done. 
2024-07-23 16:11:49,360 8968 INFO Asset odoo.addons.base.models.ir_cron: Starting job `Partner Autocomplete : Sync with remote DB`. 
2024-07-23 16:11:49,360 8968 INFO Asset odoo.addons.base.models.ir_cron: Job `Partner Autocomplete : Sync with remote DB` done. 
2024-07-23 16:11:54,940 8968 INFO Asset odoo.addons.base.models.ir_cron: Starting job `payment: post-process transactions`. 
2024-07-23 16:11:54,950 8968 INFO Asset odoo.addons.base.models.ir_cron: Job `payment: post-process transactions` done. 
2024-07-23 16:22:05,182 8968 INFO Asset odoo.addons.base.models.ir_cron: Starting job `payment: post-process transactions`. 
2024-07-23 16:22:05,192 8968 INFO Asset odoo.addons.base.models.ir_cron: Job `payment: post-process transactions` done. 
2024-07-23 16:28:55,614 8968 INFO Asset werkzeug: 127.0.0.1 - - [23/Jul/2024 16:28:55] "GET /websocket HTTP/1.1" 101 - 1 0.008 0.003
2024-07-23 16:32:15,387 8968 INFO Asset odoo.addons.base.models.ir_cron: Starting job `payment: post-process transactions`. 
2024-07-23 16:32:15,397 8968 INFO Asset odoo.addons.base.models.ir_cron: Job `payment: post-process transactions` done. 
2024-07-23 16:42:25,605 8968 INFO Asset odoo.addons.base.models.ir_cron: Starting job `payment: post-process transactions`. 
2024-07-23 16:42:25,615 8968 INFO Asset odoo.addons.base.models.ir_cron: Job `payment: post-process transactions` done. 
2024-07-23 16:52:35,816 8968 INFO Asset odoo.addons.base.models.ir_cron: Starting job `payment: post-process transactions`. 
2024-07-23 16:52:35,826 8968 INFO Asset odoo.addons.base.models.ir_cron: Job `payment: post-process transactions` done. 
2024-07-23 17:02:46,030 8968 INFO Asset odoo.addons.base.models.ir_cron: Starting job `payment: post-process transactions`. 
2024-07-23 17:02:46,040 8968 INFO Asset odoo.addons.base.models.ir_cron: Job `payment: post-process transactions` done. 
2024-07-23 17:11:49,648 8968 INFO Asset odoo.addons.base.models.ir_cron: Starting job `Mail: Email Queue Manager`. 
2024-07-23 17:11:49,658 8968 INFO Asset odoo.addons.base.models.ir_cron: Job `Mail: Email Queue Manager` done. 
2024-07-23 17:11:49,668 8968 INFO Asset odoo.addons.base.models.ir_cron: Starting job `Snailmail: process letters queue`. 
2024-07-23 17:11:49,678 8968 INFO Asset odoo.addons.base.models.ir_cron: Job `Snailmail: process letters queue` done. 
2024-07-23 17:11:49,688 8968 INFO Asset odoo.addons.base.models.ir_cron: Starting job `SMS: SMS Queue Manager`. 
2024-07-23 17:11:49,688 8968 INFO Asset odoo.addons.base.models.ir_cron: Job `SMS: SMS Queue Manager` done. 
2024-07-23 17:11:49,698 8968 INFO Asset odoo.addons.base.models.ir_cron: Starting job `Notification: Send scheduled message notifications`. 
2024-07-23 17:11:49,708 8968 INFO Asset odoo.addons.base.models.ir_cron: Job `Notification: Send scheduled message notifications` done. 
2024-07-23 17:11:49,719 8968 INFO Asset odoo.addons.base.models.ir_cron: Starting job `Partner Autocomplete : Sync with remote DB`. 
2024-07-23 17:11:49,723 8968 INFO Asset odoo.addons.base.models.ir_cron: Job `Partner Autocomplete : Sync with remote DB` done. 
2024-07-23 17:11:55,254 8968 INFO Asset odoo.addons.base.models.ir_cron: Starting job `payment: post-process transactions`. 
2024-07-23 17:11:55,261 8968 INFO Asset odoo.addons.base.models.ir_cron: Job `payment: post-process transactions` done. 
2024-07-23 17:22:05,470 8968 INFO Asset odoo.addons.base.models.ir_cron: Starting job `payment: post-process transactions`. 
2024-07-23 17:22:05,480 8968 INFO Asset odoo.addons.base.models.ir_cron: Job `payment: post-process transactions` done. 
2024-07-23 17:32:15,743 8968 INFO Asset odoo.addons.base.models.ir_cron: Starting job `payment: post-process transactions`. 
2024-07-23 17:32:15,743 8968 INFO Asset odoo.addons.base.models.ir_cron: Job `payment: post-process transactions` done. 
2024-07-23 17:36:56,128 8968 INFO Asset werkzeug: 127.0.0.1 - - [23/Jul/2024 17:36:56] "GET /websocket HTTP/1.1" 101 - 1 0.000 0.010
2024-07-23 17:42:25,969 8968 INFO Asset odoo.addons.base.models.ir_cron: Starting job `payment: post-process transactions`. 
2024-07-23 17:42:25,969 8968 INFO Asset odoo.addons.base.models.ir_cron: Job `payment: post-process transactions` done. 
2024-07-23 17:52:36,189 8968 INFO Asset odoo.addons.base.models.ir_cron: Starting job `payment: post-process transactions`. 
2024-07-23 17:52:36,194 8968 INFO Asset odoo.addons.base.models.ir_cron: Job `payment: post-process transactions` done. 
2024-07-23 18:02:46,439 8968 INFO Asset odoo.addons.base.models.ir_cron: Starting job `payment: post-process transactions`. 
2024-07-23 18:02:46,449 8968 INFO Asset odoo.addons.base.models.ir_cron: Job `payment: post-process transactions` done. 
2024-07-23 18:11:49,982 8968 INFO Asset odoo.addons.base.models.ir_cron: Starting job `Mail: Email Queue Manager`. 
2024-07-23 18:11:49,992 8968 INFO Asset odoo.addons.base.models.ir_cron: Job `Mail: Email Queue Manager` done. 
2024-07-23 18:11:50,002 8968 INFO Asset odoo.addons.base.models.ir_cron: Starting job `Snailmail: process letters queue`. 
2024-07-23 18:11:50,002 8968 INFO Asset odoo.addons.base.models.ir_cron: Job `Snailmail: process letters queue` done. 
2024-07-23 18:11:50,012 8968 INFO Asset odoo.addons.base.models.ir_cron: Starting job `SMS: SMS Queue Manager`. 
2024-07-23 18:11:50,025 8968 INFO Asset odoo.addons.base.models.ir_cron: Job `SMS: SMS Queue Manager` done. 
2024-07-23 18:11:50,029 8968 INFO Asset odoo.addons.base.models.ir_cron: Starting job `Notification: Send scheduled message notifications`. 
2024-07-23 18:11:50,039 8968 INFO Asset odoo.addons.base.models.ir_cron: Job `Notification: Send scheduled message notifications` done. 
2024-07-23 18:11:50,039 8968 INFO Asset odoo.addons.base.models.ir_cron: Starting job `Partner Autocomplete : Sync with remote DB`. 
2024-07-23 18:11:50,049 8968 INFO Asset odoo.addons.base.models.ir_cron: Job `Partner Autocomplete : Sync with remote DB` done. 
2024-07-23 18:11:55,651 8968 INFO Asset odoo.addons.base.models.ir_cron: Starting job `payment: post-process transactions`. 
2024-07-23 18:11:55,661 8968 INFO Asset odoo.addons.base.models.ir_cron: Job `payment: post-process transactions` done. 
2024-07-23 18:21:50,101 8968 INFO Asset odoo.addons.base.models.ir_cron: Starting job `payment: post-process transactions`. 
2024-07-23 18:21:50,112 8968 INFO Asset odoo.addons.base.models.ir_cron: Job `payment: post-process transactions` done. 
2024-07-23 18:31:50,164 8968 INFO Asset odoo.addons.base.models.ir_cron: Starting job `payment: post-process transactions`. 
2024-07-23 18:31:50,174 8968 INFO Asset odoo.addons.base.models.ir_cron: Job `payment: post-process transactions` done. 
2024-07-23 18:41:50,232 8968 INFO Asset odoo.addons.base.models.ir_cron: Starting job `payment: post-process transactions`. 
2024-07-23 18:41:50,239 8968 INFO Asset odoo.addons.base.models.ir_cron: Job `payment: post-process transactions` done. 
2024-07-23 18:51:40,506 8968 INFO Asset werkzeug: 127.0.0.1 - - [23/Jul/2024 18:51:40] "GET /websocket HTTP/1.1" 101 - 1 0.000 0.013
2024-07-23 18:51:50,289 8968 INFO Asset odoo.addons.base.models.ir_cron: Starting job `payment: post-process transactions`. 
2024-07-23 18:51:50,299 8968 INFO Asset odoo.addons.base.models.ir_cron: Job `payment: post-process transactions` done. 
2024-07-23 19:01:50,349 8968 INFO Asset odoo.addons.base.models.ir_cron: Starting job `payment: post-process transactions`. 
2024-07-23 19:01:50,349 8968 INFO Asset odoo.addons.base.models.ir_cron: Job `payment: post-process transactions` done. 
2024-07-23 19:11:50,415 8968 INFO Asset odoo.addons.base.models.ir_cron: Starting job `Mail: Email Queue Manager`. 
2024-07-23 19:11:50,425 8968 INFO Asset odoo.addons.base.models.ir_cron: Job `Mail: Email Queue Manager` done. 
2024-07-23 19:11:50,435 8968 INFO Asset odoo.addons.base.models.ir_cron: Starting job `Snailmail: process letters queue`. 
2024-07-23 19:11:50,445 8968 INFO Asset odoo.addons.base.models.ir_cron: Job `Snailmail: process letters queue` done. 
2024-07-23 19:11:50,455 8968 INFO Asset odoo.addons.base.models.ir_cron: Starting job `SMS: SMS Queue Manager`. 
2024-07-23 19:11:50,465 8968 INFO Asset odoo.addons.base.models.ir_cron: Job `SMS: SMS Queue Manager` done. 
2024-07-23 19:11:50,475 8968 INFO Asset odoo.addons.base.models.ir_cron: Starting job `Notification: Send scheduled message notifications`. 
2024-07-23 19:11:50,475 8968 INFO Asset odoo.addons.base.models.ir_cron: Job `Notification: Send scheduled message notifications` done. 
2024-07-23 19:11:50,485 8968 INFO Asset odoo.addons.base.models.ir_cron: Starting job `Partner Autocomplete : Sync with remote DB`. 
2024-07-23 19:11:50,485 8968 INFO Asset odoo.addons.base.models.ir_cron: Job `Partner Autocomplete : Sync with remote DB` done. 
2024-07-23 19:11:50,501 8968 INFO Asset odoo.addons.base.models.ir_cron: Starting job `payment: post-process transactions`. 
2024-07-23 19:11:50,511 8968 INFO Asset odoo.addons.base.models.ir_cron: Job `payment: post-process transactions` done. 
2024-07-23 19:21:50,560 8968 INFO Asset odoo.addons.base.models.ir_cron: Starting job `payment: post-process transactions`. 
2024-07-23 19:21:50,570 8968 INFO Asset odoo.addons.base.models.ir_cron: Job `payment: post-process transactions` done. 
2024-07-23 19:31:50,634 8968 INFO Asset odoo.addons.base.models.ir_cron: Starting job `payment: post-process transactions`. 
2024-07-23 19:31:50,645 8968 INFO Asset odoo.addons.base.models.ir_cron: Job `payment: post-process transactions` done. 
2024-07-23 19:41:50,707 8968 INFO Asset odoo.addons.base.models.ir_cron: Starting job `payment: post-process transactions`. 
2024-07-23 19:41:50,717 8968 INFO Asset odoo.addons.base.models.ir_cron: Job `payment: post-process transactions` done. 
2024-07-23 19:51:50,761 8968 INFO Asset odoo.addons.base.models.ir_cron: Starting job `payment: post-process transactions`. 
2024-07-23 19:51:50,771 8968 INFO Asset odoo.addons.base.models.ir_cron: Job `payment: post-process transactions` done. 
2024-07-23 20:01:50,825 8968 INFO Asset odoo.addons.base.models.ir_cron: Starting job `payment: post-process transactions`. 
2024-07-23 20:01:50,835 8968 INFO Asset odoo.addons.base.models.ir_cron: Job `payment: post-process transactions` done. 
2024-07-23 20:11:50,874 8968 INFO Asset odoo.addons.base.models.ir_cron: Starting job `Notification: Send scheduled message notifications`. 
2024-07-23 20:11:50,884 8968 INFO Asset odoo.addons.base.models.ir_cron: Job `Notification: Send scheduled message notifications` done. 
2024-07-23 20:11:50,894 8968 INFO Asset odoo.addons.base.models.ir_cron: Starting job `Partner Autocomplete : Sync with remote DB`. 
2024-07-23 20:11:50,904 8968 INFO Asset odoo.addons.base.models.ir_cron: Job `Partner Autocomplete : Sync with remote DB` done. 
2024-07-23 20:11:50,914 8968 INFO Asset odoo.addons.base.models.ir_cron: Starting job `payment: post-process transactions`. 
2024-07-23 20:11:50,914 8968 INFO Asset odoo.addons.base.models.ir_cron: Job `payment: post-process transactions` done. 
2024-07-23 20:11:50,934 8968 INFO Asset odoo.addons.base.models.ir_cron: Starting job `Mail: Email Queue Manager`. 
2024-07-23 20:11:50,934 8968 INFO Asset odoo.addons.base.models.ir_cron: Job `Mail: Email Queue Manager` done. 
2024-07-23 20:11:50,953 8968 INFO Asset odoo.addons.base.models.ir_cron: Starting job `Snailmail: process letters queue`. 
2024-07-23 20:11:50,958 8968 INFO Asset odoo.addons.base.models.ir_cron: Job `Snailmail: process letters queue` done. 
2024-07-23 20:11:50,968 8968 INFO Asset odoo.addons.base.models.ir_cron: Starting job `SMS: SMS Queue Manager`. 
2024-07-23 20:11:50,970 8968 INFO Asset odoo.addons.base.models.ir_cron: Job `SMS: SMS Queue Manager` done. 
2024-07-23 20:13:55,944 8968 INFO Asset werkzeug: 127.0.0.1 - - [23/Jul/2024 20:13:55] "GET /websocket HTTP/1.1" 101 - 1 0.000 0.009
2024-07-23 20:21:51,033 8968 INFO Asset odoo.addons.base.models.ir_cron: Starting job `payment: post-process transactions`. 
2024-07-23 20:21:51,037 8968 INFO Asset odoo.addons.base.models.ir_cron: Job `payment: post-process transactions` done. 
2024-07-23 20:31:51,097 8968 INFO Asset odoo.addons.base.models.ir_cron: Starting job `payment: post-process transactions`. 
2024-07-23 20:31:51,097 8968 INFO Asset odoo.addons.base.models.ir_cron: Job `payment: post-process transactions` done. 
2024-07-23 20:41:51,168 8968 INFO Asset odoo.addons.base.models.ir_cron: Starting job `payment: post-process transactions`. 
2024-07-23 20:41:51,178 8968 INFO Asset odoo.addons.base.models.ir_cron: Job `payment: post-process transactions` done. 
2024-07-23 20:51:51,222 8968 INFO Asset odoo.addons.base.models.ir_cron: Starting job `payment: post-process transactions`. 
2024-07-23 20:51:51,227 8968 INFO Asset odoo.addons.base.models.ir_cron: Job `payment: post-process transactions` done. 
2024-07-23 21:01:51,295 8968 INFO Asset odoo.addons.base.models.ir_cron: Starting job `payment: post-process transactions`. 
2024-07-23 21:01:51,304 8968 INFO Asset odoo.addons.base.models.ir_cron: Job `payment: post-process transactions` done. 
2024-07-23 21:11:51,366 8968 INFO Asset odoo.addons.base.models.ir_cron: Starting job `payment: post-process transactions`. 
2024-07-23 21:11:51,371 8968 INFO Asset odoo.addons.base.models.ir_cron: Job `payment: post-process transactions` done. 
2024-07-23 21:11:51,387 8968 INFO Asset odoo.addons.base.models.ir_cron: Starting job `Notification: Send scheduled message notifications`. 
2024-07-23 21:11:51,391 8968 INFO Asset odoo.addons.base.models.ir_cron: Job `Notification: Send scheduled message notifications` done. 
2024-07-23 21:11:51,403 8968 INFO Asset odoo.addons.base.models.ir_cron: Starting job `Partner Autocomplete : Sync with remote DB`. 
2024-07-23 21:11:51,403 8968 INFO Asset odoo.addons.base.models.ir_cron: Job `Partner Autocomplete : Sync with remote DB` done. 
2024-07-23 21:11:51,413 8968 INFO Asset odoo.addons.base.models.ir_cron: Starting job `Mail: Email Queue Manager`. 
2024-07-23 21:11:51,419 8968 INFO Asset odoo.addons.base.models.ir_cron: Job `Mail: Email Queue Manager` done. 
2024-07-23 21:11:51,424 8968 INFO Asset odoo.addons.base.models.ir_cron: Starting job `Snailmail: process letters queue`. 
2024-07-23 21:11:51,434 8968 INFO Asset odoo.addons.base.models.ir_cron: Job `Snailmail: process letters queue` done. 
2024-07-23 21:11:51,435 8968 INFO Asset odoo.addons.base.models.ir_cron: Starting job `SMS: SMS Queue Manager`. 
2024-07-23 21:11:51,445 8968 INFO Asset odoo.addons.base.models.ir_cron: Job `SMS: SMS Queue Manager` done. 
2024-07-23 21:21:51,491 8968 INFO Asset odoo.addons.base.models.ir_cron: Starting job `payment: post-process transactions`. 
2024-07-23 21:21:51,498 8968 INFO Asset odoo.addons.base.models.ir_cron: Job `payment: post-process transactions` done. 
2024-07-23 21:24:56,009 8968 INFO Asset werkzeug: 127.0.0.1 - - [23/Jul/2024 21:24:56] "GET /websocket HTTP/1.1" 101 - 1 0.000 0.015
2024-07-23 21:31:51,548 8968 INFO Asset odoo.addons.base.models.ir_cron: Starting job `payment: post-process transactions`. 
2024-07-23 21:31:51,548 8968 INFO Asset odoo.addons.base.models.ir_cron: Job `payment: post-process transactions` done. 
2024-07-23 21:41:51,626 8968 INFO Asset odoo.addons.base.models.ir_cron: Starting job `payment: post-process transactions`. 
2024-07-23 21:41:51,632 8968 INFO Asset odoo.addons.base.models.ir_cron: Job `payment: post-process transactions` done. 
2024-07-23 21:51:51,703 8968 INFO Asset odoo.addons.base.models.ir_cron: Starting job `payment: post-process transactions`. 
2024-07-23 21:51:51,713 8968 INFO Asset odoo.addons.base.models.ir_cron: Job `payment: post-process transactions` done. 
2024-07-23 22:01:51,751 8968 INFO Asset odoo.addons.base.models.ir_cron: Starting job `payment: post-process transactions`. 
2024-07-23 22:01:51,762 8968 INFO Asset odoo.addons.base.models.ir_cron: Job `payment: post-process transactions` done. 
2024-07-23 22:11:51,811 8968 INFO Asset odoo.addons.base.models.ir_cron: Starting job `Notification: Send scheduled message notifications`. 
2024-07-23 22:11:51,817 8968 INFO Asset odoo.addons.base.models.ir_cron: Job `Notification: Send scheduled message notifications` done. 
2024-07-23 22:11:51,825 8968 INFO Asset odoo.addons.base.models.ir_cron: Starting job `Partner Autocomplete : Sync with remote DB`. 
2024-07-23 22:11:51,830 8968 INFO Asset odoo.addons.base.models.ir_cron: Job `Partner Autocomplete : Sync with remote DB` done. 
2024-07-23 22:11:51,835 8968 INFO Asset odoo.addons.base.models.ir_cron: Starting job `Mail: Email Queue Manager`. 
2024-07-23 22:11:51,845 8968 INFO Asset odoo.addons.base.models.ir_cron: Job `Mail: Email Queue Manager` done. 
2024-07-23 22:11:51,855 8968 INFO Asset odoo.addons.base.models.ir_cron: Starting job `Snailmail: process letters queue`. 
2024-07-23 22:11:51,855 8968 INFO Asset odoo.addons.base.models.ir_cron: Job `Snailmail: process letters queue` done. 
2024-07-23 22:11:51,875 8968 INFO Asset odoo.addons.base.models.ir_cron: Starting job `SMS: SMS Queue Manager`. 
2024-07-23 22:11:51,879 8968 INFO Asset odoo.addons.base.models.ir_cron: Job `SMS: SMS Queue Manager` done. 
2024-07-23 22:11:51,885 8968 INFO Asset odoo.addons.base.models.ir_cron: Starting job `payment: post-process transactions`. 
2024-07-23 22:11:51,885 8968 INFO Asset odoo.addons.base.models.ir_cron: Job `payment: post-process transactions` done. 
2024-07-23 22:12:51,913 8968 INFO Asset odoo.addons.base.models.ir_cron: Starting job `Account: Journal online sync`. 
2024-07-23 22:12:51,923 8968 INFO Asset odoo.addons.base.models.ir_cron: Job `Account: Journal online sync` done. 
2024-07-23 22:21:51,977 8968 INFO Asset odoo.addons.base.models.ir_cron: Starting job `payment: post-process transactions`. 
2024-07-23 22:21:51,987 8968 INFO Asset odoo.addons.base.models.ir_cron: Job `payment: post-process transactions` done. 
2024-07-23 22:31:52,063 8968 INFO Asset odoo.addons.base.models.ir_cron: Starting job `payment: post-process transactions`. 
2024-07-23 22:31:52,063 8968 INFO Asset odoo.addons.base.models.ir_cron: Job `payment: post-process transactions` done. 
2024-07-23 22:41:52,131 8968 INFO Asset odoo.addons.base.models.ir_cron: Starting job `payment: post-process transactions`. 
2024-07-23 22:41:52,131 8968 INFO Asset odoo.addons.base.models.ir_cron: Job `payment: post-process transactions` done. 
2024-07-23 22:46:55,435 8968 INFO Asset werkzeug: 127.0.0.1 - - [23/Jul/2024 22:46:55] "GET /websocket HTTP/1.1" 101 - 1 0.000 0.010
2024-07-23 22:51:52,190 8968 INFO Asset odoo.addons.base.models.ir_cron: Starting job `payment: post-process transactions`. 
2024-07-23 22:51:52,190 8968 INFO Asset odoo.addons.base.models.ir_cron: Job `payment: post-process transactions` done. 
2024-07-23 23:01:52,239 8968 INFO Asset odoo.addons.base.models.ir_cron: Starting job `payment: post-process transactions`. 
2024-07-23 23:01:52,249 8968 INFO Asset odoo.addons.base.models.ir_cron: Job `payment: post-process transactions` done. 
2024-07-23 23:11:52,301 8968 INFO Asset odoo.addons.base.models.ir_cron: Starting job `Notification: Send scheduled message notifications`. 
2024-07-23 23:11:52,311 8968 INFO Asset odoo.addons.base.models.ir_cron: Job `Notification: Send scheduled message notifications` done. 
2024-07-23 23:11:52,321 8968 INFO Asset odoo.addons.base.models.ir_cron: Starting job `Partner Autocomplete : Sync with remote DB`. 
2024-07-23 23:11:52,321 8968 INFO Asset odoo.addons.base.models.ir_cron: Job `Partner Autocomplete : Sync with remote DB` done. 
2024-07-23 23:11:52,331 8968 INFO Asset odoo.addons.base.models.ir_cron: Starting job `Mail: Email Queue Manager`. 
2024-07-23 23:11:52,341 8968 INFO Asset odoo.addons.base.models.ir_cron: Job `Mail: Email Queue Manager` done. 
2024-07-23 23:11:52,351 8968 INFO Asset odoo.addons.base.models.ir_cron: Starting job `Snailmail: process letters queue`. 
2024-07-23 23:11:52,361 8968 INFO Asset odoo.addons.base.models.ir_cron: Job `Snailmail: process letters queue` done. 
2024-07-23 23:11:52,371 8968 INFO Asset odoo.addons.base.models.ir_cron: Starting job `SMS: SMS Queue Manager`. 
2024-07-23 23:11:52,371 8968 INFO Asset odoo.addons.base.models.ir_cron: Job `SMS: SMS Queue Manager` done. 
2024-07-23 23:11:52,381 8968 INFO Asset odoo.addons.base.models.ir_cron: Starting job `payment: post-process transactions`. 
2024-07-23 23:11:52,381 8968 INFO Asset odoo.addons.base.models.ir_cron: Job `payment: post-process transactions` done. 
2024-07-23 23:21:52,429 8968 INFO Asset odoo.addons.base.models.ir_cron: Starting job `payment: post-process transactions`. 
2024-07-23 23:21:52,439 8968 INFO Asset odoo.addons.base.models.ir_cron: Job `payment: post-process transactions` done. 
2024-07-23 23:31:52,493 8968 INFO Asset odoo.addons.base.models.ir_cron: Starting job `payment: post-process transactions`. 
2024-07-23 23:31:52,503 8968 INFO Asset odoo.addons.base.models.ir_cron: Job `payment: post-process transactions` done. 
2024-07-23 23:41:52,537 8968 INFO Asset odoo.addons.base.models.ir_cron: Starting job `payment: post-process transactions`. 
2024-07-23 23:41:52,547 8968 INFO Asset odoo.addons.base.models.ir_cron: Job `payment: post-process transactions` done. 
2024-07-23 23:51:52,619 8968 INFO Asset odoo.addons.base.models.ir_cron: Starting job `payment: post-process transactions`. 
2024-07-23 23:51:52,629 8968 INFO Asset odoo.addons.base.models.ir_cron: Job `payment: post-process transactions` done. 
2024-07-24 00:01:52,702 8968 INFO Asset odoo.addons.base.models.ir_cron: Starting job `payment: post-process transactions`. 
2024-07-24 00:01:52,712 8968 INFO Asset odoo.addons.base.models.ir_cron: Job `payment: post-process transactions` done. 
2024-07-24 00:11:52,775 8968 INFO Asset odoo.addons.base.models.ir_cron: Starting job `Snailmail: process letters queue`. 
2024-07-24 00:11:52,785 8968 INFO Asset odoo.addons.base.models.ir_cron: Job `Snailmail: process letters queue` done. 
2024-07-24 00:11:52,795 8968 INFO Asset odoo.addons.base.models.ir_cron: Starting job `SMS: SMS Queue Manager`. 
2024-07-24 00:11:52,795 8968 INFO Asset odoo.addons.base.models.ir_cron: Job `SMS: SMS Queue Manager` done. 
2024-07-24 00:11:52,815 8968 INFO Asset odoo.addons.base.models.ir_cron: Starting job `payment: post-process transactions`. 
2024-07-24 00:11:52,815 8968 INFO Asset odoo.addons.base.models.ir_cron: Job `payment: post-process transactions` done. 
2024-07-24 00:11:52,825 8968 INFO Asset odoo.addons.base.models.ir_cron: Starting job `Notification: Send scheduled message notifications`. 
2024-07-24 00:11:52,835 8968 INFO Asset odoo.addons.base.models.ir_cron: Job `Notification: Send scheduled message notifications` done. 
2024-07-24 00:11:52,845 8968 INFO Asset odoo.addons.base.models.ir_cron: Starting job `Partner Autocomplete : Sync with remote DB`. 
2024-07-24 00:11:52,845 8968 INFO Asset odoo.addons.base.models.ir_cron: Job `Partner Autocomplete : Sync with remote DB` done. 
2024-07-24 00:11:52,855 8968 INFO Asset odoo.addons.base.models.ir_cron: Starting job `Mail: Email Queue Manager`. 
2024-07-24 00:11:52,865 8968 INFO Asset odoo.addons.base.models.ir_cron: Job `Mail: Email Queue Manager` done. 
2024-07-24 00:14:55,973 8968 INFO Asset werkzeug: 127.0.0.1 - - [24/Jul/2024 00:14:55] "GET /websocket HTTP/1.1" 101 - 1 0.000 0.010
2024-07-24 00:21:52,913 8968 INFO Asset odoo.addons.base.models.ir_cron: Starting job `payment: post-process transactions`. 
2024-07-24 00:21:52,923 8968 INFO Asset odoo.addons.base.models.ir_cron: Job `payment: post-process transactions` done. 
2024-07-24 00:31:52,961 8968 INFO Asset odoo.addons.base.models.ir_cron: Starting job `payment: post-process transactions`. 
2024-07-24 00:31:52,971 8968 INFO Asset odoo.addons.base.models.ir_cron: Job `payment: post-process transactions` done. 
2024-07-24 00:41:53,036 8968 INFO Asset odoo.addons.base.models.ir_cron: Starting job `payment: post-process transactions`. 
2024-07-24 00:41:53,047 8968 INFO Asset odoo.addons.base.models.ir_cron: Job `payment: post-process transactions` done. 
2024-07-24 00:51:53,090 8968 INFO Asset odoo.addons.base.models.ir_cron: Starting job `payment: post-process transactions`. 
2024-07-24 00:51:53,103 8968 INFO Asset odoo.addons.base.models.ir_cron: Job `payment: post-process transactions` done. 
2024-07-24 01:01:53,171 8968 INFO Asset odoo.addons.base.models.ir_cron: Starting job `payment: post-process transactions`. 
2024-07-24 01:01:53,182 8968 INFO Asset odoo.addons.base.models.ir_cron: Job `payment: post-process transactions` done. 
2024-07-24 01:11:53,240 8968 INFO Asset odoo.addons.base.models.ir_cron: Starting job `payment: post-process transactions`. 
2024-07-24 01:11:53,250 8968 INFO Asset odoo.addons.base.models.ir_cron: Job `payment: post-process transactions` done. 
2024-07-24 01:11:53,260 8968 INFO Asset odoo.addons.base.models.ir_cron: Starting job `Snailmail: process letters queue`. 
2024-07-24 01:11:53,270 8968 INFO Asset odoo.addons.base.models.ir_cron: Job `Snailmail: process letters queue` done. 
2024-07-24 01:11:53,280 8968 INFO Asset odoo.addons.base.models.ir_cron: Starting job `SMS: SMS Queue Manager`. 
2024-07-24 01:11:53,280 8968 INFO Asset odoo.addons.base.models.ir_cron: Job `SMS: SMS Queue Manager` done. 
2024-07-24 01:11:53,290 8968 INFO Asset odoo.addons.base.models.ir_cron: Starting job `Notification: Send scheduled message notifications`. 
2024-07-24 01:11:53,300 8968 INFO Asset odoo.addons.base.models.ir_cron: Job `Notification: Send scheduled message notifications` done. 
2024-07-24 01:11:53,309 8968 INFO Asset odoo.addons.base.models.ir_cron: Starting job `Partner Autocomplete : Sync with remote DB`. 
2024-07-24 01:11:53,311 8968 INFO Asset odoo.addons.base.models.ir_cron: Job `Partner Autocomplete : Sync with remote DB` done. 
2024-07-24 01:11:53,323 8968 INFO Asset odoo.addons.base.models.ir_cron: Starting job `Mail: Email Queue Manager`. 
2024-07-24 01:11:53,328 8968 INFO Asset odoo.addons.base.models.ir_cron: Job `Mail: Email Queue Manager` done. 
2024-07-24 01:21:53,391 8968 INFO Asset odoo.addons.base.models.ir_cron: Starting job `payment: post-process transactions`. 
2024-07-24 01:21:53,401 8968 INFO Asset odoo.addons.base.models.ir_cron: Job `payment: post-process transactions` done. 
2024-07-24 01:31:53,474 8968 INFO Asset odoo.addons.base.models.ir_cron: Starting job `payment: post-process transactions`. 
2024-07-24 01:31:53,484 8968 INFO Asset odoo.addons.base.models.ir_cron: Job `payment: post-process transactions` done. 
2024-07-24 01:34:10,271 8968 INFO Asset werkzeug: 127.0.0.1 - - [24/Jul/2024 01:34:10] "GET /websocket HTTP/1.1" 101 - 1 0.000 0.010
2024-07-24 01:41:53,538 8968 INFO Asset odoo.addons.base.models.ir_cron: Starting job `payment: post-process transactions`. 
2024-07-24 01:41:53,549 8968 INFO Asset odoo.addons.base.models.ir_cron: Job `payment: post-process transactions` done. 
2024-07-24 01:51:53,612 8968 INFO Asset odoo.addons.base.models.ir_cron: Starting job `payment: post-process transactions`. 
2024-07-24 01:51:53,612 8968 INFO Asset odoo.addons.base.models.ir_cron: Job `payment: post-process transactions` done. 
2024-07-24 02:00:46,455 8968 INFO Asset odoo.addons.base.models.ir_cron: Starting job `Account: Post draft entries with auto_post enabled and accounting date up to today`. 
2024-07-24 02:00:46,465 8968 INFO Asset odoo.addons.base.models.ir_cron: Job `Account: Post draft entries with auto_post enabled and accounting date up to today` done. 
2024-07-24 02:00:46,475 8968 INFO Asset odoo.addons.base.models.ir_cron: Starting job `Account Report Followup; Execute followup`. 
2024-07-24 02:00:46,536 8968 INFO Asset odoo.addons.base.models.ir_cron: Job `Account Report Followup; Execute followup` done. 
2024-07-24 02:01:53,684 8968 INFO Asset odoo.addons.base.models.ir_cron: Starting job `payment: post-process transactions`. 
2024-07-24 02:01:53,689 8968 INFO Asset odoo.addons.base.models.ir_cron: Job `payment: post-process transactions` done. 
2024-07-24 02:11:53,751 8968 INFO Asset odoo.addons.base.models.ir_cron: Starting job `payment: post-process transactions`. 
2024-07-24 02:11:53,763 8968 INFO Asset odoo.addons.base.models.ir_cron: Job `payment: post-process transactions` done. 
2024-07-24 02:11:53,775 8968 INFO Asset odoo.addons.base.models.ir_cron: Starting job `Snailmail: process letters queue`. 
2024-07-24 02:11:53,778 8968 INFO Asset odoo.addons.base.models.ir_cron: Job `Snailmail: process letters queue` done. 
2024-07-24 02:11:53,787 8968 INFO Asset odoo.addons.base.models.ir_cron: Starting job `SMS: SMS Queue Manager`. 
2024-07-24 02:11:53,791 8968 INFO Asset odoo.addons.base.models.ir_cron: Job `SMS: SMS Queue Manager` done. 
2024-07-24 02:11:53,801 8968 INFO Asset odoo.addons.base.models.ir_cron: Starting job `Notification: Send scheduled message notifications`. 
2024-07-24 02:11:53,801 8968 INFO Asset odoo.addons.base.models.ir_cron: Job `Notification: Send scheduled message notifications` done. 
2024-07-24 02:11:53,811 8968 INFO Asset odoo.addons.base.models.ir_cron: Starting job `Partner Autocomplete : Sync with remote DB`. 
2024-07-24 02:11:53,821 8968 INFO Asset odoo.addons.base.models.ir_cron: Job `Partner Autocomplete : Sync with remote DB` done. 
2024-07-24 02:11:53,831 8968 INFO Asset odoo.addons.base.models.ir_cron: Starting job `Mail: Email Queue Manager`. 
2024-07-24 02:11:53,831 8968 INFO Asset odoo.addons.base.models.ir_cron: Job `Mail: Email Queue Manager` done. 
2024-07-24 02:21:53,887 8968 INFO Asset odoo.addons.base.models.ir_cron: Starting job `payment: post-process transactions`. 
2024-07-24 02:21:53,897 8968 INFO Asset odoo.addons.base.models.ir_cron: Job `payment: post-process transactions` done. 
2024-07-24 02:31:53,957 8968 INFO Asset odoo.addons.base.models.ir_cron: Starting job `payment: post-process transactions`. 
2024-07-24 02:31:53,967 8968 INFO Asset odoo.addons.base.models.ir_cron: Job `payment: post-process transactions` done. 
2024-07-24 02:41:54,038 8968 INFO Asset odoo.addons.base.models.ir_cron: Starting job `payment: post-process transactions`. 
2024-07-24 02:41:54,047 8968 INFO Asset odoo.addons.base.models.ir_cron: Job `payment: post-process transactions` done. 
2024-07-24 02:51:54,090 8968 INFO Asset odoo.addons.base.models.ir_cron: Starting job `payment: post-process transactions`. 
2024-07-24 02:51:54,100 8968 INFO Asset odoo.addons.base.models.ir_cron: Job `payment: post-process transactions` done. 
2024-07-24 02:54:11,008 8968 INFO Asset werkzeug: 127.0.0.1 - - [24/Jul/2024 02:54:11] "GET /websocket HTTP/1.1" 101 - 1 0.000 0.005
2024-07-24 03:00:54,150 8968 INFO Asset odoo.addons.base.models.ir_cron: Starting job `Project: Create Recurring Tasks`. 
2024-07-24 03:00:54,160 8968 INFO Asset odoo.addons.base.models.ir_cron: Job `Project: Create Recurring Tasks` done. 
2024-07-24 03:01:54,175 8968 INFO Asset odoo.addons.base.models.ir_cron: Starting job `payment: post-process transactions`. 
2024-07-24 03:01:54,185 8968 INFO Asset odoo.addons.base.models.ir_cron: Job `payment: post-process transactions` done. 
2024-07-24 03:11:54,241 8968 INFO Asset odoo.addons.base.models.ir_cron: Starting job `Snailmail: process letters queue`. 
2024-07-24 03:11:54,245 8968 INFO Asset odoo.addons.base.models.ir_cron: Job `Snailmail: process letters queue` done. 
2024-07-24 03:11:54,255 8968 INFO Asset odoo.addons.base.models.ir_cron: Starting job `SMS: SMS Queue Manager`. 
2024-07-24 03:11:54,255 8968 INFO Asset odoo.addons.base.models.ir_cron: Job `SMS: SMS Queue Manager` done. 
2024-07-24 03:11:54,265 8968 INFO Asset odoo.addons.base.models.ir_cron: Starting job `Notification: Send scheduled message notifications`. 
2024-07-24 03:11:54,275 8968 INFO Asset odoo.addons.base.models.ir_cron: Job `Notification: Send scheduled message notifications` done. 
2024-07-24 03:11:54,285 8968 INFO Asset odoo.addons.base.models.ir_cron: Starting job `Partner Autocomplete : Sync with remote DB`. 
2024-07-24 03:11:54,285 8968 INFO Asset odoo.addons.base.models.ir_cron: Job `Partner Autocomplete : Sync with remote DB` done. 
2024-07-24 03:11:54,305 8968 INFO Asset odoo.addons.base.models.ir_cron: Starting job `Mail: Email Queue Manager`. 
2024-07-24 03:11:54,305 8968 INFO Asset odoo.addons.base.models.ir_cron: Job `Mail: Email Queue Manager` done. 
2024-07-24 03:11:54,315 8968 INFO Asset odoo.addons.base.models.ir_cron: Starting job `payment: post-process transactions`. 
2024-07-24 03:11:54,325 8968 INFO Asset odoo.addons.base.models.ir_cron: Job `payment: post-process transactions` done. 
2024-07-24 03:21:54,380 8968 INFO Asset odoo.addons.base.models.ir_cron: Starting job `payment: post-process transactions`. 
2024-07-24 03:21:54,390 8968 INFO Asset odoo.addons.base.models.ir_cron: Job `payment: post-process transactions` done. 
2024-07-24 03:31:54,445 8968 INFO Asset odoo.addons.base.models.ir_cron: Starting job `payment: post-process transactions`. 
2024-07-24 03:31:54,455 8968 INFO Asset odoo.addons.base.models.ir_cron: Job `payment: post-process transactions` done. 
2024-07-24 03:41:54,500 8968 INFO Asset odoo.addons.base.models.ir_cron: Starting job `payment: post-process transactions`. 
2024-07-24 03:41:54,510 8968 INFO Asset odoo.addons.base.models.ir_cron: Job `payment: post-process transactions` done. 
2024-07-24 03:51:54,572 8968 INFO Asset odoo.addons.base.models.ir_cron: Starting job `payment: post-process transactions`. 
2024-07-24 03:51:54,582 8968 INFO Asset odoo.addons.base.models.ir_cron: Job `payment: post-process transactions` done. 
2024-07-24 04:01:54,647 8968 INFO Asset odoo.addons.base.models.ir_cron: Starting job `payment: post-process transactions`. 
2024-07-24 04:01:54,657 8968 INFO Asset odoo.addons.base.models.ir_cron: Job `payment: post-process transactions` done. 
2024-07-24 04:11:54,732 8968 INFO Asset odoo.addons.base.models.ir_cron: Starting job `SMS: SMS Queue Manager`. 
2024-07-24 04:11:54,732 8968 INFO Asset odoo.addons.base.models.ir_cron: Job `SMS: SMS Queue Manager` done. 
2024-07-24 04:11:54,742 8968 INFO Asset odoo.addons.base.models.ir_cron: Starting job `Notification: Send scheduled message notifications`. 
2024-07-24 04:11:54,752 8968 INFO Asset odoo.addons.base.models.ir_cron: Job `Notification: Send scheduled message notifications` done. 
2024-07-24 04:11:54,762 8968 INFO Asset odoo.addons.base.models.ir_cron: Starting job `Partner Autocomplete : Sync with remote DB`. 
2024-07-24 04:11:54,772 8968 INFO Asset odoo.addons.base.models.ir_cron: Job `Partner Autocomplete : Sync with remote DB` done. 
2024-07-24 04:11:54,782 8968 INFO Asset odoo.addons.base.models.ir_cron: Starting job `Mail: Email Queue Manager`. 
2024-07-24 04:11:54,782 8968 INFO Asset odoo.addons.base.models.ir_cron: Job `Mail: Email Queue Manager` done. 
2024-07-24 04:11:54,792 8968 INFO Asset odoo.addons.base.models.ir_cron: Starting job `payment: post-process transactions`. 
2024-07-24 04:11:54,792 8968 INFO Asset odoo.addons.base.models.ir_cron: Job `payment: post-process transactions` done. 
2024-07-24 04:11:54,802 8968 INFO Asset odoo.addons.base.models.ir_cron: Starting job `Snailmail: process letters queue`. 
2024-07-24 04:11:54,812 8968 INFO Asset odoo.addons.base.models.ir_cron: Job `Snailmail: process letters queue` done. 
2024-07-24 04:21:54,866 8968 INFO Asset odoo.addons.base.models.ir_cron: Starting job `payment: post-process transactions`. 
2024-07-24 04:21:54,876 8968 INFO Asset odoo.addons.base.models.ir_cron: Job `payment: post-process transactions` done. 
2024-07-24 04:22:10,357 8968 INFO Asset werkzeug: 127.0.0.1 - - [24/Jul/2024 04:22:10] "GET /websocket HTTP/1.1" 101 - 1 0.000 0.010
2024-07-24 04:31:54,931 8968 INFO Asset odoo.addons.base.models.ir_cron: Starting job `payment: post-process transactions`. 
2024-07-24 04:31:54,941 8968 INFO Asset odoo.addons.base.models.ir_cron: Job `payment: post-process transactions` done. 
2024-07-24 04:41:54,985 8968 INFO Asset odoo.addons.base.models.ir_cron: Starting job `payment: post-process transactions`. 
2024-07-24 04:41:54,990 8968 INFO Asset odoo.addons.base.models.ir_cron: Job `payment: post-process transactions` done. 
2024-07-24 04:51:55,045 8968 INFO Asset odoo.addons.base.models.ir_cron: Starting job `payment: post-process transactions`. 
2024-07-24 04:51:55,045 8968 INFO Asset odoo.addons.base.models.ir_cron: Job `payment: post-process transactions` done. 
2024-07-24 05:01:55,116 8968 INFO Asset odoo.addons.base.models.ir_cron: Starting job `payment: post-process transactions`. 
2024-07-24 05:01:55,126 8968 INFO Asset odoo.addons.base.models.ir_cron: Job `payment: post-process transactions` done. 
2024-07-24 05:11:55,171 8968 INFO Asset odoo.addons.base.models.ir_cron: Starting job `Snailmail: process letters queue`. 
2024-07-24 05:11:55,181 8968 INFO Asset odoo.addons.base.models.ir_cron: Job `Snailmail: process letters queue` done. 
2024-07-24 05:11:55,191 8968 INFO Asset odoo.addons.base.models.ir_cron: Starting job `payment: post-process transactions`. 
2024-07-24 05:11:55,191 8968 INFO Asset odoo.addons.base.models.ir_cron: Job `payment: post-process transactions` done. 
2024-07-24 05:11:55,201 8968 INFO Asset odoo.addons.base.models.ir_cron: Starting job `SMS: SMS Queue Manager`. 
2024-07-24 05:11:55,211 8968 INFO Asset odoo.addons.base.models.ir_cron: Job `SMS: SMS Queue Manager` done. 
2024-07-24 05:11:55,221 8968 INFO Asset odoo.addons.base.models.ir_cron: Starting job `Notification: Send scheduled message notifications`. 
2024-07-24 05:11:55,221 8968 INFO Asset odoo.addons.base.models.ir_cron: Job `Notification: Send scheduled message notifications` done. 
2024-07-24 05:11:55,231 8968 INFO Asset odoo.addons.base.models.ir_cron: Starting job `Partner Autocomplete : Sync with remote DB`. 
2024-07-24 05:11:55,241 8968 INFO Asset odoo.addons.base.models.ir_cron: Job `Partner Autocomplete : Sync with remote DB` done. 
2024-07-24 05:11:55,251 8968 INFO Asset odoo.addons.base.models.ir_cron: Starting job `Mail: Email Queue Manager`. 
2024-07-24 05:11:55,251 8968 INFO Asset odoo.addons.base.models.ir_cron: Job `Mail: Email Queue Manager` done. 
2024-07-24 05:21:55,314 8968 INFO Asset odoo.addons.base.models.ir_cron: Starting job `payment: post-process transactions`. 
2024-07-24 05:21:55,324 8968 INFO Asset odoo.addons.base.models.ir_cron: Job `payment: post-process transactions` done. 
2024-07-24 05:31:55,398 8968 INFO Asset odoo.addons.base.models.ir_cron: Starting job `payment: post-process transactions`. 
2024-07-24 05:31:55,408 8968 INFO Asset odoo.addons.base.models.ir_cron: Job `payment: post-process transactions` done. 
2024-07-24 05:38:40,822 8968 INFO Asset werkzeug: 127.0.0.1 - - [24/Jul/2024 05:38:40] "GET /websocket HTTP/1.1" 101 - 1 0.000 0.010
2024-07-24 05:41:55,475 8968 INFO Asset odoo.addons.base.models.ir_cron: Starting job `payment: post-process transactions`. 
2024-07-24 05:41:55,485 8968 INFO Asset odoo.addons.base.models.ir_cron: Job `payment: post-process transactions` done. 
2024-07-24 05:51:55,543 8968 INFO Asset odoo.addons.base.models.ir_cron: Starting job `payment: post-process transactions`. 
2024-07-24 05:51:55,550 8968 INFO Asset odoo.addons.base.models.ir_cron: Job `payment: post-process transactions` done. 
2024-07-24 06:01:55,806 8968 INFO Asset odoo.addons.base.models.ir_cron: Starting job `payment: post-process transactions`. 
2024-07-24 06:01:55,812 8968 INFO Asset odoo.addons.base.models.ir_cron: Job `payment: post-process transactions` done. 
2024-07-24 06:11:55,865 8968 INFO Asset odoo.addons.base.models.ir_cron: Starting job `payment: post-process transactions`. 
2024-07-24 06:11:55,872 8968 INFO Asset odoo.addons.base.models.ir_cron: Job `payment: post-process transactions` done. 
2024-07-24 06:11:55,884 8968 INFO Asset odoo.addons.base.models.ir_cron: Starting job `Snailmail: process letters queue`. 
2024-07-24 06:11:55,889 8968 INFO Asset odoo.addons.base.models.ir_cron: Job `Snailmail: process letters queue` done. 
2024-07-24 06:11:55,902 8968 INFO Asset odoo.addons.base.models.ir_cron: Starting job `SMS: SMS Queue Manager`. 
2024-07-24 06:11:55,908 8968 INFO Asset odoo.addons.base.models.ir_cron: Job `SMS: SMS Queue Manager` done. 
2024-07-24 06:11:55,920 8968 INFO Asset odoo.addons.base.models.ir_cron: Starting job `Notification: Send scheduled message notifications`. 
2024-07-24 06:11:55,925 8968 INFO Asset odoo.addons.base.models.ir_cron: Job `Notification: Send scheduled message notifications` done. 
2024-07-24 06:11:55,936 8968 INFO Asset odoo.addons.base.models.ir_cron: Starting job `Partner Autocomplete : Sync with remote DB`. 
2024-07-24 06:11:55,942 8968 INFO Asset odoo.addons.base.models.ir_cron: Job `Partner Autocomplete : Sync with remote DB` done. 
2024-07-24 06:11:55,954 8968 INFO Asset odoo.addons.base.models.ir_cron: Starting job `Mail: Email Queue Manager`. 
2024-07-24 06:11:55,959 8968 INFO Asset odoo.addons.base.models.ir_cron: Job `Mail: Email Queue Manager` done. 
2024-07-24 06:21:56,007 8968 INFO Asset odoo.addons.base.models.ir_cron: Starting job `payment: post-process transactions`. 
2024-07-24 06:21:56,018 8968 INFO Asset odoo.addons.base.models.ir_cron: Job `payment: post-process transactions` done. 
2024-07-24 06:31:56,086 8968 INFO Asset odoo.addons.base.models.ir_cron: Starting job `payment: post-process transactions`. 
2024-07-24 06:31:56,086 8968 INFO Asset odoo.addons.base.models.ir_cron: Job `payment: post-process transactions` done. 
2024-07-24 06:39:55,774 8968 INFO Asset werkzeug: 127.0.0.1 - - [24/Jul/2024 06:39:55] "GET /websocket HTTP/1.1" 101 - 1 0.000 0.010
2024-07-24 06:41:56,159 8968 INFO Asset odoo.addons.base.models.ir_cron: Starting job `payment: post-process transactions`. 
2024-07-24 06:41:56,164 8968 INFO Asset odoo.addons.base.models.ir_cron: Job `payment: post-process transactions` done. 
2024-07-24 06:51:56,233 8968 INFO Asset odoo.addons.base.models.ir_cron: Starting job `payment: post-process transactions`. 
2024-07-24 06:51:56,239 8968 INFO Asset odoo.addons.base.models.ir_cron: Job `payment: post-process transactions` done. 
2024-07-24 07:01:56,296 8968 INFO Asset odoo.addons.base.models.ir_cron: Starting job `payment: post-process transactions`. 
2024-07-24 07:01:56,296 8968 INFO Asset odoo.addons.base.models.ir_cron: Job `payment: post-process transactions` done. 
2024-07-24 07:11:56,366 8968 INFO Asset odoo.addons.base.models.ir_cron: Starting job `Snailmail: process letters queue`. 
2024-07-24 07:11:56,373 8968 INFO Asset odoo.addons.base.models.ir_cron: Job `Snailmail: process letters queue` done. 
2024-07-24 07:11:56,388 8968 INFO Asset odoo.addons.base.models.ir_cron: Starting job `SMS: SMS Queue Manager`. 
2024-07-24 07:11:56,394 8968 INFO Asset odoo.addons.base.models.ir_cron: Job `SMS: SMS Queue Manager` done. 
2024-07-24 07:11:56,405 8968 INFO Asset odoo.addons.base.models.ir_cron: Starting job `Notification: Send scheduled message notifications`. 
2024-07-24 07:11:56,411 8968 INFO Asset odoo.addons.base.models.ir_cron: Job `Notification: Send scheduled message notifications` done. 
2024-07-24 07:11:56,426 8968 INFO Asset odoo.addons.base.models.ir_cron: Starting job `Partner Autocomplete : Sync with remote DB`. 
2024-07-24 07:11:56,432 8968 INFO Asset odoo.addons.base.models.ir_cron: Job `Partner Autocomplete : Sync with remote DB` done. 
2024-07-24 07:11:56,445 8968 INFO Asset odoo.addons.base.models.ir_cron: Starting job `Mail: Email Queue Manager`. 
2024-07-24 07:11:56,451 8968 INFO Asset odoo.addons.base.models.ir_cron: Job `Mail: Email Queue Manager` done. 
2024-07-24 07:11:56,461 8968 INFO Asset odoo.addons.base.models.ir_cron: Starting job `payment: post-process transactions`. 
2024-07-24 07:11:56,465 8968 INFO Asset odoo.addons.base.models.ir_cron: Job `payment: post-process transactions` done. 
2024-07-24 07:21:56,516 8968 INFO Asset odoo.addons.base.models.ir_cron: Starting job `payment: post-process transactions`. 
2024-07-24 07:21:56,522 8968 INFO Asset odoo.addons.base.models.ir_cron: Job `payment: post-process transactions` done. 
2024-07-24 07:31:56,579 8968 INFO Asset odoo.addons.base.models.ir_cron: Starting job `payment: post-process transactions`. 
2024-07-24 07:31:56,585 8968 INFO Asset odoo.addons.base.models.ir_cron: Job `payment: post-process transactions` done. 
2024-07-24 07:41:56,631 8968 INFO Asset odoo.addons.base.models.ir_cron: Starting job `payment: post-process transactions`. 
2024-07-24 07:41:56,638 8968 INFO Asset odoo.addons.base.models.ir_cron: Job `payment: post-process transactions` done. 
2024-07-24 07:51:56,692 8968 INFO Asset odoo.addons.base.models.ir_cron: Starting job `payment: post-process transactions`. 
2024-07-24 07:51:56,700 8968 INFO Asset odoo.addons.base.models.ir_cron: Job `payment: post-process transactions` done. 
2024-07-24 08:01:55,836 8968 INFO Asset werkzeug: 127.0.0.1 - - [24/Jul/2024 08:01:55] "GET /websocket HTTP/1.1" 101 - 1 0.001 0.010
2024-07-24 08:01:56,749 8968 INFO Asset odoo.addons.base.models.ir_cron: Starting job `payment: post-process transactions`. 
2024-07-24 08:01:56,756 8968 INFO Asset odoo.addons.base.models.ir_cron: Job `payment: post-process transactions` done. 
2024-07-24 08:11:56,806 8968 INFO Asset odoo.addons.base.models.ir_cron: Starting job `Notification: Send scheduled message notifications`. 
2024-07-24 08:11:56,813 8968 INFO Asset odoo.addons.base.models.ir_cron: Job `Notification: Send scheduled message notifications` done. 
2024-07-24 08:11:56,826 8968 INFO Asset odoo.addons.base.models.ir_cron: Starting job `Partner Autocomplete : Sync with remote DB`. 
2024-07-24 08:11:56,831 8968 INFO Asset odoo.addons.base.models.ir_cron: Job `Partner Autocomplete : Sync with remote DB` done. 
2024-07-24 08:11:56,842 8968 INFO Asset odoo.addons.base.models.ir_cron: Starting job `Mail: Email Queue Manager`. 
2024-07-24 08:11:56,848 8968 INFO Asset odoo.addons.base.models.ir_cron: Job `Mail: Email Queue Manager` done. 
2024-07-24 08:11:56,858 8968 INFO Asset odoo.addons.base.models.ir_cron: Starting job `payment: post-process transactions`. 
2024-07-24 08:11:56,864 8968 INFO Asset odoo.addons.base.models.ir_cron: Job `payment: post-process transactions` done. 
2024-07-24 08:11:56,873 8968 INFO Asset odoo.addons.base.models.ir_cron: Starting job `Snailmail: process letters queue`. 
2024-07-24 08:11:56,878 8968 INFO Asset odoo.addons.base.models.ir_cron: Job `Snailmail: process letters queue` done. 
2024-07-24 08:11:56,887 8968 INFO Asset odoo.addons.base.models.ir_cron: Starting job `SMS: SMS Queue Manager`. 
2024-07-24 08:11:56,892 8968 INFO Asset odoo.addons.base.models.ir_cron: Job `SMS: SMS Queue Manager` done. 
2024-07-24 08:21:56,944 8968 INFO Asset odoo.addons.base.models.ir_cron: Starting job `payment: post-process transactions`. 
2024-07-24 08:21:56,951 8968 INFO Asset odoo.addons.base.models.ir_cron: Job `payment: post-process transactions` done. 
2024-07-24 08:31:56,998 8968 INFO Asset odoo.addons.base.models.ir_cron: Starting job `payment: post-process transactions`. 
2024-07-24 08:31:57,004 8968 INFO Asset odoo.addons.base.models.ir_cron: Job `payment: post-process transactions` done. 
2024-07-24 08:41:57,059 8968 INFO Asset odoo.addons.base.models.ir_cron: Starting job `payment: post-process transactions`. 
2024-07-24 08:41:57,067 8968 INFO Asset odoo.addons.base.models.ir_cron: Job `payment: post-process transactions` done. 
2024-07-24 08:51:57,118 8968 INFO Asset odoo.addons.base.models.ir_cron: Starting job `payment: post-process transactions`. 
2024-07-24 08:51:57,124 8968 INFO Asset odoo.addons.base.models.ir_cron: Job `payment: post-process transactions` done. 
2024-07-24 09:01:57,174 8968 INFO Asset odoo.addons.base.models.ir_cron: Starting job `payment: post-process transactions`. 
2024-07-24 09:01:57,179 8968 INFO Asset odoo.addons.base.models.ir_cron: Job `payment: post-process transactions` done. 
2024-07-24 09:11:57,232 8968 INFO Asset odoo.addons.base.models.ir_cron: Starting job `payment: post-process transactions`. 
2024-07-24 09:11:57,232 8968 INFO Asset odoo.addons.base.models.ir_cron: Job `payment: post-process transactions` done. 
2024-07-24 09:11:57,252 8968 INFO Asset odoo.addons.base.models.ir_cron: Starting job `Notification: Send scheduled message notifications`. 
2024-07-24 09:11:57,252 8968 INFO Asset odoo.addons.base.models.ir_cron: Job `Notification: Send scheduled message notifications` done. 
2024-07-24 09:11:57,262 8968 INFO Asset odoo.addons.base.models.ir_cron: Starting job `Partner Autocomplete : Sync with remote DB`. 
2024-07-24 09:11:57,272 8968 INFO Asset odoo.addons.base.models.ir_cron: Job `Partner Autocomplete : Sync with remote DB` done. 
2024-07-24 09:11:57,282 8968 INFO Asset odoo.addons.base.models.ir_cron: Starting job `Mail: Email Queue Manager`. 
2024-07-24 09:11:57,282 8968 INFO Asset odoo.addons.base.models.ir_cron: Job `Mail: Email Queue Manager` done. 
2024-07-24 09:11:57,302 8968 INFO Asset odoo.addons.base.models.ir_cron: Starting job `Snailmail: process letters queue`. 
2024-07-24 09:11:57,302 8968 INFO Asset odoo.addons.base.models.ir_cron: Job `Snailmail: process letters queue` done. 
2024-07-24 09:11:57,322 8968 INFO Asset odoo.addons.base.models.ir_cron: Starting job `SMS: SMS Queue Manager`. 
2024-07-24 09:11:57,322 8968 INFO Asset odoo.addons.base.models.ir_cron: Job `SMS: SMS Queue Manager` done. 
2024-07-24 09:21:57,371 8968 INFO Asset odoo.addons.base.models.ir_cron: Starting job `payment: post-process transactions`. 
2024-07-24 09:21:57,377 8968 INFO Asset odoo.addons.base.models.ir_cron: Job `payment: post-process transactions` done. 
2024-07-24 09:23:10,296 8968 INFO Asset werkzeug: 127.0.0.1 - - [24/Jul/2024 09:23:10] "GET /websocket HTTP/1.1" 101 - 1 0.001 0.013
2024-07-24 09:31:57,438 8968 INFO Asset odoo.addons.base.models.ir_cron: Starting job `payment: post-process transactions`. 
2024-07-24 09:31:57,445 8968 INFO Asset odoo.addons.base.models.ir_cron: Job `payment: post-process transactions` done. 
2024-07-24 09:41:57,492 8968 INFO Asset odoo.addons.base.models.ir_cron: Starting job `payment: post-process transactions`. 
2024-07-24 09:41:57,503 8968 INFO Asset odoo.addons.base.models.ir_cron: Job `payment: post-process transactions` done. 
2024-07-24 09:51:57,556 8968 INFO Asset odoo.addons.base.models.ir_cron: Starting job `payment: post-process transactions`. 
2024-07-24 09:51:57,566 8968 INFO Asset odoo.addons.base.models.ir_cron: Job `payment: post-process transactions` done. 
2024-07-24 10:01:57,638 8968 INFO Asset odoo.addons.base.models.ir_cron: Starting job `payment: post-process transactions`. 
2024-07-24 10:01:57,648 8968 INFO Asset odoo.addons.base.models.ir_cron: Job `payment: post-process transactions` done. 
2024-07-24 10:11:57,703 8968 INFO Asset odoo.addons.base.models.ir_cron: Starting job `payment: post-process transactions`. 
2024-07-24 10:11:57,713 8968 INFO Asset odoo.addons.base.models.ir_cron: Job `payment: post-process transactions` done. 
2024-07-24 10:11:57,723 8968 INFO Asset odoo.addons.base.models.ir_cron: Starting job `Notification: Delete Notifications older than 6 Month`. 
2024-07-24 10:11:57,733 8968 INFO Asset odoo.addons.base.models.ir_cron: Job `Notification: Delete Notifications older than 6 Month` done. 
2024-07-24 10:11:57,743 8968 INFO Asset odoo.addons.base.models.ir_cron: Starting job `Users: Notify About Unregistered Users`. 
2024-07-24 10:11:57,753 8968 INFO Asset odoo.addons.base.models.ir_cron: Job `Users: Notify About Unregistered Users` done. 
2024-07-24 10:11:57,763 8968 INFO Asset odoo.addons.base.models.ir_cron: Starting job `Notification: Send scheduled message notifications`. 
2024-07-24 10:11:57,773 8968 INFO Asset odoo.addons.base.models.ir_cron: Job `Notification: Send scheduled message notifications` done. 
2024-07-24 10:11:57,783 8968 INFO Asset odoo.addons.base.models.ir_cron: Starting job `Partner Autocomplete : Sync with remote DB`. 
2024-07-24 10:11:57,793 8968 INFO Asset odoo.addons.base.models.ir_cron: Job `Partner Autocomplete : Sync with remote DB` done. 
2024-07-24 10:11:57,803 8968 INFO Asset odoo.addons.base.models.ir_cron: Starting job `Mail: Email Queue Manager`. 
2024-07-24 10:11:57,803 8968 INFO Asset odoo.addons.base.models.ir_cron: Job `Mail: Email Queue Manager` done. 
2024-07-24 10:11:57,813 8968 INFO Asset odoo.addons.base.models.ir_cron: Starting job `Snailmail: process letters queue`. 
2024-07-24 10:11:57,823 8968 INFO Asset odoo.addons.base.models.ir_cron: Job `Snailmail: process letters queue` done. 
2024-07-24 10:11:57,823 8968 INFO Asset odoo.addons.base.models.ir_cron: Starting job `SMS: SMS Queue Manager`. 
2024-07-24 10:11:57,833 8968 INFO Asset odoo.addons.base.models.ir_cron: Job `SMS: SMS Queue Manager` done. 
2024-07-24 10:12:57,851 8968 INFO Asset odoo.addons.base.models.ir_cron: Starting job `Invoice OCR: Parse Invoices`. 
2024-07-24 10:12:57,861 8968 INFO Asset odoo.addons.base.models.ir_cron: Job `Invoice OCR: Parse Invoices` done. 
2024-07-24 10:12:57,871 8968 INFO Asset odoo.addons.base.models.ir_cron: Starting job `Invoice OCR: Update All Status`. 
2024-07-24 10:12:57,871 8968 INFO Asset odoo.addons.base.models.ir_cron: Job `Invoice OCR: Update All Status` done. 
2024-07-24 10:12:57,881 8968 INFO Asset odoo.addons.base.models.ir_cron: Starting job `Invoice OCR: Validate Invoices`. 
2024-07-24 10:12:57,891 8968 INFO Asset odoo.addons.base.models.ir_cron: Job `Invoice OCR: Validate Invoices` done. 
2024-07-24 10:12:57,904 8968 INFO Asset odoo.addons.base.models.ir_cron: Starting job `Account automatic transfers : Perform transfers`. 
2024-07-24 10:12:57,904 8968 INFO Asset odoo.addons.base.models.ir_cron: Job `Account automatic transfers : Perform transfers` done. 
2024-07-24 10:12:57,916 8968 INFO Asset odoo.addons.base.models.ir_cron: Starting job `Currency: rate update`. 
2024-07-24 10:12:57,921 8968 INFO Asset odoo.addons.base.models.ir_cron: Job `Currency: rate update` done. 
2024-07-24 10:12:57,931 8968 INFO Asset odoo.addons.base.models.ir_cron: Starting job `Mail Marketing: Process queue`. 
2024-07-24 10:12:57,941 8968 INFO Asset odoo.addons.base.models.ir_cron: Job `Mail Marketing: Process queue` done. 
2024-07-24 10:12:57,951 8968 INFO Asset odoo.addons.base.models.ir_cron: Starting job `Project: Send rating`. 
2024-07-24 10:12:57,951 8968 INFO Asset odoo.addons.base.models.ir_cron: Job `Project: Send rating` done. 
2024-07-24 10:12:57,961 8968 INFO Asset odoo.addons.base.models.ir_cron: Starting job `Calendar: Event Reminder`. 
2024-07-24 10:12:57,979 8968 INFO Asset odoo.addons.base.models.ir_cron: Job `Calendar: Event Reminder` done. 
2024-07-24 10:12:57,981 8968 INFO Asset odoo.addons.base.models.ir_cron: Starting job `Account: Journal online sync`. 
2024-07-24 10:12:57,991 8968 INFO Asset odoo.addons.base.models.ir_cron: Job `Account: Journal online sync` done. 
2024-07-24 10:12:58,001 8968 INFO Asset odoo.addons.base.models.ir_cron: Starting job `Gamification: Goal Challenge Check`. 
2024-07-24 10:12:58,051 8968 INFO Asset odoo.addons.base.models.ir_cron: Job `Gamification: Goal Challenge Check` done. 
2024-07-24 10:12:58,051 8968 INFO Asset odoo.addons.base.models.ir_cron: Starting job `Try to reconcile automatically your statement lines`. 
2024-07-24 10:12:58,071 8968 INFO Asset odoo.addons.base.models.ir_cron: Job `Try to reconcile automatically your statement lines` done. 
2024-07-24 10:12:58,071 8968 INFO Asset odoo.addons.base.models.ir_cron: Starting job `HR Employee: check work permit validity`. 
2024-07-24 10:12:58,081 8968 INFO Asset odoo.addons.base.models.ir_cron: Job `HR Employee: check work permit validity` done. 
2024-07-24 10:21:58,124 8968 INFO Asset odoo.addons.base.models.ir_cron: Starting job `payment: post-process transactions`. 
2024-07-24 10:21:58,135 8968 INFO Asset odoo.addons.base.models.ir_cron: Job `payment: post-process transactions` done. 
2024-07-24 10:31:54,899 8968 INFO Asset werkzeug: 127.0.0.1 - - [24/Jul/2024 10:31:54] "GET /websocket HTTP/1.1" 101 - 1 0.001 0.012
2024-07-24 10:31:58,175 8968 INFO Asset odoo.addons.base.models.ir_cron: Starting job `payment: post-process transactions`. 
2024-07-24 10:31:58,186 8968 INFO Asset odoo.addons.base.models.ir_cron: Job `payment: post-process transactions` done. 
2024-07-24 10:41:58,233 8968 INFO Asset odoo.addons.base.models.ir_cron: Starting job `payment: post-process transactions`. 
2024-07-24 10:41:58,244 8968 INFO Asset odoo.addons.base.models.ir_cron: Job `payment: post-process transactions` done. 
2024-07-24 10:51:58,313 8968 INFO Asset odoo.addons.base.models.ir_cron: Starting job `payment: post-process transactions`. 
2024-07-24 10:51:58,318 8968 INFO Asset odoo.addons.base.models.ir_cron: Job `payment: post-process transactions` done. 
2024-07-24 11:01:58,362 8968 INFO Asset odoo.addons.base.models.ir_cron: Starting job `payment: post-process transactions`. 
2024-07-24 11:01:58,372 8968 INFO Asset odoo.addons.base.models.ir_cron: Job `payment: post-process transactions` done. 
2024-07-24 11:11:58,429 8968 INFO Asset odoo.addons.base.models.ir_cron: Starting job `Notification: Send scheduled message notifications`. 
2024-07-24 11:11:58,439 8968 INFO Asset odoo.addons.base.models.ir_cron: Job `Notification: Send scheduled message notifications` done. 
2024-07-24 11:11:58,450 8968 INFO Asset odoo.addons.base.models.ir_cron: Starting job `Partner Autocomplete : Sync with remote DB`. 
2024-07-24 11:11:58,450 8968 INFO Asset odoo.addons.base.models.ir_cron: Job `Partner Autocomplete : Sync with remote DB` done. 
2024-07-24 11:11:58,470 8968 INFO Asset odoo.addons.base.models.ir_cron: Starting job `payment: post-process transactions`. 
2024-07-24 11:11:58,470 8968 INFO Asset odoo.addons.base.models.ir_cron: Job `payment: post-process transactions` done. 
2024-07-24 11:11:58,480 8968 INFO Asset odoo.addons.base.models.ir_cron: Starting job `Mail: Email Queue Manager`. 
2024-07-24 11:11:58,490 8968 INFO Asset odoo.addons.base.models.ir_cron: Job `Mail: Email Queue Manager` done. 
2024-07-24 11:11:58,500 8968 INFO Asset odoo.addons.base.models.ir_cron: Starting job `Snailmail: process letters queue`. 
2024-07-24 11:11:58,505 8968 INFO Asset odoo.addons.base.models.ir_cron: Job `Snailmail: process letters queue` done. 
2024-07-24 11:11:58,516 8968 INFO Asset odoo.addons.base.models.ir_cron: Starting job `SMS: SMS Queue Manager`. 
2024-07-24 11:11:58,523 8968 INFO Asset odoo.addons.base.models.ir_cron: Job `SMS: SMS Queue Manager` done. 
2024-07-24 11:21:58,595 8968 INFO Asset odoo.addons.base.models.ir_cron: Starting job `payment: post-process transactions`. 
2024-07-24 11:21:58,605 8968 INFO Asset odoo.addons.base.models.ir_cron: Job `payment: post-process transactions` done. 
2024-07-24 11:31:58,654 8968 INFO Asset odoo.addons.base.models.ir_cron: Starting job `payment: post-process transactions`. 
2024-07-24 11:31:58,654 8968 INFO Asset odoo.addons.base.models.ir_cron: Job `payment: post-process transactions` done. 
2024-07-24 11:41:58,743 8968 INFO Asset odoo.addons.base.models.ir_cron: Starting job `payment: post-process transactions`. 
2024-07-24 11:41:58,753 8968 INFO Asset odoo.addons.base.models.ir_cron: Job `payment: post-process transactions` done. 
2024-07-24 11:45:40,741 8968 INFO Asset werkzeug: 127.0.0.1 - - [24/Jul/2024 11:45:40] "GET /websocket HTTP/1.1" 101 - 1 0.000 0.016
2024-07-24 11:51:58,802 8968 INFO Asset odoo.addons.base.models.ir_cron: Starting job `payment: post-process transactions`. 
2024-07-24 11:51:58,807 8968 INFO Asset odoo.addons.base.models.ir_cron: Job `payment: post-process transactions` done. 
2024-07-24 12:01:58,860 8968 INFO Asset odoo.addons.base.models.ir_cron: Starting job `payment: post-process transactions`. 
2024-07-24 12:01:58,866 8968 INFO Asset odoo.addons.base.models.ir_cron: Job `payment: post-process transactions` done. 
2024-07-24 12:11:58,645 8968 INFO Asset odoo.addons.base.models.ir_cron: Starting job `Snailmail: process letters queue`. 
2024-07-24 12:11:58,652 8968 INFO Asset odoo.addons.base.models.ir_cron: Job `Snailmail: process letters queue` done. 
2024-07-24 12:11:58,664 8968 INFO Asset odoo.addons.base.models.ir_cron: Starting job `SMS: SMS Queue Manager`. 
2024-07-24 12:11:58,669 8968 INFO Asset odoo.addons.base.models.ir_cron: Job `SMS: SMS Queue Manager` done. 
2024-07-24 12:11:58,680 8968 INFO Asset odoo.addons.base.models.ir_cron: Starting job `payment: post-process transactions`. 
2024-07-24 12:11:58,686 8968 INFO Asset odoo.addons.base.models.ir_cron: Job `payment: post-process transactions` done. 
2024-07-24 12:11:58,698 8968 INFO Asset odoo.addons.base.models.ir_cron: Starting job `Notification: Send scheduled message notifications`. 
2024-07-24 12:11:58,703 8968 INFO Asset odoo.addons.base.models.ir_cron: Job `Notification: Send scheduled message notifications` done. 
2024-07-24 12:11:58,713 8968 INFO Asset odoo.addons.base.models.ir_cron: Starting job `Partner Autocomplete : Sync with remote DB`. 
2024-07-24 12:11:58,716 8968 INFO Asset odoo.addons.base.models.ir_cron: Job `Partner Autocomplete : Sync with remote DB` done. 
2024-07-24 12:11:58,728 8968 INFO Asset odoo.addons.base.models.ir_cron: Starting job `Digest Emails`. 
2024-07-24 12:11:58,834 8968 INFO Asset odoo.addons.base.models.ir_cron: Job `Digest Emails` done. 
2024-07-24 12:11:58,845 8968 INFO Asset odoo.addons.base.models.ir_cron: Starting job `Mail: Email Queue Manager`. 
2024-07-24 12:12:02,885 8968 INFO Asset odoo.addons.base.models.ir_cron: Job `Mail: Email Queue Manager` done. 
2024-07-24 12:21:58,959 8968 INFO Asset odoo.addons.base.models.ir_cron: Starting job `payment: post-process transactions`. 
2024-07-24 12:21:58,966 8968 INFO Asset odoo.addons.base.models.ir_cron: Job `payment: post-process transactions` done. 
2024-07-24 12:31:59,017 8968 INFO Asset odoo.addons.base.models.ir_cron: Starting job `payment: post-process transactions`. 
2024-07-24 12:31:59,027 8968 INFO Asset odoo.addons.base.models.ir_cron: Job `payment: post-process transactions` done. 
2024-07-24 12:41:59,080 8968 INFO Asset odoo.addons.base.models.ir_cron: Starting job `payment: post-process transactions`. 
2024-07-24 12:41:59,086 8968 INFO Asset odoo.addons.base.models.ir_cron: Job `payment: post-process transactions` done. 
2024-07-24 12:46:09,911 8968 INFO Asset werkzeug: 127.0.0.1 - - [24/Jul/2024 12:46:09] "GET /websocket HTTP/1.1" 101 - 1 0.000 0.009
2024-07-24 12:51:59,132 8968 INFO Asset odoo.addons.base.models.ir_cron: Starting job `payment: post-process transactions`. 
2024-07-24 12:51:59,137 8968 INFO Asset odoo.addons.base.models.ir_cron: Job `payment: post-process transactions` done. 
2024-07-24 13:01:52,607 8968 INFO Asset odoo.addons.base.models.ir_cron: Starting job `payment: post-process transactions`. 
2024-07-24 13:01:52,615 8968 INFO Asset odoo.addons.base.models.ir_cron: Job `payment: post-process transactions` done. 
2024-07-24 13:11:59,213 8968 INFO Asset odoo.addons.base.models.ir_cron: Starting job `payment: post-process transactions`. 
2024-07-24 13:11:59,219 8968 INFO Asset odoo.addons.base.models.ir_cron: Job `payment: post-process transactions` done. 
2024-07-24 13:11:59,227 8968 INFO Asset odoo.addons.base.models.ir_cron: Starting job `Snailmail: process letters queue`. 
2024-07-24 13:11:59,233 8968 INFO Asset odoo.addons.base.models.ir_cron: Job `Snailmail: process letters queue` done. 
2024-07-24 13:11:59,243 8968 INFO Asset odoo.addons.base.models.ir_cron: Starting job `SMS: SMS Queue Manager`. 
2024-07-24 13:11:59,248 8968 INFO Asset odoo.addons.base.models.ir_cron: Job `SMS: SMS Queue Manager` done. 
2024-07-24 13:11:59,257 8968 INFO Asset odoo.addons.base.models.ir_cron: Starting job `Notification: Send scheduled message notifications`. 
2024-07-24 13:11:59,260 8968 INFO Asset odoo.addons.base.models.ir_cron: Job `Notification: Send scheduled message notifications` done. 
2024-07-24 13:11:59,266 8968 INFO Asset odoo.addons.base.models.ir_cron: Starting job `Partner Autocomplete : Sync with remote DB`. 
2024-07-24 13:11:59,274 8968 INFO Asset odoo.addons.base.models.ir_cron: Job `Partner Autocomplete : Sync with remote DB` done. 
2024-07-24 13:11:59,283 8968 INFO Asset odoo.addons.base.models.ir_cron: Starting job `Mail: Email Queue Manager`. 
2024-07-24 13:11:59,287 8968 INFO Asset odoo.addons.base.models.ir_cron: Job `Mail: Email Queue Manager` done. 
2024-07-24 13:21:59,327 8968 INFO Asset odoo.addons.base.models.ir_cron: Starting job `payment: post-process transactions`. 
2024-07-24 13:21:59,339 8968 INFO Asset odoo.addons.base.models.ir_cron: Job `payment: post-process transactions` done. 
2024-07-24 13:31:59,412 8968 INFO Asset odoo.addons.base.models.ir_cron: Starting job `payment: post-process transactions`. 
2024-07-24 13:31:59,412 8968 INFO Asset odoo.addons.base.models.ir_cron: Job `payment: post-process transactions` done. 
2024-07-24 13:41:59,474 8968 INFO Asset odoo.addons.base.models.ir_cron: Starting job `payment: post-process transactions`. 
2024-07-24 13:41:59,481 8968 INFO Asset odoo.addons.base.models.ir_cron: Job `payment: post-process transactions` done. 
2024-07-24 13:47:54,806 8968 INFO Asset werkzeug: 127.0.0.1 - - [24/Jul/2024 13:47:54] "GET /websocket HTTP/1.1" 101 - 1 0.000 0.014
2024-07-24 13:51:59,538 8968 INFO Asset odoo.addons.base.models.ir_cron: Starting job `payment: post-process transactions`. 
2024-07-24 13:51:59,548 8968 INFO Asset odoo.addons.base.models.ir_cron: Job `payment: post-process transactions` done. 
2024-07-24 13:54:59,574 8968 INFO Asset odoo.addons.base.models.ir_cron: Starting job `Base: Auto-vacuum internal data`. 
2024-07-24 13:54:59,621 8968 INFO Asset odoo.addons.base.models.ir_attachment: filestore gc 0 checked, 0 removed 
2024-07-24 13:54:59,694 8968 INFO Asset odoo.addons.base.models.res_users: GC'd 0 user log entries 
2024-07-24 13:54:59,730 8968 INFO Asset odoo.addons.auth_totp.models.auth_totp: GC'd 0 totp devices entries 
2024-07-24 13:54:59,776 8968 INFO Asset odoo.models.unlink: User #1 deleted bus.bus records with IDs: [1129, 1130, 1131, 1132, 1133, 1134, 1135, 1136, 1137, 1138, 1139, 1140, 1141, 1142, 1143, 1144, 1145, 1146, 1147, 1148, 1149, 1150, 1151, 1152, 1153, 1154, 1155, 1156, 1157, 1158, 1159, 1160, 1161, 1162, 1163, 1164, 1165, 1166, 1167, 1168, 1169, 1170, 1171, 1172, 1173, 1174, 1175, 1176, 1177, 1178, 1179, 1180, 1181, 1182, 1183, 1184, 1185, 1186, 1187, 1188, 1189, 1190, 1191, 1192, 1193, 1194, 1195, 1196, 1197, 1198, 1199, 1200, 1201, 1202, 1203, 1204, 1205, 1206, 1207, 1208, 1209, 1210, 1211, 1212, 1213, 1214, 1215, 1216, 1217, 1218, 1219, 1220, 1221, 1222, 1223, 1224, 1225, 1226, 1227, 1228, 1229, 1230, 1231, 1232, 1233, 1234, 1235, 1236, 1237, 1238, 1239, 1240, 1241, 1242, 1243, 1244, 1245, 1246, 1247, 1248, 1249, 1250, 1251, 1252, 1253, 1254, 1255, 1256, 1257, 1258, 1259, 1260, 1261, 1262, 1263, 1264, 1265, 1266, 1267, 1268, 1269, 1270, 1271, 1272, 1273, 1274, 1275, 1276, 1277, 1278, 1279, 1280, 1281, 1282, 1283, 1284, 1285, 1286, 1287, 1288, 1289, 1290, 1291, 1292, 1293, 1294, 1295, 1296, 1297, 1298, 1299, 1300, 1301, 1302, 1303, 1304, 1305, 1306, 1307, 1308, 1309, 1310, 1311, 1312, 1313, 1314, 1315, 1316, 1317, 1318, 1319, 1320, 1321, 1322, 1323, 1324, 1325, 1326, 1327, 1328, 1329, 1330, 1331, 1332, 1333, 1334, 1335, 1336, 1337, 1338, 1339, 1340, 1341, 1342, 1343, 1344, 1345, 1346, 1347, 1348, 1349, 1350, 1351, 1352, 1353, 1354, 1355, 1356, 1357, 1358, 1359, 1360, 1361, 1362, 1363, 1364, 1365, 1366, 1367, 1368, 1369, 1370, 1371, 1372, 1373, 1374, 1375, 1376, 1377, 1378, 1379, 1380, 1381, 1382, 1383, 1384, 1385, 1386, 1387, 1388, 1389, 1390, 1391, 1392, 1393, 1394, 1395, 1396, 1397, 1398, 1399, 1400, 1401, 1402, 1403, 1404, 1405, 1406, 1407, 1408, 1409, 1410, 1411, 1412, 1413, 1414, 1415, 1416, 1417, 1418, 1419, 1420, 1421, 1422, 1423, 1424, 1425, 1426, 1427, 1428, 1429, 1430, 1431, 1432, 1433, 1434, 1435, 1436, 1437, 1438, 1439, 1440, 1441, 1442, 1443, 1444, 1445, 1446, 1447, 1448, 1449, 1450, 1451, 1452, 1453, 1454, 1455, 1456, 1457, 1458, 1459, 1460, 1461, 1462, 1463, 1464, 1465, 1466, 1467, 1468, 1469, 1470, 1471, 1472, 1473, 1474, 1475, 1476, 1477, 1478, 1479, 1480, 1481, 1482, 1483, 1484, 1485, 1486, 1487, 1488, 1489, 1490, 1491, 1492, 1493, 1494, 1495, 1496, 1497, 1498, 1499, 1500, 1501, 1502, 1503, 1504, 1505, 1506, 1507, 1508, 1509, 1510, 1511, 1512, 1513, 1514, 1515, 1516, 1517, 1518, 1519, 1520, 1521, 1522, 1523, 1524, 1525, 1526, 1527, 1528, 1529, 1530, 1531, 1532, 1533, 1534, 1535, 1536, 1537, 1538, 1539, 1540, 1541, 1542, 1543, 1544, 1545, 1546, 1547, 1548, 1549, 1550, 1551, 1552, 1553, 1554, 1555, 1556, 1557, 1558, 1559, 1560, 1561, 1562, 1563, 1564, 1565, 1566, 1567, 1568, 1569, 1570, 1571, 1572, 1573, 1574, 1575, 1576, 1577, 1578, 1579, 1580, 1581, 1582, 1583, 1584, 1585, 1586, 1587, 1588, 1589, 1590, 1591, 1592, 1593, 1594, 1595, 1596, 1597, 1598, 1599, 1600, 1601, 1602, 1603, 1604, 1605, 1606, 1607, 1608, 1609, 1610, 1611, 1612, 1613, 1614, 1615, 1616, 1617, 1618, 1619, 1620, 1621, 1622, 1623, 1624, 1625, 1626, 1627, 1628, 1629, 1630, 1631, 1632, 1633, 1634, 1635, 1636, 1637, 1638, 1639, 1640, 1641, 1642, 1643, 1644, 1645, 1646, 1647, 1648, 1649, 1650, 1651, 1652, 1653, 1654, 1655, 1656, 1657, 1658, 1659, 1660, 1661, 1662, 1663, 1664, 1665, 1666, 1667, 1668, 1669, 1670, 1671, 1672, 1673, 1674, 1675, 1676, 1677, 1678, 1679, 1680, 1681, 1682, 1683, 1684, 1685, 1686, 1687, 1688, 1689, 1690, 1691, 1692, 1693, 1694, 1695, 1696, 1697, 1698, 1699, 1700, 1701, 1702, 1703, 1704, 1705, 1706, 1707, 1708, 1709, 1710, 1711, 1712, 1713, 1714, 1715, 1716, 1717, 1718, 1719, 1720, 1721, 1722, 1723, 1724, 1725, 1726, 1727, 1728, 1729, 1730, 1731, 1732, 1733, 1734, 1735, 1736, 1737, 1738, 1739, 1740, 1741, 1742, 1743, 1744, 1745, 1746, 1747, 1748, 1749, 1750, 1751, 1752, 1753, 1754, 1755, 1756, 1757, 1758, 1759, 1760, 1761, 1762, 1763, 1764, 1765, 1766, 1767, 1768, 1769, 1770, 1771, 1772, 1773, 1774, 1775, 1776, 1777, 1778, 1779, 1780, 1781, 1782, 1783, 1784, 1785, 1786, 1787, 1788, 1789, 1790, 1791, 1792, 1793, 1794, 1795, 1796, 1797, 1798, 1799, 1800, 1801, 1802, 1803, 1804, 1805, 1806, 1807, 1808, 1809, 1810, 1811, 1812, 1813, 1814, 1815, 1816, 1817, 1818, 1819, 1820, 1821, 1822, 1823, 1824, 1825, 1826, 1827, 1828, 1829, 1830, 1831, 1832, 1833, 1834, 1835, 1836, 1837, 1838, 1839, 1840, 1841, 1842, 1843, 1844, 1845, 1846, 1847, 1848, 1849, 1850, 1851, 1852, 1853, 1854, 1855, 1856, 1857, 1858, 1859, 1860, 1861, 1862, 1863, 1864, 1865, 1866, 1867, 1868, 1869, 1870, 1871, 1872, 1873, 1874, 1875, 1876, 1877, 1878, 1879, 1880, 1881, 1882, 1883, 1884, 1885, 1886, 1887, 1888, 1889, 1890, 1891, 1892, 1893, 1894, 1895, 1896, 1897, 1898, 1899, 1900, 1901, 1902, 1903, 1904, 1905, 1906, 1907, 1908, 1909, 1910, 1911, 1912, 1913, 1914, 1915, 1916, 1917, 1918, 1919, 1920, 1921, 1922, 1923, 1924, 1925, 1926, 1927, 1928, 1929, 1930, 1931, 1932, 1933, 1934, 1935, 1936, 1937, 1938, 1939, 1940, 1941, 1942, 1943, 1944, 1945, 1946, 1947, 1948, 1949, 1950, 1951, 1952, 1953, 1954, 1955, 1956, 1957, 1958, 1959, 1960, 1961, 1962, 1963, 1964, 1965, 1966, 1967, 1968, 1969, 1970, 1971, 1972, 1973, 1974, 1975, 1976, 1977, 1978, 1979, 1980, 1981, 1982, 1983, 1984, 1985, 1986, 1987, 1988, 1989, 1990, 1991, 1992, 1993, 1994, 1995, 1996, 1997, 1998, 1999, 2000, 2001, 2002, 2003, 2004, 2005, 2006, 2007, 2008, 2009, 2010, 2011, 2012, 2013, 2014, 2015, 2016, 2017, 2018, 2019, 2020, 2021, 2022, 2023, 2024, 2025, 2026, 2027, 2028, 2029, 2030, 2031, 2032, 2033, 2034, 2035, 2036, 2037, 2038, 2039, 2040, 2041, 2042, 2043, 2044, 2045, 2046, 2047, 2048, 2049, 2050, 2051, 2052, 2053, 2054, 2055, 2056, 2057, 2058, 2059, 2060, 2061, 2062, 2063, 2064, 2065, 2066, 2067, 2068, 2069, 2070, 2071, 2072, 2073, 2074, 2075, 2076, 2077, 2078, 2079, 2080, 2081, 2082, 2083, 2084, 2085, 2086, 2087, 2088, 2089, 2090, 2091, 2092, 2093, 2094, 2095, 2096, 2097, 2098, 2099, 2100, 2101, 2102, 2103, 2104, 2105, 2106, 2107, 2108, 2109, 2110, 2111, 2112, 2113, 2114, 2115, 2116, 2117, 2118, 2119, 2120, 2121, 2122, 2123, 2124, 2125, 2126] 
2024-07-24 13:55:00,155 8968 INFO Asset odoo.addons.base.models.ir_cron: Job `Base: Auto-vacuum internal data` done. 
2024-07-24 14:01:52,716 8968 INFO Asset odoo.addons.base.models.ir_cron: Starting job `payment: post-process transactions`. 
2024-07-24 14:01:52,718 8968 INFO Asset odoo.addons.base.models.ir_cron: Job `payment: post-process transactions` done. 
2024-07-24 14:12:00,254 8968 INFO Asset odoo.addons.base.models.ir_cron: Starting job `payment: post-process transactions`. 
2024-07-24 14:12:00,264 8968 INFO Asset odoo.addons.base.models.ir_cron: Job `payment: post-process transactions` done. 
2024-07-24 14:12:00,274 8968 INFO Asset odoo.addons.base.models.ir_cron: Starting job `Snailmail: process letters queue`. 
2024-07-24 14:12:00,274 8968 INFO Asset odoo.addons.base.models.ir_cron: Job `Snailmail: process letters queue` done. 
2024-07-24 14:12:00,295 8968 INFO Asset odoo.addons.base.models.ir_cron: Starting job `SMS: SMS Queue Manager`. 
2024-07-24 14:12:00,295 8968 INFO Asset odoo.addons.base.models.ir_cron: Job `SMS: SMS Queue Manager` done. 
2024-07-24 14:12:00,305 8968 INFO Asset odoo.addons.base.models.ir_cron: Starting job `Notification: Send scheduled message notifications`. 
2024-07-24 14:12:00,315 8968 INFO Asset odoo.addons.base.models.ir_cron: Job `Notification: Send scheduled message notifications` done. 
2024-07-24 14:12:00,325 8968 INFO Asset odoo.addons.base.models.ir_cron: Starting job `Partner Autocomplete : Sync with remote DB`. 
2024-07-24 14:12:00,325 8968 INFO Asset odoo.addons.base.models.ir_cron: Job `Partner Autocomplete : Sync with remote DB` done. 
2024-07-24 14:12:00,335 8968 INFO Asset odoo.addons.base.models.ir_cron: Starting job `Mail: Email Queue Manager`. 
2024-07-24 14:12:00,345 8968 INFO Asset odoo.addons.base.models.ir_cron: Job `Mail: Email Queue Manager` done. 
2024-07-24 14:22:00,413 8968 INFO Asset odoo.addons.base.models.ir_cron: Starting job `payment: post-process transactions`. 
2024-07-24 14:22:00,413 8968 INFO Asset odoo.addons.base.models.ir_cron: Job `payment: post-process transactions` done. 
2024-07-24 14:32:00,474 8968 INFO Asset odoo.addons.base.models.ir_cron: Starting job `payment: post-process transactions`. 
2024-07-24 14:32:00,481 8968 INFO Asset odoo.addons.base.models.ir_cron: Job `payment: post-process transactions` done. 
2024-07-24 14:42:00,534 8968 INFO Asset odoo.addons.base.models.ir_cron: Starting job `payment: post-process transactions`. 
2024-07-24 14:42:00,544 8968 INFO Asset odoo.addons.base.models.ir_cron: Job `payment: post-process transactions` done. 
2024-07-24 14:52:00,600 8968 INFO Asset odoo.addons.base.models.ir_cron: Starting job `payment: post-process transactions`. 
2024-07-24 14:52:00,613 8968 INFO Asset odoo.addons.base.models.ir_cron: Job `payment: post-process transactions` done. 
2024-07-24 14:53:55,432 8968 INFO Asset werkzeug: 127.0.0.1 - - [24/Jul/2024 14:53:55] "GET /websocket HTTP/1.1" 101 - 1 0.000 0.010
2024-07-24 15:01:52,776 8968 INFO Asset odoo.addons.base.models.ir_cron: Starting job `payment: post-process transactions`. 
2024-07-24 15:01:52,786 8968 INFO Asset odoo.addons.base.models.ir_cron: Job `payment: post-process transactions` done. 
2024-07-24 15:12:00,720 8968 INFO Asset odoo.addons.base.models.ir_cron: Starting job `Snailmail: process letters queue`. 
2024-07-24 15:12:00,730 8968 INFO Asset odoo.addons.base.models.ir_cron: Job `Snailmail: process letters queue` done. 
2024-07-24 15:12:00,740 8968 INFO Asset odoo.addons.base.models.ir_cron: Starting job `SMS: SMS Queue Manager`. 
2024-07-24 15:12:00,740 8968 INFO Asset odoo.addons.base.models.ir_cron: Job `SMS: SMS Queue Manager` done. 
2024-07-24 15:12:00,760 8968 INFO Asset odoo.addons.base.models.ir_cron: Starting job `Notification: Send scheduled message notifications`. 
2024-07-24 15:12:00,760 8968 INFO Asset odoo.addons.base.models.ir_cron: Job `Notification: Send scheduled message notifications` done. 
2024-07-24 15:12:00,770 8968 INFO Asset odoo.addons.base.models.ir_cron: Starting job `Partner Autocomplete : Sync with remote DB`. 
2024-07-24 15:12:00,780 8968 INFO Asset odoo.addons.base.models.ir_cron: Job `Partner Autocomplete : Sync with remote DB` done. 
2024-07-24 15:12:00,790 8968 INFO Asset odoo.addons.base.models.ir_cron: Starting job `Mail: Email Queue Manager`. 
2024-07-24 15:12:00,790 8968 INFO Asset odoo.addons.base.models.ir_cron: Job `Mail: Email Queue Manager` done. 
2024-07-24 15:12:00,800 8968 INFO Asset odoo.addons.base.models.ir_cron: Starting job `payment: post-process transactions`. 
2024-07-24 15:12:00,810 8968 INFO Asset odoo.addons.base.models.ir_cron: Job `payment: post-process transactions` done. 
2024-07-24 15:22:00,856 8968 INFO Asset odoo.addons.base.models.ir_cron: Starting job `payment: post-process transactions`. 
2024-07-24 15:22:00,866 8968 INFO Asset odoo.addons.base.models.ir_cron: Job `payment: post-process transactions` done. 
2024-07-24 15:32:00,939 8968 INFO Asset odoo.addons.base.models.ir_cron: Starting job `payment: post-process transactions`. 
2024-07-24 15:32:00,939 8968 INFO Asset odoo.addons.base.models.ir_cron: Job `payment: post-process transactions` done. 
2024-07-24 15:42:01,023 8968 INFO Asset odoo.addons.base.models.ir_cron: Starting job `payment: post-process transactions`. 
2024-07-24 15:42:01,033 8968 INFO Asset odoo.addons.base.models.ir_cron: Job `payment: post-process transactions` done. 
2024-07-24 15:52:01,086 8968 INFO Asset odoo.addons.base.models.ir_cron: Starting job `payment: post-process transactions`. 
2024-07-24 15:52:01,096 8968 INFO Asset odoo.addons.base.models.ir_cron: Job `payment: post-process transactions` done. 
2024-07-24 16:00:55,440 8968 INFO Asset werkzeug: 127.0.0.1 - - [24/Jul/2024 16:00:55] "GET /websocket HTTP/1.1" 101 - 1 0.000 0.010
2024-07-24 16:01:53,046 8968 INFO Asset odoo.addons.base.models.ir_cron: Starting job `payment: post-process transactions`. 
2024-07-24 16:01:53,055 8968 INFO Asset odoo.addons.base.models.ir_cron: Job `payment: post-process transactions` done. 
2024-07-24 16:12:01,197 8968 INFO Asset odoo.addons.base.models.ir_cron: Starting job `Partner Autocomplete : Sync with remote DB`. 
2024-07-24 16:12:01,202 8968 INFO Asset odoo.addons.base.models.ir_cron: Job `Partner Autocomplete : Sync with remote DB` done. 
2024-07-24 16:12:01,215 8968 INFO Asset odoo.addons.base.models.ir_cron: Starting job `Mail: Email Queue Manager`. 
2024-07-24 16:12:01,221 8968 INFO Asset odoo.addons.base.models.ir_cron: Job `Mail: Email Queue Manager` done. 
2024-07-24 16:12:01,232 8968 INFO Asset odoo.addons.base.models.ir_cron: Starting job `payment: post-process transactions`. 
2024-07-24 16:12:01,237 8968 INFO Asset odoo.addons.base.models.ir_cron: Job `payment: post-process transactions` done. 
2024-07-24 16:12:01,240 8968 INFO Asset odoo.addons.base.models.ir_cron: Starting job `Snailmail: process letters queue`. 
2024-07-24 16:12:01,251 8968 INFO Asset odoo.addons.base.models.ir_cron: Job `Snailmail: process letters queue` done. 
2024-07-24 16:12:01,261 8968 INFO Asset odoo.addons.base.models.ir_cron: Starting job `SMS: SMS Queue Manager`. 
2024-07-24 16:12:01,261 8968 INFO Asset odoo.addons.base.models.ir_cron: Job `SMS: SMS Queue Manager` done. 
2024-07-24 16:12:01,271 8968 INFO Asset odoo.addons.base.models.ir_cron: Starting job `Notification: Send scheduled message notifications`. 
2024-07-24 16:12:01,283 8968 INFO Asset odoo.addons.base.models.ir_cron: Job `Notification: Send scheduled message notifications` done. 
2024-07-24 16:22:01,334 8968 INFO Asset odoo.addons.base.models.ir_cron: Starting job `payment: post-process transactions`. 
2024-07-24 16:22:01,344 8968 INFO Asset odoo.addons.base.models.ir_cron: Job `payment: post-process transactions` done. 
2024-07-24 16:32:01,417 8968 INFO Asset odoo.addons.base.models.ir_cron: Starting job `payment: post-process transactions`. 
2024-07-24 16:32:01,424 8968 INFO Asset odoo.addons.base.models.ir_cron: Job `payment: post-process transactions` done. 
2024-07-24 16:42:01,491 8968 INFO Asset odoo.addons.base.models.ir_cron: Starting job `payment: post-process transactions`. 
2024-07-24 16:42:01,491 8968 INFO Asset odoo.addons.base.models.ir_cron: Job `payment: post-process transactions` done. 
2024-07-24 16:52:01,549 8968 INFO Asset odoo.addons.base.models.ir_cron: Starting job `payment: post-process transactions`. 
2024-07-24 16:52:01,556 8968 INFO Asset odoo.addons.base.models.ir_cron: Job `payment: post-process transactions` done. 
2024-07-24 17:01:53,348 8968 INFO Asset odoo.addons.base.models.ir_cron: Starting job `payment: post-process transactions`. 
2024-07-24 17:01:53,355 8968 INFO Asset odoo.addons.base.models.ir_cron: Job `payment: post-process transactions` done. 
2024-07-24 17:08:40,479 8968 INFO Asset werkzeug: 127.0.0.1 - - [24/Jul/2024 17:08:40] "GET /websocket HTTP/1.1" 101 - 1 0.000 0.009
2024-07-24 17:12:01,689 8968 INFO Asset odoo.addons.base.models.ir_cron: Starting job `payment: post-process transactions`. 
2024-07-24 17:12:01,700 8968 INFO Asset odoo.addons.base.models.ir_cron: Job `payment: post-process transactions` done. 
2024-07-24 17:12:01,709 8968 INFO Asset odoo.addons.base.models.ir_cron: Starting job `Partner Autocomplete : Sync with remote DB`. 
2024-07-24 17:12:01,719 8968 INFO Asset odoo.addons.base.models.ir_cron: Job `Partner Autocomplete : Sync with remote DB` done. 
2024-07-24 17:12:01,729 8968 INFO Asset odoo.addons.base.models.ir_cron: Starting job `Mail: Email Queue Manager`. 
2024-07-24 17:12:01,729 8968 INFO Asset odoo.addons.base.models.ir_cron: Job `Mail: Email Queue Manager` done. 
2024-07-24 17:12:01,749 8968 INFO Asset odoo.addons.base.models.ir_cron: Starting job `Snailmail: process letters queue`. 
2024-07-24 17:12:01,749 8968 INFO Asset odoo.addons.base.models.ir_cron: Job `Snailmail: process letters queue` done. 
2024-07-24 17:12:01,759 8968 INFO Asset odoo.addons.base.models.ir_cron: Starting job `SMS: SMS Queue Manager`. 
2024-07-24 17:12:01,769 8968 INFO Asset odoo.addons.base.models.ir_cron: Job `SMS: SMS Queue Manager` done. 
2024-07-24 17:12:01,769 8968 INFO Asset odoo.addons.base.models.ir_cron: Starting job `Notification: Send scheduled message notifications`. 
2024-07-24 17:12:01,779 8968 INFO Asset odoo.addons.base.models.ir_cron: Job `Notification: Send scheduled message notifications` done. 
2024-07-24 17:22:01,823 8968 INFO Asset odoo.addons.base.models.ir_cron: Starting job `payment: post-process transactions`. 
2024-07-24 17:22:01,833 8968 INFO Asset odoo.addons.base.models.ir_cron: Job `payment: post-process transactions` done. 
2024-07-24 17:32:01,899 8968 INFO Asset odoo.addons.base.models.ir_cron: Starting job `payment: post-process transactions`. 
2024-07-24 17:32:01,905 8968 INFO Asset odoo.addons.base.models.ir_cron: Job `payment: post-process transactions` done. 
2024-07-24 17:42:01,986 8968 INFO Asset odoo.addons.base.models.ir_cron: Starting job `payment: post-process transactions`. 
2024-07-24 17:42:01,990 8968 INFO Asset odoo.addons.base.models.ir_cron: Job `payment: post-process transactions` done. 
2024-07-24 17:52:02,052 8968 INFO Asset odoo.addons.base.models.ir_cron: Starting job `payment: post-process transactions`. 
2024-07-24 17:52:02,052 8968 INFO Asset odoo.addons.base.models.ir_cron: Job `payment: post-process transactions` done. 
2024-07-24 18:01:53,611 8968 INFO Asset odoo.addons.base.models.ir_cron: Starting job `payment: post-process transactions`. 
2024-07-24 18:01:53,621 8968 INFO Asset odoo.addons.base.models.ir_cron: Job `payment: post-process transactions` done. 
2024-07-24 18:12:02,144 8968 INFO Asset odoo.addons.base.models.ir_cron: Starting job `Partner Autocomplete : Sync with remote DB`. 
2024-07-24 18:12:02,154 8968 INFO Asset odoo.addons.base.models.ir_cron: Job `Partner Autocomplete : Sync with remote DB` done. 
2024-07-24 18:12:02,168 8968 INFO Asset odoo.addons.base.models.ir_cron: Starting job `Mail: Email Queue Manager`. 
2024-07-24 18:12:02,171 8968 INFO Asset odoo.addons.base.models.ir_cron: Job `Mail: Email Queue Manager` done. 
2024-07-24 18:12:02,181 8968 INFO Asset odoo.addons.base.models.ir_cron: Starting job `Snailmail: process letters queue`. 
2024-07-24 18:12:02,181 8968 INFO Asset odoo.addons.base.models.ir_cron: Job `Snailmail: process letters queue` done. 
2024-07-24 18:12:02,191 8968 INFO Asset odoo.addons.base.models.ir_cron: Starting job `SMS: SMS Queue Manager`. 
2024-07-24 18:12:02,203 8968 INFO Asset odoo.addons.base.models.ir_cron: Job `SMS: SMS Queue Manager` done. 
2024-07-24 18:12:02,215 8968 INFO Asset odoo.addons.base.models.ir_cron: Starting job `Notification: Send scheduled message notifications`. 
2024-07-24 18:12:02,221 8968 INFO Asset odoo.addons.base.models.ir_cron: Job `Notification: Send scheduled message notifications` done. 
2024-07-24 18:12:02,233 8968 INFO Asset odoo.addons.base.models.ir_cron: Starting job `payment: post-process transactions`. 
2024-07-24 18:12:02,239 8968 INFO Asset odoo.addons.base.models.ir_cron: Job `payment: post-process transactions` done. 
2024-07-24 18:18:54,689 8968 INFO Asset werkzeug: 127.0.0.1 - - [24/Jul/2024 18:18:54] "GET /websocket HTTP/1.1" 101 - 1 0.000 0.010
2024-07-24 18:22:02,291 8968 INFO Asset odoo.addons.base.models.ir_cron: Starting job `payment: post-process transactions`. 
2024-07-24 18:22:02,301 8968 INFO Asset odoo.addons.base.models.ir_cron: Job `payment: post-process transactions` done. 
2024-07-24 18:32:02,349 8968 INFO Asset odoo.addons.base.models.ir_cron: Starting job `payment: post-process transactions`. 
2024-07-24 18:32:02,359 8968 INFO Asset odoo.addons.base.models.ir_cron: Job `payment: post-process transactions` done. 
2024-07-24 18:42:02,413 8968 INFO Asset odoo.addons.base.models.ir_cron: Starting job `payment: post-process transactions`. 
2024-07-24 18:42:02,422 8968 INFO Asset odoo.addons.base.models.ir_cron: Job `payment: post-process transactions` done. 
2024-07-24 18:52:02,491 8968 INFO Asset odoo.addons.base.models.ir_cron: Starting job `payment: post-process transactions`. 
2024-07-24 18:52:02,501 8968 INFO Asset odoo.addons.base.models.ir_cron: Job `payment: post-process transactions` done. 
2024-07-24 19:01:53,945 8968 INFO Asset odoo.addons.base.models.ir_cron: Starting job `payment: post-process transactions`. 
2024-07-24 19:01:53,955 8968 INFO Asset odoo.addons.base.models.ir_cron: Job `payment: post-process transactions` done. 
2024-07-24 19:12:02,592 8968 INFO Asset odoo.addons.base.models.ir_cron: Starting job `Partner Autocomplete : Sync with remote DB`. 
2024-07-24 19:12:02,602 8968 INFO Asset odoo.addons.base.models.ir_cron: Job `Partner Autocomplete : Sync with remote DB` done. 
2024-07-24 19:12:02,612 8968 INFO Asset odoo.addons.base.models.ir_cron: Starting job `Mail: Email Queue Manager`. 
2024-07-24 19:12:02,618 8968 INFO Asset odoo.addons.base.models.ir_cron: Job `Mail: Email Queue Manager` done. 
2024-07-24 19:12:02,629 8968 INFO Asset odoo.addons.base.models.ir_cron: Starting job `Snailmail: process letters queue`. 
2024-07-24 19:12:02,633 8968 INFO Asset odoo.addons.base.models.ir_cron: Job `Snailmail: process letters queue` done. 
2024-07-24 19:12:02,643 8968 INFO Asset odoo.addons.base.models.ir_cron: Starting job `SMS: SMS Queue Manager`. 
2024-07-24 19:12:02,653 8968 INFO Asset odoo.addons.base.models.ir_cron: Job `SMS: SMS Queue Manager` done. 
2024-07-24 19:12:02,663 8968 INFO Asset odoo.addons.base.models.ir_cron: Starting job `Notification: Send scheduled message notifications`. 
2024-07-24 19:12:02,663 8968 INFO Asset odoo.addons.base.models.ir_cron: Job `Notification: Send scheduled message notifications` done. 
2024-07-24 19:12:02,673 8968 INFO Asset odoo.addons.base.models.ir_cron: Starting job `payment: post-process transactions`. 
2024-07-24 19:12:02,673 8968 INFO Asset odoo.addons.base.models.ir_cron: Job `payment: post-process transactions` done. 
2024-07-24 19:22:02,721 8968 INFO Asset odoo.addons.base.models.ir_cron: Starting job `payment: post-process transactions`. 
2024-07-24 19:22:02,731 8968 INFO Asset odoo.addons.base.models.ir_cron: Job `payment: post-process transactions` done. 
2024-07-24 19:24:55,004 8968 INFO Asset werkzeug: 127.0.0.1 - - [24/Jul/2024 19:24:55] "GET /websocket HTTP/1.1" 101 - 1 0.000 0.010
2024-07-24 19:32:02,803 8968 INFO Asset odoo.addons.base.models.ir_cron: Starting job `payment: post-process transactions`. 
2024-07-24 19:32:02,813 8968 INFO Asset odoo.addons.base.models.ir_cron: Job `payment: post-process transactions` done. 
2024-07-24 19:42:02,859 8968 INFO Asset odoo.addons.base.models.ir_cron: Starting job `payment: post-process transactions`. 
2024-07-24 19:42:02,870 8968 INFO Asset odoo.addons.base.models.ir_cron: Job `payment: post-process transactions` done. 
2024-07-24 19:52:02,932 8968 INFO Asset odoo.addons.base.models.ir_cron: Starting job `payment: post-process transactions`. 
2024-07-24 19:52:02,942 8968 INFO Asset odoo.addons.base.models.ir_cron: Job `payment: post-process transactions` done. 
2024-07-24 20:01:54,221 8968 INFO Asset odoo.addons.base.models.ir_cron: Starting job `payment: post-process transactions`. 
2024-07-24 20:01:54,221 8968 INFO Asset odoo.addons.base.models.ir_cron: Job `payment: post-process transactions` done. 
2024-07-24 20:12:03,043 8968 INFO Asset odoo.addons.base.models.ir_cron: Starting job `Notification: Send scheduled message notifications`. 
2024-07-24 20:12:03,049 8968 INFO Asset odoo.addons.base.models.ir_cron: Job `Notification: Send scheduled message notifications` done. 
2024-07-24 20:12:03,060 8968 INFO Asset odoo.addons.base.models.ir_cron: Starting job `payment: post-process transactions`. 
2024-07-24 20:12:03,060 8968 INFO Asset odoo.addons.base.models.ir_cron: Job `payment: post-process transactions` done. 
2024-07-24 20:12:03,066 8968 INFO Asset odoo.addons.base.models.ir_cron: Starting job `Partner Autocomplete : Sync with remote DB`. 
2024-07-24 20:12:03,076 8968 INFO Asset odoo.addons.base.models.ir_cron: Job `Partner Autocomplete : Sync with remote DB` done. 
2024-07-24 20:12:03,086 8968 INFO Asset odoo.addons.base.models.ir_cron: Starting job `Mail: Email Queue Manager`. 
2024-07-24 20:12:03,086 8968 INFO Asset odoo.addons.base.models.ir_cron: Job `Mail: Email Queue Manager` done. 
2024-07-24 20:12:03,107 8968 INFO Asset odoo.addons.base.models.ir_cron: Starting job `Snailmail: process letters queue`. 
2024-07-24 20:12:03,107 8968 INFO Asset odoo.addons.base.models.ir_cron: Job `Snailmail: process letters queue` done. 
2024-07-24 20:12:03,112 8968 INFO Asset odoo.addons.base.models.ir_cron: Starting job `SMS: SMS Queue Manager`. 
2024-07-24 20:12:03,122 8968 INFO Asset odoo.addons.base.models.ir_cron: Job `SMS: SMS Queue Manager` done. 
2024-07-24 20:22:03,183 8968 INFO Asset odoo.addons.base.models.ir_cron: Starting job `payment: post-process transactions`. 
2024-07-24 20:22:03,193 8968 INFO Asset odoo.addons.base.models.ir_cron: Job `payment: post-process transactions` done. 
2024-07-24 20:32:03,253 8968 INFO Asset odoo.addons.base.models.ir_cron: Starting job `payment: post-process transactions`. 
2024-07-24 20:32:03,263 8968 INFO Asset odoo.addons.base.models.ir_cron: Job `payment: post-process transactions` done. 
2024-07-24 20:42:03,331 8968 INFO Asset odoo.addons.base.models.ir_cron: Starting job `payment: post-process transactions`. 
2024-07-24 20:42:03,331 8968 INFO Asset odoo.addons.base.models.ir_cron: Job `payment: post-process transactions` done. 
2024-07-24 20:52:03,388 8968 INFO Asset odoo.addons.base.models.ir_cron: Starting job `payment: post-process transactions`. 
2024-07-24 20:52:03,398 8968 INFO Asset odoo.addons.base.models.ir_cron: Job `payment: post-process transactions` done. 
2024-07-24 20:53:10,100 8968 INFO Asset werkzeug: 127.0.0.1 - - [24/Jul/2024 20:53:10] "GET /websocket HTTP/1.1" 101 - 1 0.000 0.011
2024-07-24 21:01:54,462 8968 INFO Asset odoo.addons.base.models.ir_cron: Starting job `payment: post-process transactions`. 
2024-07-24 21:01:54,472 8968 INFO Asset odoo.addons.base.models.ir_cron: Job `payment: post-process transactions` done. 
2024-07-24 21:12:03,500 8968 INFO Asset odoo.addons.base.models.ir_cron: Starting job `payment: post-process transactions`. 
2024-07-24 21:12:03,510 8968 INFO Asset odoo.addons.base.models.ir_cron: Job `payment: post-process transactions` done. 
2024-07-24 21:12:03,520 8968 INFO Asset odoo.addons.base.models.ir_cron: Starting job `Notification: Send scheduled message notifications`. 
2024-07-24 21:12:03,520 8968 INFO Asset odoo.addons.base.models.ir_cron: Job `Notification: Send scheduled message notifications` done. 
2024-07-24 21:12:03,530 8968 INFO Asset odoo.addons.base.models.ir_cron: Starting job `Partner Autocomplete : Sync with remote DB`. 
2024-07-24 21:12:03,541 8968 INFO Asset odoo.addons.base.models.ir_cron: Job `Partner Autocomplete : Sync with remote DB` done. 
2024-07-24 21:12:03,546 8968 INFO Asset odoo.addons.base.models.ir_cron: Starting job `Mail: Email Queue Manager`. 
2024-07-24 21:12:03,556 8968 INFO Asset odoo.addons.base.models.ir_cron: Job `Mail: Email Queue Manager` done. 
2024-07-24 21:12:03,567 8968 INFO Asset odoo.addons.base.models.ir_cron: Starting job `Snailmail: process letters queue`. 
2024-07-24 21:12:03,567 8968 INFO Asset odoo.addons.base.models.ir_cron: Job `Snailmail: process letters queue` done. 
2024-07-24 21:12:03,577 8968 INFO Asset odoo.addons.base.models.ir_cron: Starting job `SMS: SMS Queue Manager`. 
2024-07-24 21:12:03,587 8968 INFO Asset odoo.addons.base.models.ir_cron: Job `SMS: SMS Queue Manager` done. 
2024-07-24 21:22:03,639 8968 INFO Asset odoo.addons.base.models.ir_cron: Starting job `payment: post-process transactions`. 
2024-07-24 21:22:03,639 8968 INFO Asset odoo.addons.base.models.ir_cron: Job `payment: post-process transactions` done. 
2024-07-24 21:32:03,710 8968 INFO Asset odoo.addons.base.models.ir_cron: Starting job `payment: post-process transactions`. 
2024-07-24 21:32:03,710 8968 INFO Asset odoo.addons.base.models.ir_cron: Job `payment: post-process transactions` done. 
2024-07-24 21:42:03,771 8968 INFO Asset odoo.addons.base.models.ir_cron: Starting job `payment: post-process transactions`. 
2024-07-24 21:42:03,781 8968 INFO Asset odoo.addons.base.models.ir_cron: Job `payment: post-process transactions` done. 
2024-07-24 21:52:03,839 8968 INFO Asset odoo.addons.base.models.ir_cron: Starting job `payment: post-process transactions`. 
2024-07-24 21:52:03,849 8968 INFO Asset odoo.addons.base.models.ir_cron: Job `payment: post-process transactions` done. 
2024-07-24 21:53:54,479 8968 INFO Asset werkzeug: 127.0.0.1 - - [24/Jul/2024 21:53:54] "GET /websocket HTTP/1.1" 101 - 1 0.000 0.010
2024-07-24 22:01:54,772 8968 INFO Asset odoo.addons.base.models.ir_cron: Starting job `payment: post-process transactions`. 
2024-07-24 22:01:54,782 8968 INFO Asset odoo.addons.base.models.ir_cron: Job `payment: post-process transactions` done. 
2024-07-24 22:12:03,941 8968 INFO Asset odoo.addons.base.models.ir_cron: Starting job `Notification: Send scheduled message notifications`. 
2024-07-24 22:12:03,941 8968 INFO Asset odoo.addons.base.models.ir_cron: Job `Notification: Send scheduled message notifications` done. 
2024-07-24 22:12:03,956 8968 INFO Asset odoo.addons.base.models.ir_cron: Starting job `Partner Autocomplete : Sync with remote DB`. 
2024-07-24 22:12:03,956 8968 INFO Asset odoo.addons.base.models.ir_cron: Job `Partner Autocomplete : Sync with remote DB` done. 
2024-07-24 22:12:03,966 8968 INFO Asset odoo.addons.base.models.ir_cron: Starting job `Mail: Email Queue Manager`. 
2024-07-24 22:12:03,976 8968 INFO Asset odoo.addons.base.models.ir_cron: Job `Mail: Email Queue Manager` done. 
2024-07-24 22:12:03,987 8968 INFO Asset odoo.addons.base.models.ir_cron: Starting job `Snailmail: process letters queue`. 
2024-07-24 22:12:03,992 8968 INFO Asset odoo.addons.base.models.ir_cron: Job `Snailmail: process letters queue` done. 
2024-07-24 22:12:04,002 8968 INFO Asset odoo.addons.base.models.ir_cron: Starting job `SMS: SMS Queue Manager`. 
2024-07-24 22:12:04,008 8968 INFO Asset odoo.addons.base.models.ir_cron: Job `SMS: SMS Queue Manager` done. 
2024-07-24 22:12:04,018 8968 INFO Asset odoo.addons.base.models.ir_cron: Starting job `payment: post-process transactions`. 
2024-07-24 22:12:04,024 8968 INFO Asset odoo.addons.base.models.ir_cron: Job `payment: post-process transactions` done. 
2024-07-24 22:13:04,040 8968 INFO Asset odoo.addons.base.models.ir_cron: Starting job `Account: Journal online sync`. 
2024-07-24 22:13:04,045 8968 INFO Asset odoo.addons.base.models.ir_cron: Job `Account: Journal online sync` done. 
2024-07-24 22:22:04,105 8968 INFO Asset odoo.addons.base.models.ir_cron: Starting job `payment: post-process transactions`. 
2024-07-24 22:22:04,115 8968 INFO Asset odoo.addons.base.models.ir_cron: Job `payment: post-process transactions` done. 
2024-07-24 22:32:04,172 8968 INFO Asset odoo.addons.base.models.ir_cron: Starting job `payment: post-process transactions`. 
2024-07-24 22:32:04,172 8968 INFO Asset odoo.addons.base.models.ir_cron: Job `payment: post-process transactions` done. 
2024-07-24 22:42:04,217 8968 INFO Asset odoo.addons.base.models.ir_cron: Starting job `payment: post-process transactions`. 
2024-07-24 22:42:04,227 8968 INFO Asset odoo.addons.base.models.ir_cron: Job `payment: post-process transactions` done. 
2024-07-24 22:52:04,263 8968 INFO Asset odoo.addons.base.models.ir_cron: Starting job `payment: post-process transactions`. 
2024-07-24 22:52:04,273 8968 INFO Asset odoo.addons.base.models.ir_cron: Job `payment: post-process transactions` done. 
2024-07-24 23:01:55,043 8968 INFO Asset odoo.addons.base.models.ir_cron: Starting job `payment: post-process transactions`. 
2024-07-24 23:01:55,048 8968 INFO Asset odoo.addons.base.models.ir_cron: Job `payment: post-process transactions` done. 
2024-07-24 23:11:54,511 8968 INFO Asset werkzeug: 127.0.0.1 - - [24/Jul/2024 23:11:54] "GET /websocket HTTP/1.1" 101 - 1 0.000 0.010
2024-07-24 23:12:04,357 8968 INFO Asset odoo.addons.base.models.ir_cron: Starting job `Partner Autocomplete : Sync with remote DB`. 
2024-07-24 23:12:04,367 8968 INFO Asset odoo.addons.base.models.ir_cron: Job `Partner Autocomplete : Sync with remote DB` done. 
2024-07-24 23:12:04,377 8968 INFO Asset odoo.addons.base.models.ir_cron: Starting job `Mail: Email Queue Manager`. 
2024-07-24 23:12:04,377 8968 INFO Asset odoo.addons.base.models.ir_cron: Job `Mail: Email Queue Manager` done. 
2024-07-24 23:12:04,387 8968 INFO Asset odoo.addons.base.models.ir_cron: Starting job `Snailmail: process letters queue`. 
2024-07-24 23:12:04,397 8968 INFO Asset odoo.addons.base.models.ir_cron: Job `Snailmail: process letters queue` done. 
2024-07-24 23:12:04,407 8968 INFO Asset odoo.addons.base.models.ir_cron: Starting job `SMS: SMS Queue Manager`. 
2024-07-24 23:12:04,407 8968 INFO Asset odoo.addons.base.models.ir_cron: Job `SMS: SMS Queue Manager` done. 
2024-07-24 23:12:04,417 8968 INFO Asset odoo.addons.base.models.ir_cron: Starting job `payment: post-process transactions`. 
2024-07-24 23:12:04,427 8968 INFO Asset odoo.addons.base.models.ir_cron: Job `payment: post-process transactions` done. 
2024-07-24 23:12:04,437 8968 INFO Asset odoo.addons.base.models.ir_cron: Starting job `Notification: Send scheduled message notifications`. 
2024-07-24 23:12:04,437 8968 INFO Asset odoo.addons.base.models.ir_cron: Job `Notification: Send scheduled message notifications` done. 
2024-07-24 23:22:04,504 8968 INFO Asset odoo.addons.base.models.ir_cron: Starting job `payment: post-process transactions`. 
2024-07-24 23:22:04,514 8968 INFO Asset odoo.addons.base.models.ir_cron: Job `payment: post-process transactions` done. 
2024-07-24 23:32:04,565 8968 INFO Asset odoo.addons.base.models.ir_cron: Starting job `payment: post-process transactions`. 
2024-07-24 23:32:04,575 8968 INFO Asset odoo.addons.base.models.ir_cron: Job `payment: post-process transactions` done. 
2024-07-24 23:42:04,643 8968 INFO Asset odoo.addons.base.models.ir_cron: Starting job `payment: post-process transactions`. 
2024-07-24 23:42:04,656 8968 INFO Asset odoo.addons.base.models.ir_cron: Job `payment: post-process transactions` done. 
2024-07-24 23:52:04,718 8968 INFO Asset odoo.addons.base.models.ir_cron: Starting job `payment: post-process transactions`. 
2024-07-24 23:52:04,728 8968 INFO Asset odoo.addons.base.models.ir_cron: Job `payment: post-process transactions` done. 
2024-07-25 00:01:55,324 8968 INFO Asset odoo.addons.base.models.ir_cron: Starting job `payment: post-process transactions`. 
2024-07-25 00:01:55,328 8968 INFO Asset odoo.addons.base.models.ir_cron: Job `payment: post-process transactions` done. 
2024-07-25 00:12:04,846 8968 INFO Asset odoo.addons.base.models.ir_cron: Starting job `Notification: Send scheduled message notifications`. 
2024-07-25 00:12:04,856 8968 INFO Asset odoo.addons.base.models.ir_cron: Job `Notification: Send scheduled message notifications` done. 
2024-07-25 00:12:04,866 8968 INFO Asset odoo.addons.base.models.ir_cron: Starting job `payment: post-process transactions`. 
2024-07-25 00:12:04,876 8968 INFO Asset odoo.addons.base.models.ir_cron: Job `payment: post-process transactions` done. 
2024-07-25 00:12:04,886 8968 INFO Asset odoo.addons.base.models.ir_cron: Starting job `Partner Autocomplete : Sync with remote DB`. 
2024-07-25 00:12:04,886 8968 INFO Asset odoo.addons.base.models.ir_cron: Job `Partner Autocomplete : Sync with remote DB` done. 
2024-07-25 00:12:04,896 8968 INFO Asset odoo.addons.base.models.ir_cron: Starting job `Mail: Email Queue Manager`. 
2024-07-25 00:12:04,906 8968 INFO Asset odoo.addons.base.models.ir_cron: Job `Mail: Email Queue Manager` done. 
2024-07-25 00:12:04,916 8968 INFO Asset odoo.addons.base.models.ir_cron: Starting job `Snailmail: process letters queue`. 
2024-07-25 00:12:04,916 8968 INFO Asset odoo.addons.base.models.ir_cron: Job `Snailmail: process letters queue` done. 
2024-07-25 00:12:04,936 8968 INFO Asset odoo.addons.base.models.ir_cron: Starting job `SMS: SMS Queue Manager`. 
2024-07-25 00:12:04,936 8968 INFO Asset odoo.addons.base.models.ir_cron: Job `SMS: SMS Queue Manager` done. 
2024-07-25 00:22:05,009 8968 INFO Asset odoo.addons.base.models.ir_cron: Starting job `payment: post-process transactions`. 
2024-07-25 00:22:05,020 8968 INFO Asset odoo.addons.base.models.ir_cron: Job `payment: post-process transactions` done. 
2024-07-25 00:32:05,083 8968 INFO Asset odoo.addons.base.models.ir_cron: Starting job `payment: post-process transactions`. 
2024-07-25 00:32:05,083 8968 INFO Asset odoo.addons.base.models.ir_cron: Job `payment: post-process transactions` done. 
2024-07-25 00:34:54,841 8968 INFO Asset werkzeug: 127.0.0.1 - - [25/Jul/2024 00:34:54] "GET /websocket HTTP/1.1" 101 - 1 0.000 0.010
2024-07-25 00:42:05,151 8968 INFO Asset odoo.addons.base.models.ir_cron: Starting job `payment: post-process transactions`. 
2024-07-25 00:42:05,151 8968 INFO Asset odoo.addons.base.models.ir_cron: Job `payment: post-process transactions` done. 
2024-07-25 00:52:05,220 8968 INFO Asset odoo.addons.base.models.ir_cron: Starting job `payment: post-process transactions`. 
2024-07-25 00:52:05,230 8968 INFO Asset odoo.addons.base.models.ir_cron: Job `payment: post-process transactions` done. 
2024-07-25 01:01:55,630 8968 INFO Asset odoo.addons.base.models.ir_cron: Starting job `payment: post-process transactions`. 
2024-07-25 01:01:55,642 8968 INFO Asset odoo.addons.base.models.ir_cron: Job `payment: post-process transactions` done. 
2024-07-25 01:12:05,333 8968 INFO Asset odoo.addons.base.models.ir_cron: Starting job `payment: post-process transactions`. 
2024-07-25 01:12:05,339 8968 INFO Asset odoo.addons.base.models.ir_cron: Job `payment: post-process transactions` done. 
2024-07-25 01:12:05,355 8968 INFO Asset odoo.addons.base.models.ir_cron: Starting job `Notification: Send scheduled message notifications`. 
2024-07-25 01:12:05,355 8968 INFO Asset odoo.addons.base.models.ir_cron: Job `Notification: Send scheduled message notifications` done. 
2024-07-25 01:12:05,367 8968 INFO Asset odoo.addons.base.models.ir_cron: Starting job `Partner Autocomplete : Sync with remote DB`. 
2024-07-25 01:12:05,374 8968 INFO Asset odoo.addons.base.models.ir_cron: Job `Partner Autocomplete : Sync with remote DB` done. 
2024-07-25 01:12:05,388 8968 INFO Asset odoo.addons.base.models.ir_cron: Starting job `Mail: Email Queue Manager`. 
2024-07-25 01:12:05,393 8968 INFO Asset odoo.addons.base.models.ir_cron: Job `Mail: Email Queue Manager` done. 
2024-07-25 01:12:05,404 8968 INFO Asset odoo.addons.base.models.ir_cron: Starting job `Snailmail: process letters queue`. 
2024-07-25 01:12:05,407 8968 INFO Asset odoo.addons.base.models.ir_cron: Job `Snailmail: process letters queue` done. 
2024-07-25 01:12:05,414 8968 INFO Asset odoo.addons.base.models.ir_cron: Starting job `SMS: SMS Queue Manager`. 
2024-07-25 01:12:05,425 8968 INFO Asset odoo.addons.base.models.ir_cron: Job `SMS: SMS Queue Manager` done. 
2024-07-25 01:22:05,480 8968 INFO Asset odoo.addons.base.models.ir_cron: Starting job `payment: post-process transactions`. 
2024-07-25 01:22:05,490 8968 INFO Asset odoo.addons.base.models.ir_cron: Job `payment: post-process transactions` done. 
2024-07-25 01:32:05,547 8968 INFO Asset odoo.addons.base.models.ir_cron: Starting job `payment: post-process transactions`. 
2024-07-25 01:32:05,547 8968 INFO Asset odoo.addons.base.models.ir_cron: Job `payment: post-process transactions` done. 
2024-07-25 01:42:05,612 8968 INFO Asset odoo.addons.base.models.ir_cron: Starting job `payment: post-process transactions`. 
2024-07-25 01:42:05,622 8968 INFO Asset odoo.addons.base.models.ir_cron: Job `payment: post-process transactions` done. 
2024-07-25 01:52:05,675 8968 INFO Asset odoo.addons.base.models.ir_cron: Starting job `payment: post-process transactions`. 
2024-07-25 01:52:05,685 8968 INFO Asset odoo.addons.base.models.ir_cron: Job `payment: post-process transactions` done. 
2024-07-25 02:00:05,743 8968 INFO Asset odoo.addons.base.models.ir_cron: Starting job `Account: Post draft entries with auto_post enabled and accounting date up to today`. 
2024-07-25 02:00:05,753 8968 INFO Asset odoo.addons.base.models.ir_cron: Job `Account: Post draft entries with auto_post enabled and accounting date up to today` done. 
2024-07-25 02:00:54,956 8968 INFO Asset odoo.addons.base.models.ir_cron: Starting job `Account Report Followup; Execute followup`. 
2024-07-25 02:00:55,007 8968 INFO Asset odoo.addons.base.models.ir_cron: Job `Account Report Followup; Execute followup` done. 
2024-07-25 02:01:56,044 8968 INFO Asset odoo.addons.base.models.ir_cron: Starting job `payment: post-process transactions`. 
2024-07-25 02:01:56,054 8968 INFO Asset odoo.addons.base.models.ir_cron: Job `payment: post-process transactions` done. 
2024-07-25 02:02:09,274 8968 INFO Asset werkzeug: 127.0.0.1 - - [25/Jul/2024 02:02:09] "GET /websocket HTTP/1.1" 101 - 1 0.000 0.010
2024-07-25 02:12:05,833 8968 INFO Asset odoo.addons.base.models.ir_cron: Starting job `payment: post-process transactions`. 
2024-07-25 02:12:05,843 8968 INFO Asset odoo.addons.base.models.ir_cron: Job `payment: post-process transactions` done. 
2024-07-25 02:12:05,853 8968 INFO Asset odoo.addons.base.models.ir_cron: Starting job `Notification: Send scheduled message notifications`. 
2024-07-25 02:12:05,858 8968 INFO Asset odoo.addons.base.models.ir_cron: Job `Notification: Send scheduled message notifications` done. 
2024-07-25 02:12:05,869 8968 INFO Asset odoo.addons.base.models.ir_cron: Starting job `Partner Autocomplete : Sync with remote DB`. 
2024-07-25 02:12:05,874 8968 INFO Asset odoo.addons.base.models.ir_cron: Job `Partner Autocomplete : Sync with remote DB` done. 
2024-07-25 02:12:05,878 8968 INFO Asset odoo.addons.base.models.ir_cron: Starting job `Mail: Email Queue Manager`. 
2024-07-25 02:12:05,888 8968 INFO Asset odoo.addons.base.models.ir_cron: Job `Mail: Email Queue Manager` done. 
2024-07-25 02:12:05,898 8968 INFO Asset odoo.addons.base.models.ir_cron: Starting job `Snailmail: process letters queue`. 
2024-07-25 02:12:05,898 8968 INFO Asset odoo.addons.base.models.ir_cron: Job `Snailmail: process letters queue` done. 
2024-07-25 02:12:05,914 8968 INFO Asset odoo.addons.base.models.ir_cron: Starting job `SMS: SMS Queue Manager`. 
2024-07-25 02:12:05,914 8968 INFO Asset odoo.addons.base.models.ir_cron: Job `SMS: SMS Queue Manager` done. 
2024-07-25 02:22:05,988 8968 INFO Asset odoo.addons.base.models.ir_cron: Starting job `payment: post-process transactions`. 
2024-07-25 02:22:05,999 8968 INFO Asset odoo.addons.base.models.ir_cron: Job `payment: post-process transactions` done. 
2024-07-25 02:32:06,050 8968 INFO Asset odoo.addons.base.models.ir_cron: Starting job `payment: post-process transactions`. 
2024-07-25 02:32:06,060 8968 INFO Asset odoo.addons.base.models.ir_cron: Job `payment: post-process transactions` done. 
2024-07-25 02:42:06,122 8968 INFO Asset odoo.addons.base.models.ir_cron: Starting job `payment: post-process transactions`. 
2024-07-25 02:42:06,133 8968 INFO Asset odoo.addons.base.models.ir_cron: Job `payment: post-process transactions` done. 
2024-07-25 02:52:06,179 8968 INFO Asset odoo.addons.base.models.ir_cron: Starting job `payment: post-process transactions`. 
2024-07-25 02:52:06,189 8968 INFO Asset odoo.addons.base.models.ir_cron: Job `payment: post-process transactions` done. 
2024-07-25 03:00:55,247 8968 INFO Asset odoo.addons.base.models.ir_cron: Starting job `Project: Create Recurring Tasks`. 
2024-07-25 03:00:55,257 8968 INFO Asset odoo.addons.base.models.ir_cron: Job `Project: Create Recurring Tasks` done. 
2024-07-25 03:01:56,286 8968 INFO Asset odoo.addons.base.models.ir_cron: Starting job `payment: post-process transactions`. 
2024-07-25 03:01:56,294 8968 INFO Asset odoo.addons.base.models.ir_cron: Job `payment: post-process transactions` done. 
2024-07-25 03:12:06,298 8968 INFO Asset odoo.addons.base.models.ir_cron: Starting job `Notification: Send scheduled message notifications`. 
2024-07-25 03:12:06,298 8968 INFO Asset odoo.addons.base.models.ir_cron: Job `Notification: Send scheduled message notifications` done. 
2024-07-25 03:12:06,319 8968 INFO Asset odoo.addons.base.models.ir_cron: Starting job `Partner Autocomplete : Sync with remote DB`. 
2024-07-25 03:12:06,324 8968 INFO Asset odoo.addons.base.models.ir_cron: Job `Partner Autocomplete : Sync with remote DB` done. 
2024-07-25 03:12:06,335 8968 INFO Asset odoo.addons.base.models.ir_cron: Starting job `Mail: Email Queue Manager`. 
2024-07-25 03:12:06,340 8968 INFO Asset odoo.addons.base.models.ir_cron: Job `Mail: Email Queue Manager` done. 
2024-07-25 03:12:06,350 8968 INFO Asset odoo.addons.base.models.ir_cron: Starting job `Snailmail: process letters queue`. 
2024-07-25 03:12:06,356 8968 INFO Asset odoo.addons.base.models.ir_cron: Job `Snailmail: process letters queue` done. 
2024-07-25 03:12:06,366 8968 INFO Asset odoo.addons.base.models.ir_cron: Starting job `SMS: SMS Queue Manager`. 
2024-07-25 03:12:06,371 8968 INFO Asset odoo.addons.base.models.ir_cron: Job `SMS: SMS Queue Manager` done. 
2024-07-25 03:12:06,381 8968 INFO Asset odoo.addons.base.models.ir_cron: Starting job `payment: post-process transactions`. 
2024-07-25 03:12:06,381 8968 INFO Asset odoo.addons.base.models.ir_cron: Job `payment: post-process transactions` done. 
2024-07-25 03:22:06,438 8968 INFO Asset odoo.addons.base.models.ir_cron: Starting job `payment: post-process transactions`. 
2024-07-25 03:22:06,448 8968 INFO Asset odoo.addons.base.models.ir_cron: Job `payment: post-process transactions` done. 
2024-07-25 03:24:54,468 8968 INFO Asset werkzeug: 127.0.0.1 - - [25/Jul/2024 03:24:54] "GET /websocket HTTP/1.1" 101 - 1 0.000 0.010
2024-07-25 03:32:06,520 8968 INFO Asset odoo.addons.base.models.ir_cron: Starting job `payment: post-process transactions`. 
2024-07-25 03:32:06,529 8968 INFO Asset odoo.addons.base.models.ir_cron: Job `payment: post-process transactions` done. 
2024-07-25 03:42:06,590 8968 INFO Asset odoo.addons.base.models.ir_cron: Starting job `payment: post-process transactions`. 
2024-07-25 03:42:06,600 8968 INFO Asset odoo.addons.base.models.ir_cron: Job `payment: post-process transactions` done. 
2024-07-25 03:52:06,662 8968 INFO Asset odoo.addons.base.models.ir_cron: Starting job `payment: post-process transactions`. 
2024-07-25 03:52:06,672 8968 INFO Asset odoo.addons.base.models.ir_cron: Job `payment: post-process transactions` done. 
2024-07-25 04:01:56,477 8968 INFO Asset odoo.addons.base.models.ir_cron: Starting job `payment: post-process transactions`. 
2024-07-25 04:01:56,487 8968 INFO Asset odoo.addons.base.models.ir_cron: Job `payment: post-process transactions` done. 
2024-07-25 04:12:06,707 8968 INFO Asset odoo.addons.base.models.ir_cron: Starting job `Mail: Email Queue Manager`. 
2024-07-25 04:12:06,714 8968 INFO Asset odoo.addons.base.models.ir_cron: Job `Mail: Email Queue Manager` done. 
2024-07-25 04:12:06,727 8968 INFO Asset odoo.addons.base.models.ir_cron: Starting job `Snailmail: process letters queue`. 
2024-07-25 04:12:06,729 8968 INFO Asset odoo.addons.base.models.ir_cron: Job `Snailmail: process letters queue` done. 
2024-07-25 04:12:06,737 8968 INFO Asset odoo.addons.base.models.ir_cron: Starting job `SMS: SMS Queue Manager`. 
2024-07-25 04:12:06,737 8968 INFO Asset odoo.addons.base.models.ir_cron: Job `SMS: SMS Queue Manager` done. 
2024-07-25 04:12:06,757 8968 INFO Asset odoo.addons.base.models.ir_cron: Starting job `payment: post-process transactions`. 
2024-07-25 04:12:06,757 8968 INFO Asset odoo.addons.base.models.ir_cron: Job `payment: post-process transactions` done. 
2024-07-25 04:12:06,767 8968 INFO Asset odoo.addons.base.models.ir_cron: Starting job `Notification: Send scheduled message notifications`. 
2024-07-25 04:12:06,767 8968 INFO Asset odoo.addons.base.models.ir_cron: Starting job `Partner Autocomplete : Sync with remote DB`. 
2024-07-25 04:12:06,777 8968 INFO Asset odoo.addons.base.models.ir_cron: Job `Notification: Send scheduled message notifications` done. 
2024-07-25 04:12:06,777 8968 INFO Asset odoo.addons.base.models.ir_cron: Job `Partner Autocomplete : Sync with remote DB` done. 
2024-07-25 04:22:06,841 8968 INFO Asset odoo.addons.base.models.ir_cron: Starting job `payment: post-process transactions`. 
2024-07-25 04:22:06,851 8968 INFO Asset odoo.addons.base.models.ir_cron: Job `payment: post-process transactions` done. 
2024-07-25 04:32:06,905 8968 INFO Asset odoo.addons.base.models.ir_cron: Starting job `payment: post-process transactions`. 
2024-07-25 04:32:06,915 8968 INFO Asset odoo.addons.base.models.ir_cron: Job `payment: post-process transactions` done. 
2024-07-25 04:42:06,979 8968 INFO Asset odoo.addons.base.models.ir_cron: Starting job `payment: post-process transactions`. 
2024-07-25 04:42:06,979 8968 INFO Asset odoo.addons.base.models.ir_cron: Job `payment: post-process transactions` done. 
2024-07-25 04:42:54,517 8968 INFO Asset werkzeug: 127.0.0.1 - - [25/Jul/2024 04:42:54] "GET /websocket HTTP/1.1" 101 - 1 0.000 0.010
2024-07-25 04:52:07,048 8968 INFO Asset odoo.addons.base.models.ir_cron: Starting job `payment: post-process transactions`. 
2024-07-25 04:52:07,058 8968 INFO Asset odoo.addons.base.models.ir_cron: Job `payment: post-process transactions` done. 
2024-07-25 05:01:56,865 8968 INFO Asset odoo.addons.base.models.ir_cron: Starting job `payment: post-process transactions`. 
2024-07-25 05:01:56,875 8968 INFO Asset odoo.addons.base.models.ir_cron: Job `payment: post-process transactions` done. 
2024-07-25 05:12:07,094 8968 INFO Asset odoo.addons.base.models.ir_cron: Starting job `payment: post-process transactions`. 
2024-07-25 05:12:07,104 8968 INFO Asset odoo.addons.base.models.ir_cron: Job `payment: post-process transactions` done. 
2024-07-25 05:12:07,114 8968 INFO Asset odoo.addons.base.models.ir_cron: Starting job `Mail: Email Queue Manager`. 
2024-07-25 05:12:07,124 8968 INFO Asset odoo.addons.base.models.ir_cron: Job `Mail: Email Queue Manager` done. 
2024-07-25 05:12:07,134 8968 INFO Asset odoo.addons.base.models.ir_cron: Starting job `Snailmail: process letters queue`. 
2024-07-25 05:12:07,134 8968 INFO Asset odoo.addons.base.models.ir_cron: Job `Snailmail: process letters queue` done. 
2024-07-25 05:12:07,149 8968 INFO Asset odoo.addons.base.models.ir_cron: Starting job `SMS: SMS Queue Manager`. 
2024-07-25 05:12:07,149 8968 INFO Asset odoo.addons.base.models.ir_cron: Job `SMS: SMS Queue Manager` done. 
2024-07-25 05:12:07,169 8968 INFO Asset odoo.addons.base.models.ir_cron: Starting job `Notification: Send scheduled message notifications`. 
2024-07-25 05:12:07,169 8968 INFO Asset odoo.addons.base.models.ir_cron: Job `Notification: Send scheduled message notifications` done. 
2024-07-25 05:12:07,179 8968 INFO Asset odoo.addons.base.models.ir_cron: Starting job `Partner Autocomplete : Sync with remote DB`. 
2024-07-25 05:12:07,189 8968 INFO Asset odoo.addons.base.models.ir_cron: Job `Partner Autocomplete : Sync with remote DB` done. 
2024-07-25 05:22:07,256 8968 INFO Asset odoo.addons.base.models.ir_cron: Starting job `payment: post-process transactions`. 
2024-07-25 05:22:07,266 8968 INFO Asset odoo.addons.base.models.ir_cron: Job `payment: post-process transactions` done. 
2024-07-25 05:32:07,339 8968 INFO Asset odoo.addons.base.models.ir_cron: Starting job `payment: post-process transactions`. 
2024-07-25 05:32:07,349 8968 INFO Asset odoo.addons.base.models.ir_cron: Job `payment: post-process transactions` done. 
2024-07-25 05:42:07,411 8968 INFO Asset odoo.addons.base.models.ir_cron: Starting job `payment: post-process transactions`. 
2024-07-25 05:42:07,416 8968 INFO Asset odoo.addons.base.models.ir_cron: Job `payment: post-process transactions` done. 
2024-07-25 05:52:07,480 8968 INFO Asset odoo.addons.base.models.ir_cron: Starting job `payment: post-process transactions`. 
2024-07-25 05:52:07,491 8968 INFO Asset odoo.addons.base.models.ir_cron: Job `payment: post-process transactions` done. 
2024-07-25 05:56:09,631 8968 INFO Asset werkzeug: 127.0.0.1 - - [25/Jul/2024 05:56:09] "GET /websocket HTTP/1.1" 101 - 1 0.000 0.010
2024-07-25 06:01:57,203 8968 INFO Asset odoo.addons.base.models.ir_cron: Starting job `payment: post-process transactions`. 
2024-07-25 06:01:57,203 8968 INFO Asset odoo.addons.base.models.ir_cron: Job `payment: post-process transactions` done. 
2024-07-25 06:12:07,378 8968 INFO Asset odoo.addons.base.models.ir_cron: Starting job `payment: post-process transactions`. 
2024-07-25 06:12:07,384 8968 INFO Asset odoo.addons.base.models.ir_cron: Job `payment: post-process transactions` done. 
2024-07-25 06:12:07,397 8968 INFO Asset odoo.addons.base.models.ir_cron: Starting job `Mail: Email Queue Manager`. 
2024-07-25 06:12:07,402 8968 INFO Asset odoo.addons.base.models.ir_cron: Job `Mail: Email Queue Manager` done. 
2024-07-25 06:12:07,413 8968 INFO Asset odoo.addons.base.models.ir_cron: Starting job `Snailmail: process letters queue`. 
2024-07-25 06:12:07,419 8968 INFO Asset odoo.addons.base.models.ir_cron: Job `Snailmail: process letters queue` done. 
2024-07-25 06:12:07,430 8968 INFO Asset odoo.addons.base.models.ir_cron: Starting job `SMS: SMS Queue Manager`. 
2024-07-25 06:12:07,434 8968 INFO Asset odoo.addons.base.models.ir_cron: Job `SMS: SMS Queue Manager` done. 
2024-07-25 06:12:07,444 8968 INFO Asset odoo.addons.base.models.ir_cron: Starting job `Notification: Send scheduled message notifications`. 
2024-07-25 06:12:07,449 8968 INFO Asset odoo.addons.base.models.ir_cron: Job `Notification: Send scheduled message notifications` done. 
2024-07-25 06:12:07,459 8968 INFO Asset odoo.addons.base.models.ir_cron: Starting job `Partner Autocomplete : Sync with remote DB`. 
2024-07-25 06:12:07,464 8968 INFO Asset odoo.addons.base.models.ir_cron: Job `Partner Autocomplete : Sync with remote DB` done. 
2024-07-25 06:22:07,641 8968 INFO Asset odoo.addons.base.models.ir_cron: Starting job `payment: post-process transactions`. 
2024-07-25 06:22:07,651 8968 INFO Asset odoo.addons.base.models.ir_cron: Job `payment: post-process transactions` done. 
2024-07-25 06:32:07,707 8968 INFO Asset odoo.addons.base.models.ir_cron: Starting job `payment: post-process transactions`. 
2024-07-25 06:32:07,713 8968 INFO Asset odoo.addons.base.models.ir_cron: Job `payment: post-process transactions` done. 
2024-07-25 06:42:07,755 8968 INFO Asset odoo.addons.base.models.ir_cron: Starting job `payment: post-process transactions`. 
2024-07-25 06:42:07,765 8968 INFO Asset odoo.addons.base.models.ir_cron: Job `payment: post-process transactions` done. 
2024-07-25 06:52:07,837 8968 INFO Asset odoo.addons.base.models.ir_cron: Starting job `payment: post-process transactions`. 
2024-07-25 06:52:07,847 8968 INFO Asset odoo.addons.base.models.ir_cron: Job `payment: post-process transactions` done. 
2024-07-25 07:01:57,386 8968 INFO Asset odoo.addons.base.models.ir_cron: Starting job `payment: post-process transactions`. 
2024-07-25 07:01:57,386 8968 INFO Asset odoo.addons.base.models.ir_cron: Job `payment: post-process transactions` done. 
2024-07-25 07:12:07,612 8968 INFO Asset odoo.addons.base.models.ir_cron: Starting job `Mail: Email Queue Manager`. 
2024-07-25 07:12:07,620 8968 INFO Asset odoo.addons.base.models.ir_cron: Job `Mail: Email Queue Manager` done. 
2024-07-25 07:12:07,631 8968 INFO Asset odoo.addons.base.models.ir_cron: Starting job `Snailmail: process letters queue`. 
2024-07-25 07:12:07,636 8968 INFO Asset odoo.addons.base.models.ir_cron: Job `Snailmail: process letters queue` done. 
2024-07-25 07:12:07,649 8968 INFO Asset odoo.addons.base.models.ir_cron: Starting job `SMS: SMS Queue Manager`. 
2024-07-25 07:12:07,654 8968 INFO Asset odoo.addons.base.models.ir_cron: Job `SMS: SMS Queue Manager` done. 
2024-07-25 07:12:07,664 8968 INFO Asset odoo.addons.base.models.ir_cron: Starting job `Notification: Send scheduled message notifications`. 
2024-07-25 07:12:07,668 8968 INFO Asset odoo.addons.base.models.ir_cron: Job `Notification: Send scheduled message notifications` done. 
2024-07-25 07:12:07,680 8968 INFO Asset odoo.addons.base.models.ir_cron: Starting job `Partner Autocomplete : Sync with remote DB`. 
2024-07-25 07:12:07,684 8968 INFO Asset odoo.addons.base.models.ir_cron: Job `Partner Autocomplete : Sync with remote DB` done. 
2024-07-25 07:12:07,695 8968 INFO Asset odoo.addons.base.models.ir_cron: Starting job `payment: post-process transactions`. 
2024-07-25 07:12:07,699 8968 INFO Asset odoo.addons.base.models.ir_cron: Job `payment: post-process transactions` done. 
2024-07-25 07:22:07,981 8968 INFO Asset odoo.addons.base.models.ir_cron: Starting job `payment: post-process transactions`. 
2024-07-25 07:22:07,987 8968 INFO Asset odoo.addons.base.models.ir_cron: Job `payment: post-process transactions` done. 
2024-07-25 07:25:39,712 8968 INFO Asset werkzeug: 127.0.0.1 - - [25/Jul/2024 07:25:39] "GET /websocket HTTP/1.1" 101 - 1 0.001 0.013
2024-07-25 07:32:08,039 8968 INFO Asset odoo.addons.base.models.ir_cron: Starting job `payment: post-process transactions`. 
2024-07-25 07:32:08,045 8968 INFO Asset odoo.addons.base.models.ir_cron: Job `payment: post-process transactions` done. 
2024-07-25 07:42:08,089 8968 INFO Asset odoo.addons.base.models.ir_cron: Starting job `payment: post-process transactions`. 
2024-07-25 07:42:08,095 8968 INFO Asset odoo.addons.base.models.ir_cron: Job `payment: post-process transactions` done. 
2024-07-25 07:52:08,140 8968 INFO Asset odoo.addons.base.models.ir_cron: Starting job `payment: post-process transactions`. 
2024-07-25 07:52:08,146 8968 INFO Asset odoo.addons.base.models.ir_cron: Job `payment: post-process transactions` done. 
2024-07-25 08:01:57,471 8968 INFO Asset odoo.addons.base.models.ir_cron: Starting job `payment: post-process transactions`. 
2024-07-25 08:01:57,477 8968 INFO Asset odoo.addons.base.models.ir_cron: Job `payment: post-process transactions` done. 
2024-07-25 08:12:07,667 8968 INFO Asset odoo.addons.base.models.ir_cron: Starting job `Snailmail: process letters queue`. 
2024-07-25 08:12:07,673 8968 INFO Asset odoo.addons.base.models.ir_cron: Job `Snailmail: process letters queue` done. 
2024-07-25 08:12:07,683 8968 INFO Asset odoo.addons.base.models.ir_cron: Starting job `SMS: SMS Queue Manager`. 
2024-07-25 08:12:07,693 8968 INFO Asset odoo.addons.base.models.ir_cron: Job `SMS: SMS Queue Manager` done. 
2024-07-25 08:12:07,703 8968 INFO Asset odoo.addons.base.models.ir_cron: Starting job `Notification: Send scheduled message notifications`. 
2024-07-25 08:12:07,703 8968 INFO Asset odoo.addons.base.models.ir_cron: Job `Notification: Send scheduled message notifications` done. 
2024-07-25 08:12:07,713 8968 INFO Asset odoo.addons.base.models.ir_cron: Starting job `Partner Autocomplete : Sync with remote DB`. 
2024-07-25 08:12:07,723 8968 INFO Asset odoo.addons.base.models.ir_cron: Job `Partner Autocomplete : Sync with remote DB` done. 
2024-07-25 08:12:07,733 8968 INFO Asset odoo.addons.base.models.ir_cron: Starting job `payment: post-process transactions`. 
2024-07-25 08:12:07,743 8968 INFO Asset odoo.addons.base.models.ir_cron: Job `payment: post-process transactions` done. 
2024-07-25 08:12:07,753 8968 INFO Asset odoo.addons.base.models.ir_cron: Starting job `Mail: Email Queue Manager`. 
2024-07-25 08:12:07,753 8968 INFO Asset odoo.addons.base.models.ir_cron: Job `Mail: Email Queue Manager` done. 
2024-07-25 08:22:08,281 8968 INFO Asset odoo.addons.base.models.ir_cron: Starting job `payment: post-process transactions`. 
2024-07-25 08:22:08,291 8968 INFO Asset odoo.addons.base.models.ir_cron: Job `payment: post-process transactions` done. 
2024-07-25 08:32:08,351 8968 INFO Asset odoo.addons.base.models.ir_cron: Starting job `payment: post-process transactions`. 
2024-07-25 08:32:08,361 8968 INFO Asset odoo.addons.base.models.ir_cron: Job `payment: post-process transactions` done. 
2024-07-25 08:38:09,703 8968 INFO Asset werkzeug: 127.0.0.1 - - [25/Jul/2024 08:38:09] "GET /websocket HTTP/1.1" 101 - 1 0.000 0.010
2024-07-25 08:42:08,410 8968 INFO Asset odoo.addons.base.models.ir_cron: Starting job `payment: post-process transactions`. 
2024-07-25 08:42:08,421 8968 INFO Asset odoo.addons.base.models.ir_cron: Job `payment: post-process transactions` done. 
2024-07-25 08:52:08,477 8968 INFO Asset odoo.addons.base.models.ir_cron: Starting job `payment: post-process transactions`. 
2024-07-25 08:52:08,487 8968 INFO Asset odoo.addons.base.models.ir_cron: Job `payment: post-process transactions` done. 
2024-07-25 09:01:57,751 8968 INFO Asset odoo.addons.base.models.ir_cron: Starting job `payment: post-process transactions`. 
2024-07-25 09:01:57,762 8968 INFO Asset odoo.addons.base.models.ir_cron: Job `payment: post-process transactions` done. 
2024-07-25 09:12:07,925 8968 INFO Asset odoo.addons.base.models.ir_cron: Starting job `Mail: Email Queue Manager`. 
2024-07-25 09:12:07,932 8968 INFO Asset odoo.addons.base.models.ir_cron: Job `Mail: Email Queue Manager` done. 
2024-07-25 09:12:07,943 8968 INFO Asset odoo.addons.base.models.ir_cron: Starting job `payment: post-process transactions`. 
2024-07-25 09:12:07,948 8968 INFO Asset odoo.addons.base.models.ir_cron: Job `payment: post-process transactions` done. 
2024-07-25 09:12:07,958 8968 INFO Asset odoo.addons.base.models.ir_cron: Starting job `Snailmail: process letters queue`. 
2024-07-25 09:12:07,964 8968 INFO Asset odoo.addons.base.models.ir_cron: Job `Snailmail: process letters queue` done. 
2024-07-25 09:12:07,973 8968 INFO Asset odoo.addons.base.models.ir_cron: Starting job `SMS: SMS Queue Manager`. 
2024-07-25 09:12:07,976 8968 INFO Asset odoo.addons.base.models.ir_cron: Job `SMS: SMS Queue Manager` done. 
2024-07-25 09:12:07,984 8968 INFO Asset odoo.addons.base.models.ir_cron: Starting job `Notification: Send scheduled message notifications`. 
2024-07-25 09:12:07,988 8968 INFO Asset odoo.addons.base.models.ir_cron: Job `Notification: Send scheduled message notifications` done. 
2024-07-25 09:12:07,996 8968 INFO Asset odoo.addons.base.models.ir_cron: Starting job `Partner Autocomplete : Sync with remote DB`. 
2024-07-25 09:12:08,000 8968 INFO Asset odoo.addons.base.models.ir_cron: Job `Partner Autocomplete : Sync with remote DB` done. 
2024-07-25 09:22:08,708 8968 INFO Asset odoo.addons.base.models.ir_cron: Starting job `payment: post-process transactions`. 
2024-07-25 09:22:08,714 8968 INFO Asset odoo.addons.base.models.ir_cron: Job `payment: post-process transactions` done. 
2024-07-25 09:32:08,758 8968 INFO Asset odoo.addons.base.models.ir_cron: Starting job `payment: post-process transactions`. 
2024-07-25 09:32:08,769 8968 INFO Asset odoo.addons.base.models.ir_cron: Job `payment: post-process transactions` done. 
2024-07-25 09:42:08,822 8968 INFO Asset odoo.addons.base.models.ir_cron: Starting job `payment: post-process transactions`. 
2024-07-25 09:42:08,822 8968 INFO Asset odoo.addons.base.models.ir_cron: Job `payment: post-process transactions` done. 
2024-07-25 09:52:08,887 8968 INFO Asset odoo.addons.base.models.ir_cron: Starting job `payment: post-process transactions`. 
2024-07-25 09:52:08,897 8968 INFO Asset odoo.addons.base.models.ir_cron: Job `payment: post-process transactions` done. 
2024-07-25 10:01:39,348 8968 INFO Asset werkzeug: 127.0.0.1 - - [25/Jul/2024 10:01:39] "GET /websocket HTTP/1.1" 101 - 1 0.000 0.010
2024-07-25 10:01:57,886 8968 INFO Asset odoo.addons.base.models.ir_cron: Starting job `payment: post-process transactions`. 
2024-07-25 10:01:57,902 8968 INFO Asset odoo.addons.base.models.ir_cron: Job `payment: post-process transactions` done. 
2024-07-25 10:12:08,126 8968 INFO Asset odoo.addons.base.models.ir_cron: Starting job `Invoice OCR: Parse Invoices`. 
2024-07-25 10:12:08,133 8968 INFO Asset odoo.addons.base.models.ir_cron: Job `Invoice OCR: Parse Invoices` done. 
2024-07-25 10:12:08,144 8968 INFO Asset odoo.addons.base.models.ir_cron: Starting job `Notification: Delete Notifications older than 6 Month`. 
2024-07-25 10:12:08,156 8968 INFO Asset odoo.addons.base.models.ir_cron: Job `Notification: Delete Notifications older than 6 Month` done. 
2024-07-25 10:12:08,166 8968 INFO Asset odoo.addons.base.models.ir_cron: Starting job `Users: Notify About Unregistered Users`. 
2024-07-25 10:12:08,176 8968 INFO Asset odoo.addons.base.models.ir_cron: Job `Users: Notify About Unregistered Users` done. 
2024-07-25 10:12:08,186 8968 INFO Asset odoo.addons.base.models.ir_cron: Starting job `Try to reconcile automatically your statement lines`. 
2024-07-25 10:12:08,196 8968 INFO Asset odoo.addons.base.models.ir_cron: Job `Try to reconcile automatically your statement lines` done. 
2024-07-25 10:12:08,206 8968 INFO Asset odoo.addons.base.models.ir_cron: Starting job `Mail: Email Queue Manager`. 
2024-07-25 10:12:08,206 8968 INFO Asset odoo.addons.base.models.ir_cron: Job `Mail: Email Queue Manager` done. 
2024-07-25 10:12:08,216 8968 INFO Asset odoo.addons.base.models.ir_cron: Starting job `Snailmail: process letters queue`. 
2024-07-25 10:12:08,226 8968 INFO Asset odoo.addons.base.models.ir_cron: Job `Snailmail: process letters queue` done. 
2024-07-25 10:12:08,236 8968 INFO Asset odoo.addons.base.models.ir_cron: Starting job `SMS: SMS Queue Manager`. 
2024-07-25 10:12:08,236 8968 INFO Asset odoo.addons.base.models.ir_cron: Job `SMS: SMS Queue Manager` done. 
2024-07-25 10:12:08,246 8968 INFO Asset odoo.addons.base.models.ir_cron: Starting job `Notification: Send scheduled message notifications`. 
2024-07-25 10:12:08,256 8968 INFO Asset odoo.addons.base.models.ir_cron: Job `Notification: Send scheduled message notifications` done. 
2024-07-25 10:12:08,266 8968 INFO Asset odoo.addons.base.models.ir_cron: Starting job `Partner Autocomplete : Sync with remote DB`. 
2024-07-25 10:12:08,266 8968 INFO Asset odoo.addons.base.models.ir_cron: Job `Partner Autocomplete : Sync with remote DB` done. 
2024-07-25 10:12:08,276 8968 INFO Asset odoo.addons.base.models.ir_cron: Starting job `Invoice OCR: Update All Status`. 
2024-07-25 10:12:08,276 8968 INFO Asset odoo.addons.base.models.ir_cron: Job `Invoice OCR: Update All Status` done. 
2024-07-25 10:12:08,286 8968 INFO Asset odoo.addons.base.models.ir_cron: Starting job `Invoice OCR: Validate Invoices`. 
2024-07-25 10:12:08,296 8968 INFO Asset odoo.addons.base.models.ir_cron: Job `Invoice OCR: Validate Invoices` done. 
2024-07-25 10:12:08,306 8968 INFO Asset odoo.addons.base.models.ir_cron: Starting job `Account automatic transfers : Perform transfers`. 
2024-07-25 10:12:08,306 8968 INFO Asset odoo.addons.base.models.ir_cron: Job `Account automatic transfers : Perform transfers` done. 
2024-07-25 10:12:08,316 8968 INFO Asset odoo.addons.base.models.ir_cron: Starting job `payment: post-process transactions`. 
2024-07-25 10:12:08,316 8968 INFO Asset odoo.addons.base.models.ir_cron: Job `payment: post-process transactions` done. 
2024-07-25 10:12:08,326 8968 INFO Asset odoo.addons.base.models.ir_cron: Starting job `Currency: rate update`. 
2024-07-25 10:12:08,336 8968 INFO Asset odoo.addons.base.models.ir_cron: Job `Currency: rate update` done. 
2024-07-25 10:13:09,008 8968 INFO Asset odoo.addons.base.models.ir_cron: Starting job `Project: Send rating`. 
2024-07-25 10:13:09,018 8968 INFO Asset odoo.addons.base.models.ir_cron: Job `Project: Send rating` done. 
2024-07-25 10:13:09,028 8968 INFO Asset odoo.addons.base.models.ir_cron: Starting job `Calendar: Event Reminder`. 
2024-07-25 10:13:09,038 8968 INFO Asset odoo.addons.base.models.ir_cron: Job `Calendar: Event Reminder` done. 
2024-07-25 10:13:09,058 8968 INFO Asset odoo.addons.base.models.ir_cron: Starting job `Gamification: Goal Challenge Check`. 
2024-07-25 10:13:09,094 8968 INFO Asset odoo.addons.base.models.ir_cron: Job `Gamification: Goal Challenge Check` done. 
2024-07-25 10:13:09,104 8968 INFO Asset odoo.addons.base.models.ir_cron: Starting job `HR Employee: check work permit validity`. 
2024-07-25 10:13:09,114 8968 INFO Asset odoo.addons.base.models.ir_cron: Job `HR Employee: check work permit validity` done. 
2024-07-25 10:13:09,124 8968 INFO Asset odoo.addons.base.models.ir_cron: Starting job `Account: Journal online sync`. 
2024-07-25 10:13:09,124 8968 INFO Asset odoo.addons.base.models.ir_cron: Job `Account: Journal online sync` done. 
2024-07-25 10:13:09,142 8968 INFO Asset odoo.addons.base.models.ir_cron: Starting job `Mail Marketing: Process queue`. 
2024-07-25 10:13:09,149 8968 INFO Asset odoo.addons.base.models.ir_cron: Job `Mail Marketing: Process queue` done. 
2024-07-25 10:22:09,208 8968 INFO Asset odoo.addons.base.models.ir_cron: Starting job `payment: post-process transactions`. 
2024-07-25 10:22:09,218 8968 INFO Asset odoo.addons.base.models.ir_cron: Job `payment: post-process transactions` done. 
2024-07-25 10:32:09,250 8968 INFO Asset odoo.addons.base.models.ir_cron: Starting job `payment: post-process transactions`. 
2024-07-25 10:32:09,260 8968 INFO Asset odoo.addons.base.models.ir_cron: Job `payment: post-process transactions` done. 
2024-07-25 10:42:09,329 8968 INFO Asset odoo.addons.base.models.ir_cron: Starting job `payment: post-process transactions`. 
2024-07-25 10:42:09,329 8968 INFO Asset odoo.addons.base.models.ir_cron: Job `payment: post-process transactions` done. 
2024-07-25 10:52:09,389 8968 INFO Asset odoo.addons.base.models.ir_cron: Starting job `payment: post-process transactions`. 
2024-07-25 10:52:09,399 8968 INFO Asset odoo.addons.base.models.ir_cron: Job `payment: post-process transactions` done. 
2024-07-25 11:01:58,349 8968 INFO Asset odoo.addons.base.models.ir_cron: Starting job `payment: post-process transactions`. 
2024-07-25 11:01:58,354 8968 INFO Asset odoo.addons.base.models.ir_cron: Job `payment: post-process transactions` done. 
2024-07-25 11:12:08,588 8968 INFO Asset odoo.addons.base.models.ir_cron: Starting job `Mail: Email Queue Manager`. 
2024-07-25 11:12:08,595 8968 INFO Asset odoo.addons.base.models.ir_cron: Job `Mail: Email Queue Manager` done. 
2024-07-25 11:12:08,604 8968 INFO Asset odoo.addons.base.models.ir_cron: Starting job `Snailmail: process letters queue`. 
2024-07-25 11:12:08,607 8968 INFO Asset odoo.addons.base.models.ir_cron: Job `Snailmail: process letters queue` done. 
2024-07-25 11:12:08,617 8968 INFO Asset odoo.addons.base.models.ir_cron: Starting job `SMS: SMS Queue Manager`. 
2024-07-25 11:12:08,617 8968 INFO Asset odoo.addons.base.models.ir_cron: Job `SMS: SMS Queue Manager` done. 
2024-07-25 11:12:08,627 8968 INFO Asset odoo.addons.base.models.ir_cron: Starting job `Notification: Send scheduled message notifications`. 
2024-07-25 11:12:08,627 8968 INFO Asset odoo.addons.base.models.ir_cron: Job `Notification: Send scheduled message notifications` done. 
2024-07-25 11:12:08,637 8968 INFO Asset odoo.addons.base.models.ir_cron: Starting job `Partner Autocomplete : Sync with remote DB`. 
2024-07-25 11:12:08,648 8968 INFO Asset odoo.addons.base.models.ir_cron: Job `Partner Autocomplete : Sync with remote DB` done. 
2024-07-25 11:12:08,657 8968 INFO Asset odoo.addons.base.models.ir_cron: Starting job `payment: post-process transactions`. 
2024-07-25 11:12:08,657 8968 INFO Asset odoo.addons.base.models.ir_cron: Job `payment: post-process transactions` done. 
2024-07-25 11:22:09,518 8968 INFO Asset odoo.addons.base.models.ir_cron: Starting job `payment: post-process transactions`. 
2024-07-25 11:22:09,527 8968 INFO Asset odoo.addons.base.models.ir_cron: Job `payment: post-process transactions` done. 
2024-07-25 11:25:54,493 8968 INFO Asset werkzeug: 127.0.0.1 - - [25/Jul/2024 11:25:54] "GET /websocket HTTP/1.1" 101 - 1 0.002 0.004
2024-07-25 11:32:09,593 8968 INFO Asset odoo.addons.base.models.ir_cron: Starting job `payment: post-process transactions`. 
2024-07-25 11:32:09,603 8968 INFO Asset odoo.addons.base.models.ir_cron: Job `payment: post-process transactions` done. 
2024-07-25 11:42:09,655 8968 INFO Asset odoo.addons.base.models.ir_cron: Starting job `payment: post-process transactions`. 
2024-07-25 11:42:09,671 8968 INFO Asset odoo.addons.base.models.ir_cron: Job `payment: post-process transactions` done. 
2024-07-25 11:52:09,720 8968 INFO Asset odoo.addons.base.models.ir_cron: Starting job `payment: post-process transactions`. 
2024-07-25 11:52:09,730 8968 INFO Asset odoo.addons.base.models.ir_cron: Job `payment: post-process transactions` done. 
2024-07-25 12:01:58,639 8968 INFO Asset odoo.addons.base.models.ir_cron: Starting job `payment: post-process transactions`. 
2024-07-25 12:01:58,644 8968 INFO Asset odoo.addons.base.models.ir_cron: Job `payment: post-process transactions` done. 
2024-07-25 12:12:08,799 8968 INFO Asset odoo.addons.base.models.ir_cron: Starting job `Partner Autocomplete : Sync with remote DB`. 
2024-07-25 12:12:08,806 8968 INFO Asset odoo.addons.base.models.ir_cron: Job `Partner Autocomplete : Sync with remote DB` done. 
2024-07-25 12:12:08,818 8968 INFO Asset odoo.addons.base.models.ir_cron: Starting job `payment: post-process transactions`. 
2024-07-25 12:12:08,823 8968 INFO Asset odoo.addons.base.models.ir_cron: Job `payment: post-process transactions` done. 
2024-07-25 12:12:08,833 8968 INFO Asset odoo.addons.base.models.ir_cron: Starting job `Digest Emails`. 
2024-07-25 12:12:08,838 8968 INFO Asset odoo.addons.base.models.ir_cron: Job `Digest Emails` done. 
2024-07-25 12:12:08,852 8968 INFO Asset odoo.addons.base.models.ir_cron: Starting job `Mail: Email Queue Manager`. 
2024-07-25 12:12:08,860 8968 INFO Asset odoo.addons.base.models.ir_cron: Job `Mail: Email Queue Manager` done. 
2024-07-25 12:12:08,871 8968 INFO Asset odoo.addons.base.models.ir_cron: Starting job `Snailmail: process letters queue`. 
2024-07-25 12:12:08,879 8968 INFO Asset odoo.addons.base.models.ir_cron: Job `Snailmail: process letters queue` done. 
2024-07-25 12:12:08,892 8968 INFO Asset odoo.addons.base.models.ir_cron: Starting job `SMS: SMS Queue Manager`. 
2024-07-25 12:12:08,897 8968 INFO Asset odoo.addons.base.models.ir_cron: Job `SMS: SMS Queue Manager` done. 
2024-07-25 12:12:08,907 8968 INFO Asset odoo.addons.base.models.ir_cron: Starting job `Notification: Send scheduled message notifications`. 
2024-07-25 12:12:08,912 8968 INFO Asset odoo.addons.base.models.ir_cron: Job `Notification: Send scheduled message notifications` done. 
2024-07-25 12:22:09,881 8968 INFO Asset odoo.addons.base.models.ir_cron: Starting job `payment: post-process transactions`. 
2024-07-25 12:22:09,881 8968 INFO Asset odoo.addons.base.models.ir_cron: Job `payment: post-process transactions` done. 
2024-07-25 12:32:09,941 8968 INFO Asset odoo.addons.base.models.ir_cron: Starting job `payment: post-process transactions`. 
2024-07-25 12:32:09,951 8968 INFO Asset odoo.addons.base.models.ir_cron: Job `payment: post-process transactions` done. 
2024-07-25 12:42:10,014 8968 INFO Asset odoo.addons.base.models.ir_cron: Starting job `payment: post-process transactions`. 
2024-07-25 12:42:10,024 8968 INFO Asset odoo.addons.base.models.ir_cron: Job `payment: post-process transactions` done. 
2024-07-25 12:52:10,079 8968 INFO Asset odoo.addons.base.models.ir_cron: Starting job `payment: post-process transactions`. 
2024-07-25 12:52:10,085 8968 INFO Asset odoo.addons.base.models.ir_cron: Job `payment: post-process transactions` done. 
2024-07-25 12:52:33,444 8968 INFO Asset werkzeug: 127.0.0.1 - - [25/Jul/2024 12:52:33] "GET /websocket HTTP/1.1" 101 - 1 0.001 0.012
2024-07-25 13:01:58,800 8968 INFO Asset odoo.addons.base.models.ir_cron: Starting job `payment: post-process transactions`. 
2024-07-25 13:01:58,807 8968 INFO Asset odoo.addons.base.models.ir_cron: Job `payment: post-process transactions` done. 
2024-07-25 13:12:08,963 8968 INFO Asset odoo.addons.base.models.ir_cron: Starting job `payment: post-process transactions`. 
2024-07-25 13:12:08,971 8968 INFO Asset odoo.addons.base.models.ir_cron: Job `payment: post-process transactions` done. 
2024-07-25 13:12:08,983 8968 INFO Asset odoo.addons.base.models.ir_cron: Starting job `Partner Autocomplete : Sync with remote DB`. 
2024-07-25 13:12:08,988 8968 INFO Asset odoo.addons.base.models.ir_cron: Job `Partner Autocomplete : Sync with remote DB` done. 
2024-07-25 13:12:08,998 8968 INFO Asset odoo.addons.base.models.ir_cron: Starting job `Mail: Email Queue Manager`. 
2024-07-25 13:12:09,003 8968 INFO Asset odoo.addons.base.models.ir_cron: Job `Mail: Email Queue Manager` done. 
2024-07-25 13:12:09,016 8968 INFO Asset odoo.addons.base.models.ir_cron: Starting job `Snailmail: process letters queue`. 
2024-07-25 13:12:09,021 8968 INFO Asset odoo.addons.base.models.ir_cron: Job `Snailmail: process letters queue` done. 
2024-07-25 13:12:09,033 8968 INFO Asset odoo.addons.base.models.ir_cron: Starting job `SMS: SMS Queue Manager`. 
2024-07-25 13:12:09,038 8968 INFO Asset odoo.addons.base.models.ir_cron: Job `SMS: SMS Queue Manager` done. 
2024-07-25 13:12:09,051 8968 INFO Asset odoo.addons.base.models.ir_cron: Starting job `Notification: Send scheduled message notifications`. 
2024-07-25 13:12:09,056 8968 INFO Asset odoo.addons.base.models.ir_cron: Job `Notification: Send scheduled message notifications` done. 
2024-07-25 13:22:10,207 8968 INFO Asset odoo.addons.base.models.ir_cron: Starting job `payment: post-process transactions`. 
2024-07-25 13:22:10,213 8968 INFO Asset odoo.addons.base.models.ir_cron: Job `payment: post-process transactions` done. 
2024-07-25 13:32:10,264 8968 INFO Asset odoo.addons.base.models.ir_cron: Starting job `payment: post-process transactions`. 
2024-07-25 13:32:10,270 8968 INFO Asset odoo.addons.base.models.ir_cron: Job `payment: post-process transactions` done. 
2024-07-25 13:42:10,324 8968 INFO Asset odoo.addons.base.models.ir_cron: Starting job `payment: post-process transactions`. 
2024-07-25 13:42:10,330 8968 INFO Asset odoo.addons.base.models.ir_cron: Job `payment: post-process transactions` done. 
2024-07-25 13:52:10,379 8968 INFO Asset odoo.addons.base.models.ir_cron: Starting job `payment: post-process transactions`. 
2024-07-25 13:52:10,386 8968 INFO Asset odoo.addons.base.models.ir_cron: Job `payment: post-process transactions` done. 
2024-07-25 13:54:51,677 8968 INFO Asset odoo.addons.base.models.ir_cron: Starting job `Base: Auto-vacuum internal data`. 
2024-07-25 13:54:51,717 8968 INFO Asset odoo.addons.base.models.ir_attachment: filestore gc 0 checked, 0 removed 
2024-07-25 13:54:51,784 8968 INFO Asset odoo.addons.base.models.res_users: GC'd 0 user log entries 
2024-07-25 13:54:51,835 8968 INFO Asset odoo.addons.auth_totp.models.auth_totp: GC'd 0 totp devices entries 
2024-07-25 13:54:51,880 8968 INFO Asset odoo.models.unlink: User #1 deleted bus.bus records with IDs: [2127, 2128, 2129, 2130, 2131, 2132, 2133, 2134, 2135, 2136, 2137, 2138, 2139, 2140, 2141, 2142, 2143, 2144, 2145, 2146, 2147, 2148, 2149, 2150, 2151, 2152, 2153, 2154, 2155, 2156, 2157, 2158, 2159, 2160, 2161, 2162, 2163, 2164, 2165, 2166, 2167, 2168, 2169, 2170, 2171, 2172, 2173, 2174, 2175, 2176, 2177, 2178, 2179, 2180, 2181, 2182, 2183, 2184, 2185, 2186, 2187, 2188, 2189, 2190, 2191, 2192, 2193, 2194, 2195, 2196, 2197, 2198, 2199, 2200, 2201, 2202, 2203, 2204, 2205, 2206, 2207, 2208, 2209, 2210, 2211, 2212, 2213, 2214, 2215, 2216, 2217, 2218, 2219, 2220, 2221, 2222, 2223, 2224, 2225, 2226, 2227, 2228, 2229, 2230, 2231, 2232, 2233, 2234, 2235, 2236, 2237, 2238, 2239, 2240, 2241, 2242, 2243, 2244, 2245, 2246, 2247, 2248, 2249, 2250, 2251, 2252, 2253, 2254, 2255, 2256, 2257, 2258, 2259, 2260, 2261, 2262, 2263, 2264, 2265, 2266, 2267, 2268, 2269, 2270, 2271, 2272, 2273, 2274, 2275, 2276, 2277, 2278, 2279, 2280, 2281, 2282, 2283, 2284, 2285, 2286, 2287, 2288, 2289, 2290, 2291, 2292, 2293, 2294, 2295, 2296, 2297, 2298, 2299, 2300, 2301, 2302, 2303, 2304, 2305, 2306, 2307, 2308, 2309, 2310, 2311, 2312, 2313, 2314, 2315, 2316, 2317, 2318, 2319, 2320, 2321, 2322, 2323, 2324, 2325, 2326, 2327, 2328, 2329, 2330, 2331, 2332, 2333, 2334, 2335, 2336, 2337, 2338, 2339, 2340, 2341, 2342, 2343, 2344, 2345, 2346, 2347, 2348, 2349, 2350, 2351, 2352, 2353, 2354, 2355, 2356, 2357, 2358, 2359, 2360, 2361, 2362, 2363, 2364, 2365, 2366, 2367, 2368, 2369, 2370, 2371, 2372, 2373, 2374, 2375, 2376, 2377, 2378, 2379, 2380, 2381, 2382, 2383, 2384, 2385, 2386, 2387, 2388, 2389, 2390, 2391, 2392, 2393, 2394, 2395, 2396, 2397, 2398, 2399, 2400, 2401, 2402, 2403, 2404, 2405, 2406, 2407, 2408, 2409, 2410, 2411, 2412, 2413, 2414, 2415, 2416, 2417, 2418, 2419, 2420, 2421, 2422, 2423, 2424, 2425, 2426, 2427, 2428, 2429, 2430, 2431, 2432, 2433, 2434, 2435, 2436, 2437, 2438, 2439, 2440, 2441, 2442, 2443, 2444, 2445, 2446, 2447, 2448, 2449, 2450, 2451, 2452, 2453, 2454, 2455, 2456, 2457, 2458, 2459, 2460, 2461, 2462, 2463, 2464, 2465, 2466, 2467, 2468, 2469, 2470, 2471, 2472, 2473, 2474, 2475, 2476, 2477, 2478, 2479, 2480, 2481, 2482, 2483, 2484, 2485, 2486, 2487, 2488, 2489, 2490, 2491, 2492, 2493, 2494, 2495, 2496, 2497, 2498, 2499, 2500, 2501, 2502, 2503, 2504, 2505, 2506, 2507, 2508, 2509, 2510, 2511, 2512, 2513, 2514, 2515, 2516, 2517, 2518, 2519, 2520, 2521, 2522, 2523, 2524, 2525, 2526, 2527, 2528, 2529, 2530, 2531, 2532, 2533, 2534, 2535, 2536, 2537, 2538, 2539, 2540, 2541, 2542, 2543, 2544, 2545, 2546, 2547, 2548, 2549, 2550, 2551, 2552, 2553, 2554, 2555, 2556, 2557, 2558, 2559, 2560, 2561, 2562, 2563, 2564, 2565, 2566, 2567, 2568, 2569, 2570, 2571, 2572, 2573, 2574, 2575, 2576, 2577, 2578, 2579, 2580, 2581, 2582, 2583, 2584, 2585, 2586, 2587, 2588, 2589, 2590, 2591, 2592, 2593, 2594, 2595, 2596, 2597, 2598, 2599, 2600, 2601, 2602, 2603, 2604, 2605, 2606, 2607, 2608, 2609, 2610, 2611, 2612, 2613, 2614, 2615, 2616, 2617, 2618, 2619, 2620, 2621, 2622, 2623, 2624, 2625, 2626, 2627, 2628, 2629, 2630, 2631, 2632, 2633, 2634, 2635, 2636, 2637, 2638, 2639, 2640, 2641, 2642, 2643, 2644, 2645, 2646, 2647, 2648, 2649, 2650, 2651, 2652, 2653, 2654, 2655, 2656, 2657, 2658, 2659, 2660, 2661, 2662, 2663, 2664, 2665, 2666, 2667, 2668, 2669, 2670, 2671, 2672, 2673, 2674, 2675, 2676, 2677, 2678, 2679, 2680, 2681, 2682, 2683, 2684, 2685, 2686, 2687, 2688, 2689, 2690, 2691, 2692, 2693, 2694, 2695, 2696, 2697, 2698, 2699, 2700, 2701, 2702, 2703, 2704, 2705, 2706, 2707, 2708, 2709, 2710, 2711, 2712, 2713, 2714, 2715, 2716, 2717, 2718, 2719, 2720, 2721, 2722, 2723, 2724, 2725, 2726, 2727, 2728, 2729, 2730, 2731, 2732, 2733, 2734, 2735, 2736, 2737, 2738, 2739, 2740, 2741, 2742, 2743, 2744, 2745, 2746, 2747, 2748, 2749, 2750, 2751, 2752, 2753, 2754, 2755, 2756, 2757, 2758, 2759, 2760, 2761, 2762, 2763, 2764, 2765, 2766, 2767, 2768, 2769, 2770, 2771, 2772, 2773, 2774, 2775, 2776, 2777, 2778, 2779, 2780, 2781, 2782, 2783, 2784, 2785, 2786, 2787, 2788, 2789, 2790, 2791, 2792, 2793, 2794, 2795, 2796, 2797, 2798, 2799, 2800, 2801, 2802, 2803, 2804, 2805, 2806, 2807, 2808, 2809, 2810, 2811, 2812, 2813, 2814, 2815, 2816, 2817, 2818, 2819, 2820, 2821, 2822, 2823, 2824, 2825, 2826, 2827, 2828, 2829, 2830, 2831, 2832, 2833, 2834, 2835, 2836, 2837, 2838, 2839, 2840, 2841, 2842, 2843, 2844, 2845, 2846, 2847, 2848, 2849, 2850, 2851, 2852, 2853, 2854, 2855, 2856, 2857, 2858, 2859, 2860, 2861, 2862, 2863, 2864, 2865, 2866, 2867, 2868, 2869, 2870, 2871, 2872, 2873, 2874, 2875, 2876, 2877, 2878, 2879, 2880, 2881, 2882, 2883, 2884, 2885, 2886, 2887, 2888, 2889, 2890, 2891, 2892, 2893, 2894, 2895, 2896, 2897, 2898, 2899, 2900, 2901, 2902, 2903, 2904, 2905, 2906, 2907, 2908, 2909, 2910, 2911, 2912, 2913, 2914, 2915, 2916, 2917, 2918, 2919, 2920, 2921, 2922, 2923, 2924, 2925, 2926, 2927, 2928, 2929, 2930, 2931, 2932, 2933, 2934, 2935, 2936, 2937, 2938, 2939, 2940, 2941, 2942, 2943, 2944, 2945, 2946, 2947, 2948, 2949, 2950, 2951, 2952, 2953, 2954, 2955, 2956, 2957, 2958, 2959, 2960, 2961, 2962, 2963, 2964, 2965, 2966, 2967, 2968, 2969, 2970, 2971, 2972, 2973, 2974, 2975, 2976, 2977, 2978, 2979, 2980, 2981, 2982, 2983, 2984, 2985, 2986, 2987, 2988, 2989, 2990, 2991, 2992, 2993, 2994, 2995, 2996, 2997, 2998, 2999, 3000, 3001, 3002, 3003, 3004, 3005, 3006, 3007, 3008, 3009, 3010, 3011, 3012, 3013, 3014, 3015, 3016, 3017, 3018, 3019, 3020, 3021, 3022, 3023, 3024, 3025, 3026, 3027, 3028, 3029, 3030, 3031, 3032, 3033, 3034, 3035, 3036, 3037, 3038, 3039, 3040, 3041, 3042, 3043, 3044, 3045, 3046, 3047, 3048, 3049, 3050, 3051, 3052, 3053, 3054, 3055, 3056, 3057, 3058, 3059, 3060, 3061, 3062, 3063, 3064, 3065, 3066, 3067, 3068, 3069, 3070, 3071, 3072, 3073, 3074, 3075, 3076, 3077, 3078, 3079, 3080, 3081, 3082, 3083, 3084, 3085, 3086, 3087, 3088, 3089, 3090, 3091, 3092, 3093, 3094, 3095, 3096, 3097, 3098, 3099, 3100, 3101, 3102, 3103, 3104, 3105, 3106, 3107, 3108, 3109, 3110, 3111, 3112, 3113, 3114, 3115, 3116, 3117, 3118] 
2024-07-25 13:54:52,243 8968 INFO Asset odoo.addons.base.models.ir_cron: Job `Base: Auto-vacuum internal data` done. 
2024-07-25 13:58:54,699 8968 INFO Asset werkzeug: 127.0.0.1 - - [25/Jul/2024 13:58:54] "GET /websocket HTTP/1.1" 101 - 1 0.001 0.014
2024-07-25 14:01:59,355 8968 INFO Asset odoo.addons.base.models.ir_cron: Starting job `payment: post-process transactions`. 
2024-07-25 14:01:59,360 8968 INFO Asset odoo.addons.base.models.ir_cron: Job `payment: post-process transactions` done. 
2024-07-25 14:12:09,508 8968 INFO Asset odoo.addons.base.models.ir_cron: Starting job `payment: post-process transactions`. 
2024-07-25 14:12:09,512 8968 INFO Asset odoo.addons.base.models.ir_cron: Job `payment: post-process transactions` done. 
2024-07-25 14:12:09,523 8968 INFO Asset odoo.addons.base.models.ir_cron: Starting job `Partner Autocomplete : Sync with remote DB`. 
2024-07-25 14:12:09,526 8968 INFO Asset odoo.addons.base.models.ir_cron: Job `Partner Autocomplete : Sync with remote DB` done. 
2024-07-25 14:12:09,534 8968 INFO Asset odoo.addons.base.models.ir_cron: Starting job `Mail: Email Queue Manager`. 
2024-07-25 14:12:09,539 8968 INFO Asset odoo.addons.base.models.ir_cron: Job `Mail: Email Queue Manager` done. 
2024-07-25 14:12:09,547 8968 INFO Asset odoo.addons.base.models.ir_cron: Starting job `Snailmail: process letters queue`. 
2024-07-25 14:12:09,550 8968 INFO Asset odoo.addons.base.models.ir_cron: Job `Snailmail: process letters queue` done. 
2024-07-25 14:12:09,557 8968 INFO Asset odoo.addons.base.models.ir_cron: Starting job `SMS: SMS Queue Manager`. 
2024-07-25 14:12:09,560 8968 INFO Asset odoo.addons.base.models.ir_cron: Job `SMS: SMS Queue Manager` done. 
2024-07-25 14:12:09,567 8968 INFO Asset odoo.addons.base.models.ir_cron: Starting job `Notification: Send scheduled message notifications`. 
2024-07-25 14:12:09,571 8968 INFO Asset odoo.addons.base.models.ir_cron: Job `Notification: Send scheduled message notifications` done. 
2024-07-25 14:22:10,497 8968 INFO Asset odoo.addons.base.models.ir_cron: Starting job `payment: post-process transactions`. 
2024-07-25 14:22:10,503 8968 INFO Asset odoo.addons.base.models.ir_cron: Job `payment: post-process transactions` done. 
2024-07-25 14:32:10,549 8968 INFO Asset odoo.addons.base.models.ir_cron: Starting job `payment: post-process transactions`. 
2024-07-25 14:32:10,554 8968 INFO Asset odoo.addons.base.models.ir_cron: Job `payment: post-process transactions` done. 
2024-07-25 14:42:10,602 8968 INFO Asset odoo.addons.base.models.ir_cron: Starting job `payment: post-process transactions`. 
2024-07-25 14:42:10,609 8968 INFO Asset odoo.addons.base.models.ir_cron: Job `payment: post-process transactions` done. 
2024-07-25 14:52:10,652 8968 INFO Asset odoo.addons.base.models.ir_cron: Starting job `payment: post-process transactions`. 
2024-07-25 14:52:10,657 8968 INFO Asset odoo.addons.base.models.ir_cron: Job `payment: post-process transactions` done. 
2024-07-25 15:01:59,303 8968 INFO Asset odoo.addons.base.models.ir_cron: Starting job `payment: post-process transactions`. 
2024-07-25 15:01:59,303 8968 INFO Asset odoo.addons.base.models.ir_cron: Job `payment: post-process transactions` done. 
2024-07-25 15:12:09,510 8968 INFO Asset odoo.addons.base.models.ir_cron: Starting job `Partner Autocomplete : Sync with remote DB`. 
2024-07-25 15:12:09,521 8968 INFO Asset odoo.addons.base.models.ir_cron: Job `Partner Autocomplete : Sync with remote DB` done. 
2024-07-25 15:12:09,530 8968 INFO Asset odoo.addons.base.models.ir_cron: Starting job `Mail: Email Queue Manager`. 
2024-07-25 15:12:09,530 8968 INFO Asset odoo.addons.base.models.ir_cron: Job `Mail: Email Queue Manager` done. 
2024-07-25 15:12:09,540 8968 INFO Asset odoo.addons.base.models.ir_cron: Starting job `Snailmail: process letters queue`. 
2024-07-25 15:12:09,551 8968 INFO Asset odoo.addons.base.models.ir_cron: Job `Snailmail: process letters queue` done. 
2024-07-25 15:12:09,561 8968 INFO Asset odoo.addons.base.models.ir_cron: Starting job `SMS: SMS Queue Manager`. 
2024-07-25 15:12:09,561 8968 INFO Asset odoo.addons.base.models.ir_cron: Job `SMS: SMS Queue Manager` done. 
2024-07-25 15:12:09,571 8968 INFO Asset odoo.addons.base.models.ir_cron: Starting job `Notification: Send scheduled message notifications`. 
2024-07-25 15:12:09,581 8968 INFO Asset odoo.addons.base.models.ir_cron: Job `Notification: Send scheduled message notifications` done. 
2024-07-25 15:12:09,591 8968 INFO Asset odoo.addons.base.models.ir_cron: Starting job `payment: post-process transactions`. 
2024-07-25 15:12:09,591 8968 INFO Asset odoo.addons.base.models.ir_cron: Job `payment: post-process transactions` done. 
2024-07-25 15:22:10,821 8968 INFO Asset odoo.addons.base.models.ir_cron: Starting job `payment: post-process transactions`. 
2024-07-25 15:22:10,821 8968 INFO Asset odoo.addons.base.models.ir_cron: Job `payment: post-process transactions` done. 
2024-07-25 15:32:10,875 8968 INFO Asset odoo.addons.base.models.ir_cron: Starting job `payment: post-process transactions`. 
2024-07-25 15:32:10,885 8968 INFO Asset odoo.addons.base.models.ir_cron: Job `payment: post-process transactions` done. 
2024-07-25 15:42:10,927 8968 INFO Asset odoo.addons.base.models.ir_cron: Starting job `payment: post-process transactions`. 
2024-07-25 15:42:10,937 8968 INFO Asset odoo.addons.base.models.ir_cron: Job `payment: post-process transactions` done. 
2024-07-25 15:52:10,992 8968 INFO Asset odoo.addons.base.models.ir_cron: Starting job `payment: post-process transactions`. 
2024-07-25 15:52:11,002 8968 INFO Asset odoo.addons.base.models.ir_cron: Job `payment: post-process transactions` done. 
2024-07-25 16:01:59,608 8968 INFO Asset odoo.addons.base.models.ir_cron: Starting job `payment: post-process transactions`. 
2024-07-25 16:01:59,608 8968 INFO Asset odoo.addons.base.models.ir_cron: Job `payment: post-process transactions` done. 
2024-07-25 16:12:09,831 8968 INFO Asset odoo.addons.base.models.ir_cron: Starting job `SMS: SMS Queue Manager`. 
2024-07-25 16:12:09,831 8968 INFO Asset odoo.addons.base.models.ir_cron: Job `SMS: SMS Queue Manager` done. 
2024-07-25 16:12:09,851 8968 INFO Asset odoo.addons.base.models.ir_cron: Starting job `Notification: Send scheduled message notifications`. 
2024-07-25 16:12:09,851 8968 INFO Asset odoo.addons.base.models.ir_cron: Job `Notification: Send scheduled message notifications` done. 
2024-07-25 16:12:09,861 8968 INFO Asset odoo.addons.base.models.ir_cron: Starting job `payment: post-process transactions`. 
2024-07-25 16:12:09,861 8968 INFO Asset odoo.addons.base.models.ir_cron: Job `payment: post-process transactions` done. 
2024-07-25 16:12:09,872 8968 INFO Asset odoo.addons.base.models.ir_cron: Starting job `Partner Autocomplete : Sync with remote DB`. 
2024-07-25 16:12:09,881 8968 INFO Asset odoo.addons.base.models.ir_cron: Job `Partner Autocomplete : Sync with remote DB` done. 
2024-07-25 16:12:09,891 8968 INFO Asset odoo.addons.base.models.ir_cron: Starting job `Mail: Email Queue Manager`. 
2024-07-25 16:12:09,891 8968 INFO Asset odoo.addons.base.models.ir_cron: Job `Mail: Email Queue Manager` done. 
2024-07-25 16:12:09,907 8968 INFO Asset odoo.addons.base.models.ir_cron: Starting job `Snailmail: process letters queue`. 
2024-07-25 16:12:09,912 8968 INFO Asset odoo.addons.base.models.ir_cron: Job `Snailmail: process letters queue` done. 
2024-07-25 16:22:11,104 8968 INFO Asset odoo.addons.base.models.ir_cron: Starting job `payment: post-process transactions`. 
2024-07-25 16:22:11,114 8968 INFO Asset odoo.addons.base.models.ir_cron: Job `payment: post-process transactions` done. 
2024-07-25 16:32:11,157 8968 INFO Asset odoo.addons.base.models.ir_cron: Starting job `payment: post-process transactions`. 
2024-07-25 16:32:11,157 8968 INFO Asset odoo.addons.base.models.ir_cron: Job `payment: post-process transactions` done. 
2024-07-25 16:42:11,201 8968 INFO Asset odoo.addons.base.models.ir_cron: Starting job `payment: post-process transactions`. 
2024-07-25 16:42:11,211 8968 INFO Asset odoo.addons.base.models.ir_cron: Job `payment: post-process transactions` done. 
2024-07-25 16:52:11,265 8968 INFO Asset odoo.addons.base.models.ir_cron: Starting job `payment: post-process transactions`. 
2024-07-25 16:52:11,275 8968 INFO Asset odoo.addons.base.models.ir_cron: Job `payment: post-process transactions` done. 
2024-07-25 17:01:59,927 8968 INFO Asset odoo.addons.base.models.ir_cron: Starting job `payment: post-process transactions`. 
2024-07-25 17:01:59,937 8968 INFO Asset odoo.addons.base.models.ir_cron: Job `payment: post-process transactions` done. 
2024-07-25 17:12:10,137 8968 INFO Asset odoo.addons.base.models.ir_cron: Starting job `payment: post-process transactions`. 
2024-07-25 17:12:10,145 8968 INFO Asset odoo.addons.base.models.ir_cron: Job `payment: post-process transactions` done. 
2024-07-25 17:12:10,155 8968 INFO Asset odoo.addons.base.models.ir_cron: Starting job `SMS: SMS Queue Manager`. 
2024-07-25 17:12:10,165 8968 INFO Asset odoo.addons.base.models.ir_cron: Job `SMS: SMS Queue Manager` done. 
2024-07-25 17:12:10,175 8968 INFO Asset odoo.addons.base.models.ir_cron: Starting job `Notification: Send scheduled message notifications`. 
2024-07-25 17:12:10,175 8968 INFO Asset odoo.addons.base.models.ir_cron: Job `Notification: Send scheduled message notifications` done. 
2024-07-25 17:12:10,185 8968 INFO Asset odoo.addons.base.models.ir_cron: Starting job `Partner Autocomplete : Sync with remote DB`. 
2024-07-25 17:12:10,195 8968 INFO Asset odoo.addons.base.models.ir_cron: Job `Partner Autocomplete : Sync with remote DB` done. 
2024-07-25 17:12:10,205 8968 INFO Asset odoo.addons.base.models.ir_cron: Starting job `Mail: Email Queue Manager`. 
2024-07-25 17:12:10,205 8968 INFO Asset odoo.addons.base.models.ir_cron: Job `Mail: Email Queue Manager` done. 
2024-07-25 17:12:10,215 8968 INFO Asset odoo.addons.base.models.ir_cron: Starting job `Snailmail: process letters queue`. 
2024-07-25 17:12:10,225 8968 INFO Asset odoo.addons.base.models.ir_cron: Job `Snailmail: process letters queue` done. 
2024-07-25 17:22:11,404 8968 INFO Asset odoo.addons.base.models.ir_cron: Starting job `payment: post-process transactions`. 
2024-07-25 17:22:11,414 8968 INFO Asset odoo.addons.base.models.ir_cron: Job `payment: post-process transactions` done. 
2024-07-25 17:32:11,473 8968 INFO Asset odoo.addons.base.models.ir_cron: Starting job `payment: post-process transactions`. 
2024-07-25 17:32:11,483 8968 INFO Asset odoo.addons.base.models.ir_cron: Job `payment: post-process transactions` done. 
2024-07-25 17:42:11,534 8968 INFO Asset odoo.addons.base.models.ir_cron: Starting job `payment: post-process transactions`. 
2024-07-25 17:42:11,544 8968 INFO Asset odoo.addons.base.models.ir_cron: Job `payment: post-process transactions` done. 
2024-07-25 17:51:50,040 8968 INFO Asset odoo.addons.base.models.ir_cron: Starting job `payment: post-process transactions`. 
2024-07-25 17:51:50,040 8968 INFO Asset odoo.addons.base.models.ir_cron: Job `payment: post-process transactions` done. 
2024-07-25 18:02:00,260 8968 INFO Asset odoo.addons.base.models.ir_cron: Starting job `payment: post-process transactions`. 
2024-07-25 18:02:00,270 8968 INFO Asset odoo.addons.base.models.ir_cron: Job `payment: post-process transactions` done. 
2024-07-25 18:12:10,449 8968 INFO Asset odoo.addons.base.models.ir_cron: Starting job `SMS: SMS Queue Manager`. 
2024-07-25 18:12:10,449 8968 INFO Asset odoo.addons.base.models.ir_cron: Job `SMS: SMS Queue Manager` done. 
2024-07-25 18:12:10,463 8968 INFO Asset odoo.addons.base.models.ir_cron: Starting job `Notification: Send scheduled message notifications`. 
2024-07-25 18:12:10,470 8968 INFO Asset odoo.addons.base.models.ir_cron: Job `Notification: Send scheduled message notifications` done. 
2024-07-25 18:12:10,481 8968 INFO Asset odoo.addons.base.models.ir_cron: Starting job `Partner Autocomplete : Sync with remote DB`. 
2024-07-25 18:12:10,481 8968 INFO Asset odoo.addons.base.models.ir_cron: Job `Partner Autocomplete : Sync with remote DB` done. 
2024-07-25 18:12:10,491 8968 INFO Asset odoo.addons.base.models.ir_cron: Starting job `Mail: Email Queue Manager`. 
2024-07-25 18:12:10,491 8968 INFO Asset odoo.addons.base.models.ir_cron: Job `Mail: Email Queue Manager` done. 
2024-07-25 18:12:10,501 8968 INFO Asset odoo.addons.base.models.ir_cron: Starting job `Snailmail: process letters queue`. 
2024-07-25 18:12:10,510 8968 INFO Asset odoo.addons.base.models.ir_cron: Job `Snailmail: process letters queue` done. 
2024-07-25 18:12:10,521 8968 INFO Asset odoo.addons.base.models.ir_cron: Starting job `payment: post-process transactions`. 
2024-07-25 18:12:10,521 8968 INFO Asset odoo.addons.base.models.ir_cron: Job `payment: post-process transactions` done. 
2024-07-25 18:22:11,770 8968 INFO Asset odoo.addons.base.models.ir_cron: Starting job `payment: post-process transactions`. 
2024-07-25 18:22:11,780 8968 INFO Asset odoo.addons.base.models.ir_cron: Job `payment: post-process transactions` done. 
2024-07-25 18:32:11,854 8968 INFO Asset odoo.addons.base.models.ir_cron: Starting job `payment: post-process transactions`. 
2024-07-25 18:32:11,854 8968 INFO Asset odoo.addons.base.models.ir_cron: Job `payment: post-process transactions` done. 
2024-07-25 18:42:11,921 8968 INFO Asset odoo.addons.base.models.ir_cron: Starting job `payment: post-process transactions`. 
2024-07-25 18:42:11,921 8968 INFO Asset odoo.addons.base.models.ir_cron: Job `payment: post-process transactions` done. 
2024-07-25 18:51:50,389 8968 INFO Asset odoo.addons.base.models.ir_cron: Starting job `payment: post-process transactions`. 
2024-07-25 18:51:50,389 8968 INFO Asset odoo.addons.base.models.ir_cron: Job `payment: post-process transactions` done. 
2024-07-25 19:02:00,620 8968 INFO Asset odoo.addons.base.models.ir_cron: Starting job `payment: post-process transactions`. 
2024-07-25 19:02:00,625 8968 INFO Asset odoo.addons.base.models.ir_cron: Job `payment: post-process transactions` done. 
2024-07-25 19:12:10,859 8968 INFO Asset odoo.addons.base.models.ir_cron: Starting job `SMS: SMS Queue Manager`. 
2024-07-25 19:12:10,869 8968 INFO Asset odoo.addons.base.models.ir_cron: Job `SMS: SMS Queue Manager` done. 
2024-07-25 19:12:10,879 8968 INFO Asset odoo.addons.base.models.ir_cron: Starting job `Notification: Send scheduled message notifications`. 
2024-07-25 19:12:10,879 8968 INFO Asset odoo.addons.base.models.ir_cron: Job `Notification: Send scheduled message notifications` done. 
2024-07-25 19:12:10,899 8968 INFO Asset odoo.addons.base.models.ir_cron: Starting job `Partner Autocomplete : Sync with remote DB`. 
2024-07-25 19:12:10,902 8968 INFO Asset odoo.addons.base.models.ir_cron: Job `Partner Autocomplete : Sync with remote DB` done. 
2024-07-25 19:12:10,914 8968 INFO Asset odoo.addons.base.models.ir_cron: Starting job `Mail: Email Queue Manager`. 
2024-07-25 19:12:10,914 8968 INFO Asset odoo.addons.base.models.ir_cron: Job `Mail: Email Queue Manager` done. 
2024-07-25 19:12:10,924 8968 INFO Asset odoo.addons.base.models.ir_cron: Starting job `Snailmail: process letters queue`. 
2024-07-25 19:12:10,924 8968 INFO Asset odoo.addons.base.models.ir_cron: Job `Snailmail: process letters queue` done. 
2024-07-25 19:12:10,934 8968 INFO Asset odoo.addons.base.models.ir_cron: Starting job `payment: post-process transactions`. 
2024-07-25 19:12:10,944 8968 INFO Asset odoo.addons.base.models.ir_cron: Job `payment: post-process transactions` done. 
2024-07-25 19:22:12,144 8968 INFO Asset odoo.addons.base.models.ir_cron: Starting job `payment: post-process transactions`. 
2024-07-25 19:22:12,150 8968 INFO Asset odoo.addons.base.models.ir_cron: Job `payment: post-process transactions` done. 
2024-07-25 19:32:12,199 8968 INFO Asset odoo.addons.base.models.ir_cron: Starting job `payment: post-process transactions`. 
2024-07-25 19:32:12,206 8968 INFO Asset odoo.addons.base.models.ir_cron: Job `payment: post-process transactions` done. 
2024-07-25 19:42:12,266 8968 INFO Asset odoo.addons.base.models.ir_cron: Starting job `payment: post-process transactions`. 
2024-07-25 19:42:12,276 8968 INFO Asset odoo.addons.base.models.ir_cron: Job `payment: post-process transactions` done. 
2024-07-25 19:51:50,792 8968 INFO Asset odoo.addons.base.models.ir_cron: Starting job `payment: post-process transactions`. 
2024-07-25 19:51:50,802 8968 INFO Asset odoo.addons.base.models.ir_cron: Job `payment: post-process transactions` done. 
2024-07-25 20:02:01,019 8968 INFO Asset odoo.addons.base.models.ir_cron: Starting job `payment: post-process transactions`. 
2024-07-25 20:02:01,019 8968 INFO Asset odoo.addons.base.models.ir_cron: Job `payment: post-process transactions` done. 
2024-07-25 20:12:11,272 8968 INFO Asset odoo.addons.base.models.ir_cron: Starting job `Snailmail: process letters queue`. 
2024-07-25 20:12:11,282 8968 INFO Asset odoo.addons.base.models.ir_cron: Job `Snailmail: process letters queue` done. 
2024-07-25 20:12:11,292 8968 INFO Asset odoo.addons.base.models.ir_cron: Starting job `payment: post-process transactions`. 
2024-07-25 20:12:11,302 8968 INFO Asset odoo.addons.base.models.ir_cron: Job `payment: post-process transactions` done. 
2024-07-25 20:12:11,312 8968 INFO Asset odoo.addons.base.models.ir_cron: Starting job `SMS: SMS Queue Manager`. 
2024-07-25 20:12:11,312 8968 INFO Asset odoo.addons.base.models.ir_cron: Job `SMS: SMS Queue Manager` done. 
2024-07-25 20:12:11,322 8968 INFO Asset odoo.addons.base.models.ir_cron: Starting job `Notification: Send scheduled message notifications`. 
2024-07-25 20:12:11,332 8968 INFO Asset odoo.addons.base.models.ir_cron: Job `Notification: Send scheduled message notifications` done. 
2024-07-25 20:12:11,342 8968 INFO Asset odoo.addons.base.models.ir_cron: Starting job `Partner Autocomplete : Sync with remote DB`. 
2024-07-25 20:12:11,342 8968 INFO Asset odoo.addons.base.models.ir_cron: Job `Partner Autocomplete : Sync with remote DB` done. 
2024-07-25 20:12:11,352 8968 INFO Asset odoo.addons.base.models.ir_cron: Starting job `Mail: Email Queue Manager`. 
2024-07-25 20:12:11,352 8968 INFO Asset odoo.addons.base.models.ir_cron: Job `Mail: Email Queue Manager` done. 
2024-07-25 20:22:12,477 8968 INFO Asset odoo.addons.base.models.ir_cron: Starting job `payment: post-process transactions`. 
2024-07-25 20:22:12,487 8968 INFO Asset odoo.addons.base.models.ir_cron: Job `payment: post-process transactions` done. 
2024-07-25 20:32:12,539 8968 INFO Asset odoo.addons.base.models.ir_cron: Starting job `payment: post-process transactions`. 
2024-07-25 20:32:12,549 8968 INFO Asset odoo.addons.base.models.ir_cron: Job `payment: post-process transactions` done. 
2024-07-25 20:42:12,601 8968 INFO Asset odoo.addons.base.models.ir_cron: Starting job `payment: post-process transactions`. 
2024-07-25 20:42:12,611 8968 INFO Asset odoo.addons.base.models.ir_cron: Job `payment: post-process transactions` done. 
2024-07-25 20:51:51,224 8968 INFO Asset odoo.addons.base.models.ir_cron: Starting job `payment: post-process transactions`. 
2024-07-25 20:51:51,234 8968 INFO Asset odoo.addons.base.models.ir_cron: Job `payment: post-process transactions` done. 
2024-07-25 21:02:01,443 8968 INFO Asset odoo.addons.base.models.ir_cron: Starting job `payment: post-process transactions`. 
2024-07-25 21:02:01,443 8968 INFO Asset odoo.addons.base.models.ir_cron: Job `payment: post-process transactions` done. 
2024-07-25 21:12:11,692 8968 INFO Asset odoo.addons.base.models.ir_cron: Starting job `payment: post-process transactions`. 
2024-07-25 21:12:11,702 8968 INFO Asset odoo.addons.base.models.ir_cron: Job `payment: post-process transactions` done. 
2024-07-25 21:12:11,712 8968 INFO Asset odoo.addons.base.models.ir_cron: Starting job `Snailmail: process letters queue`. 
2024-07-25 21:12:11,722 8968 INFO Asset odoo.addons.base.models.ir_cron: Job `Snailmail: process letters queue` done. 
2024-07-25 21:12:11,734 8968 INFO Asset odoo.addons.base.models.ir_cron: Starting job `SMS: SMS Queue Manager`. 
2024-07-25 21:12:11,740 8968 INFO Asset odoo.addons.base.models.ir_cron: Job `SMS: SMS Queue Manager` done. 
2024-07-25 21:12:11,752 8968 INFO Asset odoo.addons.base.models.ir_cron: Starting job `Notification: Send scheduled message notifications`. 
2024-07-25 21:12:11,756 8968 INFO Asset odoo.addons.base.models.ir_cron: Job `Notification: Send scheduled message notifications` done. 
2024-07-25 21:12:11,767 8968 INFO Asset odoo.addons.base.models.ir_cron: Starting job `Partner Autocomplete : Sync with remote DB`. 
2024-07-25 21:12:11,772 8968 INFO Asset odoo.addons.base.models.ir_cron: Job `Partner Autocomplete : Sync with remote DB` done. 
2024-07-25 21:12:11,778 8968 INFO Asset odoo.addons.base.models.ir_cron: Starting job `Mail: Email Queue Manager`. 
2024-07-25 21:12:11,788 8968 INFO Asset odoo.addons.base.models.ir_cron: Job `Mail: Email Queue Manager` done. 
2024-07-25 21:22:12,799 8968 INFO Asset odoo.addons.base.models.ir_cron: Starting job `payment: post-process transactions`. 
2024-07-25 21:22:12,809 8968 INFO Asset odoo.addons.base.models.ir_cron: Job `payment: post-process transactions` done. 
2024-07-25 21:32:12,863 8968 INFO Asset odoo.addons.base.models.ir_cron: Starting job `payment: post-process transactions`. 
2024-07-25 21:32:12,873 8968 INFO Asset odoo.addons.base.models.ir_cron: Job `payment: post-process transactions` done. 
2024-07-25 21:42:12,925 8968 INFO Asset odoo.addons.base.models.ir_cron: Starting job `payment: post-process transactions`. 
2024-07-25 21:42:12,935 8968 INFO Asset odoo.addons.base.models.ir_cron: Job `payment: post-process transactions` done. 
2024-07-25 21:51:51,575 8968 INFO Asset odoo.addons.base.models.ir_cron: Starting job `payment: post-process transactions`. 
2024-07-25 21:51:51,585 8968 INFO Asset odoo.addons.base.models.ir_cron: Job `payment: post-process transactions` done. 
2024-07-25 22:02:01,806 8968 INFO Asset odoo.addons.base.models.ir_cron: Starting job `payment: post-process transactions`. 
2024-07-25 22:02:01,818 8968 INFO Asset odoo.addons.base.models.ir_cron: Job `payment: post-process transactions` done. 
2024-07-25 22:12:12,052 8968 INFO Asset odoo.addons.base.models.ir_cron: Starting job `Account: Journal online sync`. 
2024-07-25 22:12:12,054 8968 INFO Asset odoo.addons.base.models.ir_cron: Job `Account: Journal online sync` done. 
2024-07-25 22:12:12,064 8968 INFO Asset odoo.addons.base.models.ir_cron: Starting job `Snailmail: process letters queue`. 
2024-07-25 22:12:12,074 8968 INFO Asset odoo.addons.base.models.ir_cron: Job `Snailmail: process letters queue` done. 
2024-07-25 22:12:12,084 8968 INFO Asset odoo.addons.base.models.ir_cron: Starting job `SMS: SMS Queue Manager`. 
2024-07-25 22:12:12,090 8968 INFO Asset odoo.addons.base.models.ir_cron: Job `SMS: SMS Queue Manager` done. 
2024-07-25 22:12:12,100 8968 INFO Asset odoo.addons.base.models.ir_cron: Starting job `Notification: Send scheduled message notifications`. 
2024-07-25 22:12:12,106 8968 INFO Asset odoo.addons.base.models.ir_cron: Job `Notification: Send scheduled message notifications` done. 
2024-07-25 22:12:12,116 8968 INFO Asset odoo.addons.base.models.ir_cron: Starting job `Partner Autocomplete : Sync with remote DB`. 
2024-07-25 22:12:12,116 8968 INFO Asset odoo.addons.base.models.ir_cron: Job `Partner Autocomplete : Sync with remote DB` done. 
2024-07-25 22:12:12,126 8968 INFO Asset odoo.addons.base.models.ir_cron: Starting job `Mail: Email Queue Manager`. 
2024-07-25 22:12:12,136 8968 INFO Asset odoo.addons.base.models.ir_cron: Job `Mail: Email Queue Manager` done. 
2024-07-25 22:12:12,146 8968 INFO Asset odoo.addons.base.models.ir_cron: Starting job `payment: post-process transactions`. 
2024-07-25 22:12:12,146 8968 INFO Asset odoo.addons.base.models.ir_cron: Job `payment: post-process transactions` done. 
2024-07-25 22:22:13,147 8968 INFO Asset odoo.addons.base.models.ir_cron: Starting job `payment: post-process transactions`. 
2024-07-25 22:22:13,157 8968 INFO Asset odoo.addons.base.models.ir_cron: Job `payment: post-process transactions` done. 
2024-07-25 22:32:13,210 8968 INFO Asset odoo.addons.base.models.ir_cron: Starting job `payment: post-process transactions`. 
2024-07-25 22:32:13,224 8968 INFO Asset odoo.addons.base.models.ir_cron: Job `payment: post-process transactions` done. 
2024-07-25 22:42:13,272 8968 INFO Asset odoo.addons.base.models.ir_cron: Starting job `payment: post-process transactions`. 
2024-07-25 22:42:13,272 8968 INFO Asset odoo.addons.base.models.ir_cron: Job `payment: post-process transactions` done. 
2024-07-25 22:51:51,965 8968 INFO Asset odoo.addons.base.models.ir_cron: Starting job `payment: post-process transactions`. 
2024-07-25 22:51:51,975 8968 INFO Asset odoo.addons.base.models.ir_cron: Job `payment: post-process transactions` done. 
2024-07-25 23:02:02,217 8968 INFO Asset odoo.addons.base.models.ir_cron: Starting job `payment: post-process transactions`. 
2024-07-25 23:02:02,222 8968 INFO Asset odoo.addons.base.models.ir_cron: Job `payment: post-process transactions` done. 
2024-07-25 23:12:12,429 8968 INFO Asset odoo.addons.base.models.ir_cron: Starting job `Snailmail: process letters queue`. 
2024-07-25 23:12:12,433 8968 INFO Asset odoo.addons.base.models.ir_cron: Job `Snailmail: process letters queue` done. 
2024-07-25 23:12:12,443 8968 INFO Asset odoo.addons.base.models.ir_cron: Starting job `SMS: SMS Queue Manager`. 
2024-07-25 23:12:12,443 8968 INFO Asset odoo.addons.base.models.ir_cron: Job `SMS: SMS Queue Manager` done. 
2024-07-25 23:12:12,463 8968 INFO Asset odoo.addons.base.models.ir_cron: Starting job `Notification: Send scheduled message notifications`. 
2024-07-25 23:12:12,463 8968 INFO Asset odoo.addons.base.models.ir_cron: Job `Notification: Send scheduled message notifications` done. 
2024-07-25 23:12:12,473 8968 INFO Asset odoo.addons.base.models.ir_cron: Starting job `Partner Autocomplete : Sync with remote DB`. 
2024-07-25 23:12:12,483 8968 INFO Asset odoo.addons.base.models.ir_cron: Job `Partner Autocomplete : Sync with remote DB` done. 
2024-07-25 23:12:12,493 8968 INFO Asset odoo.addons.base.models.ir_cron: Starting job `Mail: Email Queue Manager`. 
2024-07-25 23:12:12,493 8968 INFO Asset odoo.addons.base.models.ir_cron: Job `Mail: Email Queue Manager` done. 
2024-07-25 23:12:12,503 8968 INFO Asset odoo.addons.base.models.ir_cron: Starting job `payment: post-process transactions`. 
2024-07-25 23:12:12,513 8968 INFO Asset odoo.addons.base.models.ir_cron: Job `payment: post-process transactions` done. 
2024-07-25 23:22:13,430 8968 INFO Asset odoo.addons.base.models.ir_cron: Starting job `payment: post-process transactions`. 
2024-07-25 23:22:13,440 8968 INFO Asset odoo.addons.base.models.ir_cron: Job `payment: post-process transactions` done. 
2024-07-25 23:32:13,498 8968 INFO Asset odoo.addons.base.models.ir_cron: Starting job `payment: post-process transactions`. 
2024-07-25 23:32:13,508 8968 INFO Asset odoo.addons.base.models.ir_cron: Job `payment: post-process transactions` done. 
2024-07-25 23:42:13,566 8968 INFO Asset odoo.addons.base.models.ir_cron: Starting job `payment: post-process transactions`. 
2024-07-25 23:42:13,576 8968 INFO Asset odoo.addons.base.models.ir_cron: Job `payment: post-process transactions` done. 
2024-07-25 23:51:52,300 8968 INFO Asset odoo.addons.base.models.ir_cron: Starting job `payment: post-process transactions`. 
2024-07-25 23:51:52,310 8968 INFO Asset odoo.addons.base.models.ir_cron: Job `payment: post-process transactions` done. 
2024-07-26 00:02:02,521 8968 INFO Asset odoo.addons.base.models.ir_cron: Starting job `payment: post-process transactions`. 
2024-07-26 00:02:02,521 8968 INFO Asset odoo.addons.base.models.ir_cron: Job `payment: post-process transactions` done. 
2024-07-26 00:12:12,743 8968 INFO Asset odoo.addons.base.models.ir_cron: Starting job `Mail: Email Queue Manager`. 
2024-07-26 00:12:12,753 8968 INFO Asset odoo.addons.base.models.ir_cron: Job `Mail: Email Queue Manager` done. 
2024-07-26 00:12:12,763 8968 INFO Asset odoo.addons.base.models.ir_cron: Starting job `payment: post-process transactions`. 
2024-07-26 00:12:12,773 8968 INFO Asset odoo.addons.base.models.ir_cron: Job `payment: post-process transactions` done. 
2024-07-26 00:12:12,778 8968 INFO Asset odoo.addons.base.models.ir_cron: Starting job `Snailmail: process letters queue`. 
2024-07-26 00:12:12,788 8968 INFO Asset odoo.addons.base.models.ir_cron: Job `Snailmail: process letters queue` done. 
2024-07-26 00:12:12,798 8968 INFO Asset odoo.addons.base.models.ir_cron: Starting job `SMS: SMS Queue Manager`. 
2024-07-26 00:12:12,798 8968 INFO Asset odoo.addons.base.models.ir_cron: Job `SMS: SMS Queue Manager` done. 
2024-07-26 00:12:12,808 8968 INFO Asset odoo.addons.base.models.ir_cron: Starting job `Notification: Send scheduled message notifications`. 
2024-07-26 00:12:12,819 8968 INFO Asset odoo.addons.base.models.ir_cron: Job `Notification: Send scheduled message notifications` done. 
2024-07-26 00:12:12,829 8968 INFO Asset odoo.addons.base.models.ir_cron: Starting job `Partner Autocomplete : Sync with remote DB`. 
2024-07-26 00:12:12,829 8968 INFO Asset odoo.addons.base.models.ir_cron: Job `Partner Autocomplete : Sync with remote DB` done. 
2024-07-26 00:22:13,784 8968 INFO Asset odoo.addons.base.models.ir_cron: Starting job `payment: post-process transactions`. 
2024-07-26 00:22:13,794 8968 INFO Asset odoo.addons.base.models.ir_cron: Job `payment: post-process transactions` done. 
2024-07-26 00:32:13,838 8968 INFO Asset odoo.addons.base.models.ir_cron: Starting job `payment: post-process transactions`. 
2024-07-26 00:32:13,844 8968 INFO Asset odoo.addons.base.models.ir_cron: Job `payment: post-process transactions` done. 
2024-07-26 00:42:13,912 8968 INFO Asset odoo.addons.base.models.ir_cron: Starting job `payment: post-process transactions`. 
2024-07-26 00:42:13,922 8968 INFO Asset odoo.addons.base.models.ir_cron: Job `payment: post-process transactions` done. 
2024-07-26 00:51:52,664 8968 INFO Asset odoo.addons.base.models.ir_cron: Starting job `payment: post-process transactions`. 
2024-07-26 00:51:52,674 8968 INFO Asset odoo.addons.base.models.ir_cron: Job `payment: post-process transactions` done. 
2024-07-26 01:02:02,881 8968 INFO Asset odoo.addons.base.models.ir_cron: Starting job `payment: post-process transactions`. 
2024-07-26 01:02:02,896 8968 INFO Asset odoo.addons.base.models.ir_cron: Job `payment: post-process transactions` done. 
2024-07-26 01:12:13,103 8968 INFO Asset odoo.addons.base.models.ir_cron: Starting job `payment: post-process transactions`. 
2024-07-26 01:12:13,103 8968 INFO Asset odoo.addons.base.models.ir_cron: Job `payment: post-process transactions` done. 
2024-07-26 01:12:13,113 8968 INFO Asset odoo.addons.base.models.ir_cron: Starting job `Mail: Email Queue Manager`. 
2024-07-26 01:12:13,123 8968 INFO Asset odoo.addons.base.models.ir_cron: Job `Mail: Email Queue Manager` done. 
2024-07-26 01:12:13,133 8968 INFO Asset odoo.addons.base.models.ir_cron: Starting job `Snailmail: process letters queue`. 
2024-07-26 01:12:13,143 8968 INFO Asset odoo.addons.base.models.ir_cron: Job `Snailmail: process letters queue` done. 
2024-07-26 01:12:13,153 8968 INFO Asset odoo.addons.base.models.ir_cron: Starting job `SMS: SMS Queue Manager`. 
2024-07-26 01:12:13,153 8968 INFO Asset odoo.addons.base.models.ir_cron: Job `SMS: SMS Queue Manager` done. 
2024-07-26 01:12:13,163 8968 INFO Asset odoo.addons.base.models.ir_cron: Starting job `Notification: Send scheduled message notifications`. 
2024-07-26 01:12:13,163 8968 INFO Asset odoo.addons.base.models.ir_cron: Job `Notification: Send scheduled message notifications` done. 
2024-07-26 01:12:13,173 8968 INFO Asset odoo.addons.base.models.ir_cron: Starting job `Partner Autocomplete : Sync with remote DB`. 
2024-07-26 01:12:13,183 8968 INFO Asset odoo.addons.base.models.ir_cron: Job `Partner Autocomplete : Sync with remote DB` done. 
2024-07-26 01:22:14,141 8968 INFO Asset odoo.addons.base.models.ir_cron: Starting job `payment: post-process transactions`. 
2024-07-26 01:22:14,145 8968 INFO Asset odoo.addons.base.models.ir_cron: Job `payment: post-process transactions` done. 
2024-07-26 01:32:14,205 8968 INFO Asset odoo.addons.base.models.ir_cron: Starting job `payment: post-process transactions`. 
2024-07-26 01:32:14,211 8968 INFO Asset odoo.addons.base.models.ir_cron: Job `payment: post-process transactions` done. 
2024-07-26 01:42:14,265 8968 INFO Asset odoo.addons.base.models.ir_cron: Starting job `payment: post-process transactions`. 
2024-07-26 01:42:14,271 8968 INFO Asset odoo.addons.base.models.ir_cron: Job `payment: post-process transactions` done. 
2024-07-26 01:51:52,987 8968 INFO Asset odoo.addons.base.models.ir_cron: Starting job `payment: post-process transactions`. 
2024-07-26 01:51:52,997 8968 INFO Asset odoo.addons.base.models.ir_cron: Job `payment: post-process transactions` done. 
2024-07-26 02:00:01,197 8968 INFO Asset odoo.addons.base.models.ir_cron: Starting job `Account: Post draft entries with auto_post enabled and accounting date up to today`. 
2024-07-26 02:00:01,209 8968 INFO Asset odoo.addons.base.models.ir_cron: Job `Account: Post draft entries with auto_post enabled and accounting date up to today` done. 
2024-07-26 02:01:02,249 8968 INFO Asset odoo.addons.base.models.ir_cron: Starting job `Account Report Followup; Execute followup`. 
2024-07-26 02:01:02,299 8968 INFO Asset odoo.addons.base.models.ir_cron: Job `Account Report Followup; Execute followup` done. 
2024-07-26 02:02:03,342 8968 INFO Asset odoo.addons.base.models.ir_cron: Starting job `payment: post-process transactions`. 
2024-07-26 02:02:03,353 8968 INFO Asset odoo.addons.base.models.ir_cron: Job `payment: post-process transactions` done. 
2024-07-26 02:12:13,572 8968 INFO Asset odoo.addons.base.models.ir_cron: Starting job `payment: post-process transactions`. 
2024-07-26 02:12:13,582 8968 INFO Asset odoo.addons.base.models.ir_cron: Job `payment: post-process transactions` done. 
2024-07-26 02:12:13,592 8968 INFO Asset odoo.addons.base.models.ir_cron: Starting job `Mail: Email Queue Manager`. 
2024-07-26 02:12:13,602 8968 INFO Asset odoo.addons.base.models.ir_cron: Job `Mail: Email Queue Manager` done. 
2024-07-26 02:12:13,612 8968 INFO Asset odoo.addons.base.models.ir_cron: Starting job `Snailmail: process letters queue`. 
2024-07-26 02:12:13,612 8968 INFO Asset odoo.addons.base.models.ir_cron: Job `Snailmail: process letters queue` done. 
2024-07-26 02:12:13,622 8968 INFO Asset odoo.addons.base.models.ir_cron: Starting job `SMS: SMS Queue Manager`. 
2024-07-26 02:12:13,622 8968 INFO Asset odoo.addons.base.models.ir_cron: Job `SMS: SMS Queue Manager` done. 
2024-07-26 02:12:13,632 8968 INFO Asset odoo.addons.base.models.ir_cron: Starting job `Notification: Send scheduled message notifications`. 
2024-07-26 02:12:13,642 8968 INFO Asset odoo.addons.base.models.ir_cron: Job `Notification: Send scheduled message notifications` done. 
2024-07-26 02:12:13,652 8968 INFO Asset odoo.addons.base.models.ir_cron: Starting job `Partner Autocomplete : Sync with remote DB`. 
2024-07-26 02:12:13,652 8968 INFO Asset odoo.addons.base.models.ir_cron: Job `Partner Autocomplete : Sync with remote DB` done. 
2024-07-26 02:22:14,469 8968 INFO Asset odoo.addons.base.models.ir_cron: Starting job `payment: post-process transactions`. 
2024-07-26 02:22:14,478 8968 INFO Asset odoo.addons.base.models.ir_cron: Job `payment: post-process transactions` done. 
2024-07-26 02:32:14,540 8968 INFO Asset odoo.addons.base.models.ir_cron: Starting job `payment: post-process transactions`. 
2024-07-26 02:32:14,550 8968 INFO Asset odoo.addons.base.models.ir_cron: Job `payment: post-process transactions` done. 
2024-07-26 02:42:14,608 8968 INFO Asset odoo.addons.base.models.ir_cron: Starting job `payment: post-process transactions`. 
2024-07-26 02:42:14,618 8968 INFO Asset odoo.addons.base.models.ir_cron: Job `payment: post-process transactions` done. 
2024-07-26 02:51:53,476 8968 INFO Asset odoo.addons.base.models.ir_cron: Starting job `payment: post-process transactions`. 
2024-07-26 02:51:53,476 8968 INFO Asset odoo.addons.base.models.ir_cron: Job `payment: post-process transactions` done. 
2024-07-26 03:01:02,694 8968 INFO Asset odoo.addons.base.models.ir_cron: Starting job `Project: Create Recurring Tasks`. 
2024-07-26 03:01:02,704 8968 INFO Asset odoo.addons.base.models.ir_cron: Job `Project: Create Recurring Tasks` done. 
2024-07-26 03:02:03,738 8968 INFO Asset odoo.addons.base.models.ir_cron: Starting job `payment: post-process transactions`. 
2024-07-26 03:02:03,743 8968 INFO Asset odoo.addons.base.models.ir_cron: Job `payment: post-process transactions` done. 
2024-07-26 03:12:14,483 8968 INFO Asset odoo.addons.base.models.ir_cron: Starting job `Mail: Email Queue Manager`. 
2024-07-26 03:12:14,493 8968 INFO Asset odoo.addons.base.models.ir_cron: Job `Mail: Email Queue Manager` done. 
2024-07-26 03:12:14,503 8968 INFO Asset odoo.addons.base.models.ir_cron: Starting job `Snailmail: process letters queue`. 
2024-07-26 03:12:14,514 8968 INFO Asset odoo.addons.base.models.ir_cron: Job `Snailmail: process letters queue` done. 
2024-07-26 03:12:14,524 8968 INFO Asset odoo.addons.base.models.ir_cron: Starting job `SMS: SMS Queue Manager`. 
2024-07-26 03:12:14,524 8968 INFO Asset odoo.addons.base.models.ir_cron: Job `SMS: SMS Queue Manager` done. 
2024-07-26 03:12:14,534 8968 INFO Asset odoo.addons.base.models.ir_cron: Starting job `Notification: Send scheduled message notifications`. 
2024-07-26 03:12:14,544 8968 INFO Asset odoo.addons.base.models.ir_cron: Job `Notification: Send scheduled message notifications` done. 
2024-07-26 03:12:14,554 8968 INFO Asset odoo.addons.base.models.ir_cron: Starting job `Partner Autocomplete : Sync with remote DB`. 
2024-07-26 03:12:14,554 8968 INFO Asset odoo.addons.base.models.ir_cron: Job `Partner Autocomplete : Sync with remote DB` done. 
2024-07-26 03:12:14,574 8968 INFO Asset odoo.addons.base.models.ir_cron: Starting job `payment: post-process transactions`. 
2024-07-26 03:12:14,574 8968 INFO Asset odoo.addons.base.models.ir_cron: Job `payment: post-process transactions` done. 
2024-07-26 03:22:14,834 8968 INFO Asset odoo.addons.base.models.ir_cron: Starting job `payment: post-process transactions`. 
2024-07-26 03:22:14,844 8968 INFO Asset odoo.addons.base.models.ir_cron: Job `payment: post-process transactions` done. 
2024-07-26 03:32:14,916 8968 INFO Asset odoo.addons.base.models.ir_cron: Starting job `payment: post-process transactions`. 
2024-07-26 03:32:14,920 8968 INFO Asset odoo.addons.base.models.ir_cron: Job `payment: post-process transactions` done. 
2024-07-26 03:42:14,991 8968 INFO Asset odoo.addons.base.models.ir_cron: Starting job `payment: post-process transactions`. 
2024-07-26 03:42:14,996 8968 INFO Asset odoo.addons.base.models.ir_cron: Job `payment: post-process transactions` done. 
2024-07-26 03:51:54,465 8968 INFO Asset odoo.addons.base.models.ir_cron: Starting job `payment: post-process transactions`. 
2024-07-26 03:51:54,475 8968 INFO Asset odoo.addons.base.models.ir_cron: Job `payment: post-process transactions` done. 
2024-07-26 04:02:04,708 8968 INFO Asset odoo.addons.base.models.ir_cron: Starting job `payment: post-process transactions`. 
2024-07-26 04:02:04,718 8968 INFO Asset odoo.addons.base.models.ir_cron: Job `payment: post-process transactions` done. 
2024-07-26 04:12:14,943 8968 INFO Asset odoo.addons.base.models.ir_cron: Starting job `SMS: SMS Queue Manager`. 
2024-07-26 04:12:14,953 8968 INFO Asset odoo.addons.base.models.ir_cron: Job `SMS: SMS Queue Manager` done. 
2024-07-26 04:12:14,963 8968 INFO Asset odoo.addons.base.models.ir_cron: Starting job `Notification: Send scheduled message notifications`. 
2024-07-26 04:12:14,963 8968 INFO Asset odoo.addons.base.models.ir_cron: Job `Notification: Send scheduled message notifications` done. 
2024-07-26 04:12:14,973 8968 INFO Asset odoo.addons.base.models.ir_cron: Starting job `Partner Autocomplete : Sync with remote DB`. 
2024-07-26 04:12:14,983 8968 INFO Asset odoo.addons.base.models.ir_cron: Job `Partner Autocomplete : Sync with remote DB` done. 
2024-07-26 04:12:14,993 8968 INFO Asset odoo.addons.base.models.ir_cron: Starting job `payment: post-process transactions`. 
2024-07-26 04:12:14,993 8968 INFO Asset odoo.addons.base.models.ir_cron: Job `payment: post-process transactions` done. 
2024-07-26 04:12:15,013 8968 INFO Asset odoo.addons.base.models.ir_cron: Starting job `Mail: Email Queue Manager`. 
2024-07-26 04:12:15,013 8968 INFO Asset odoo.addons.base.models.ir_cron: Job `Mail: Email Queue Manager` done. 
2024-07-26 04:12:15,023 8968 INFO Asset odoo.addons.base.models.ir_cron: Starting job `Snailmail: process letters queue`. 
2024-07-26 04:12:15,033 8968 INFO Asset odoo.addons.base.models.ir_cron: Job `Snailmail: process letters queue` done. 
2024-07-26 04:22:15,173 8968 INFO Asset odoo.addons.base.models.ir_cron: Starting job `payment: post-process transactions`. 
2024-07-26 04:22:15,173 8968 INFO Asset odoo.addons.base.models.ir_cron: Job `payment: post-process transactions` done. 
2024-07-26 04:32:15,223 8968 INFO Asset odoo.addons.base.models.ir_cron: Starting job `payment: post-process transactions`. 
2024-07-26 04:32:15,233 8968 INFO Asset odoo.addons.base.models.ir_cron: Job `payment: post-process transactions` done. 
2024-07-26 04:42:15,296 8968 INFO Asset odoo.addons.base.models.ir_cron: Starting job `payment: post-process transactions`. 
2024-07-26 04:42:15,306 8968 INFO Asset odoo.addons.base.models.ir_cron: Job `payment: post-process transactions` done. 
2024-07-26 04:51:54,846 8968 INFO Asset odoo.addons.base.models.ir_cron: Starting job `payment: post-process transactions`. 
2024-07-26 04:51:54,856 8968 INFO Asset odoo.addons.base.models.ir_cron: Job `payment: post-process transactions` done. 
2024-07-26 05:02:05,078 8968 INFO Asset odoo.addons.base.models.ir_cron: Starting job `payment: post-process transactions`. 
2024-07-26 05:02:05,088 8968 INFO Asset odoo.addons.base.models.ir_cron: Job `payment: post-process transactions` done. 
2024-07-26 05:12:15,293 8968 INFO Asset odoo.addons.base.models.ir_cron: Starting job `payment: post-process transactions`. 
2024-07-26 05:12:15,303 8968 INFO Asset odoo.addons.base.models.ir_cron: Job `payment: post-process transactions` done. 
2024-07-26 05:12:15,313 8968 INFO Asset odoo.addons.base.models.ir_cron: Starting job `SMS: SMS Queue Manager`. 
2024-07-26 05:12:15,323 8968 INFO Asset odoo.addons.base.models.ir_cron: Job `SMS: SMS Queue Manager` done. 
2024-07-26 05:12:15,333 8968 INFO Asset odoo.addons.base.models.ir_cron: Starting job `Notification: Send scheduled message notifications`. 
2024-07-26 05:12:15,333 8968 INFO Asset odoo.addons.base.models.ir_cron: Job `Notification: Send scheduled message notifications` done. 
2024-07-26 05:12:15,343 8968 INFO Asset odoo.addons.base.models.ir_cron: Starting job `Partner Autocomplete : Sync with remote DB`. 
2024-07-26 05:12:15,343 8968 INFO Asset odoo.addons.base.models.ir_cron: Job `Partner Autocomplete : Sync with remote DB` done. 
2024-07-26 05:12:15,353 8968 INFO Asset odoo.addons.base.models.ir_cron: Starting job `Mail: Email Queue Manager`. 
2024-07-26 05:12:15,363 8968 INFO Asset odoo.addons.base.models.ir_cron: Job `Mail: Email Queue Manager` done. 
2024-07-26 05:12:15,373 8968 INFO Asset odoo.addons.base.models.ir_cron: Starting job `Snailmail: process letters queue`. 
2024-07-26 05:12:15,373 8968 INFO Asset odoo.addons.base.models.ir_cron: Job `Snailmail: process letters queue` done. 
2024-07-26 05:22:15,475 8968 INFO Asset odoo.addons.base.models.ir_cron: Starting job `payment: post-process transactions`. 
2024-07-26 05:22:15,485 8968 INFO Asset odoo.addons.base.models.ir_cron: Job `payment: post-process transactions` done. 
2024-07-26 05:32:15,533 8968 INFO Asset odoo.addons.base.models.ir_cron: Starting job `payment: post-process transactions`. 
2024-07-26 05:32:15,543 8968 INFO Asset odoo.addons.base.models.ir_cron: Job `payment: post-process transactions` done. 
2024-07-26 05:42:15,599 8968 INFO Asset odoo.addons.base.models.ir_cron: Starting job `payment: post-process transactions`. 
2024-07-26 05:42:15,603 8968 INFO Asset odoo.addons.base.models.ir_cron: Job `payment: post-process transactions` done. 
2024-07-26 05:51:55,271 8968 INFO Asset odoo.addons.base.models.ir_cron: Starting job `payment: post-process transactions`. 
2024-07-26 05:51:55,281 8968 INFO Asset odoo.addons.base.models.ir_cron: Job `payment: post-process transactions` done. 
2024-07-26 06:02:05,493 8968 INFO Asset odoo.addons.base.models.ir_cron: Starting job `payment: post-process transactions`. 
2024-07-26 06:02:05,493 8968 INFO Asset odoo.addons.base.models.ir_cron: Job `payment: post-process transactions` done. 
2024-07-26 06:12:15,721 8968 INFO Asset odoo.addons.base.models.ir_cron: Starting job `payment: post-process transactions`. 
2024-07-26 06:12:15,727 8968 INFO Asset odoo.addons.base.models.ir_cron: Job `payment: post-process transactions` done. 
2024-07-26 06:12:15,740 8968 INFO Asset odoo.addons.base.models.ir_cron: Starting job `SMS: SMS Queue Manager`. 
2024-07-26 06:12:15,746 8968 INFO Asset odoo.addons.base.models.ir_cron: Job `SMS: SMS Queue Manager` done. 
2024-07-26 06:12:15,755 8968 INFO Asset odoo.addons.base.models.ir_cron: Starting job `Notification: Send scheduled message notifications`. 
2024-07-26 06:12:15,760 8968 INFO Asset odoo.addons.base.models.ir_cron: Job `Notification: Send scheduled message notifications` done. 
2024-07-26 06:12:15,767 8968 INFO Asset odoo.addons.base.models.ir_cron: Starting job `Partner Autocomplete : Sync with remote DB`. 
2024-07-26 06:12:15,772 8968 INFO Asset odoo.addons.base.models.ir_cron: Job `Partner Autocomplete : Sync with remote DB` done. 
2024-07-26 06:12:15,775 8968 INFO Asset odoo.addons.base.models.ir_cron: Starting job `Mail: Email Queue Manager`. 
2024-07-26 06:12:15,779 8968 INFO Asset odoo.addons.base.models.ir_cron: Job `Mail: Email Queue Manager` done. 
2024-07-26 06:12:15,784 8968 INFO Asset odoo.addons.base.models.ir_cron: Starting job `Snailmail: process letters queue`. 
2024-07-26 06:12:15,788 8968 INFO Asset odoo.addons.base.models.ir_cron: Job `Snailmail: process letters queue` done. 
2024-07-26 06:22:15,850 8968 INFO Asset odoo.addons.base.models.ir_cron: Starting job `payment: post-process transactions`. 
2024-07-26 06:22:15,860 8968 INFO Asset odoo.addons.base.models.ir_cron: Job `payment: post-process transactions` done. 
2024-07-26 06:32:15,908 8968 INFO Asset odoo.addons.base.models.ir_cron: Starting job `payment: post-process transactions`. 
2024-07-26 06:32:15,914 8968 INFO Asset odoo.addons.base.models.ir_cron: Job `payment: post-process transactions` done. 
2024-07-26 06:42:15,973 8968 INFO Asset odoo.addons.base.models.ir_cron: Starting job `payment: post-process transactions`. 
2024-07-26 06:42:15,978 8968 INFO Asset odoo.addons.base.models.ir_cron: Job `payment: post-process transactions` done. 
2024-07-26 06:51:55,425 8968 INFO Asset odoo.addons.base.models.ir_cron: Starting job `payment: post-process transactions`. 
2024-07-26 06:51:55,430 8968 INFO Asset odoo.addons.base.models.ir_cron: Job `payment: post-process transactions` done. 
2024-07-26 07:02:05,586 8968 INFO Asset odoo.addons.base.models.ir_cron: Starting job `payment: post-process transactions`. 
2024-07-26 07:02:05,586 8968 INFO Asset odoo.addons.base.models.ir_cron: Job `payment: post-process transactions` done. 
2024-07-26 07:12:15,811 8968 INFO Asset odoo.addons.base.models.ir_cron: Starting job `SMS: SMS Queue Manager`. 
2024-07-26 07:12:15,821 8968 INFO Asset odoo.addons.base.models.ir_cron: Job `SMS: SMS Queue Manager` done. 
2024-07-26 07:12:15,831 8968 INFO Asset odoo.addons.base.models.ir_cron: Starting job `Notification: Send scheduled message notifications`. 
2024-07-26 07:12:15,839 8968 INFO Asset odoo.addons.base.models.ir_cron: Job `Notification: Send scheduled message notifications` done. 
2024-07-26 07:12:15,852 8968 INFO Asset odoo.addons.base.models.ir_cron: Starting job `Partner Autocomplete : Sync with remote DB`. 
2024-07-26 07:12:15,855 8968 INFO Asset odoo.addons.base.models.ir_cron: Job `Partner Autocomplete : Sync with remote DB` done. 
2024-07-26 07:12:15,862 8968 INFO Asset odoo.addons.base.models.ir_cron: Starting job `Mail: Email Queue Manager`. 
2024-07-26 07:12:15,862 8968 INFO Asset odoo.addons.base.models.ir_cron: Job `Mail: Email Queue Manager` done. 
2024-07-26 07:12:15,872 8968 INFO Asset odoo.addons.base.models.ir_cron: Starting job `Snailmail: process letters queue`. 
2024-07-26 07:12:15,882 8968 INFO Asset odoo.addons.base.models.ir_cron: Job `Snailmail: process letters queue` done. 
2024-07-26 07:12:15,892 8968 INFO Asset odoo.addons.base.models.ir_cron: Starting job `payment: post-process transactions`. 
2024-07-26 07:12:15,892 8968 INFO Asset odoo.addons.base.models.ir_cron: Job `payment: post-process transactions` done. 
2024-07-26 07:22:16,157 8968 INFO Asset odoo.addons.base.models.ir_cron: Starting job `payment: post-process transactions`. 
2024-07-26 07:22:16,167 8968 INFO Asset odoo.addons.base.models.ir_cron: Job `payment: post-process transactions` done. 
2024-07-26 07:32:16,207 8968 INFO Asset odoo.addons.base.models.ir_cron: Starting job `payment: post-process transactions`. 
2024-07-26 07:32:16,212 8968 INFO Asset odoo.addons.base.models.ir_cron: Job `payment: post-process transactions` done. 
2024-07-26 07:42:16,262 8968 INFO Asset odoo.addons.base.models.ir_cron: Starting job `payment: post-process transactions`. 
2024-07-26 07:42:16,269 8968 INFO Asset odoo.addons.base.models.ir_cron: Job `payment: post-process transactions` done. 
2024-07-26 07:51:55,533 8968 INFO Asset odoo.addons.base.models.ir_cron: Starting job `payment: post-process transactions`. 
2024-07-26 07:51:55,537 8968 INFO Asset odoo.addons.base.models.ir_cron: Job `payment: post-process transactions` done. 
2024-07-26 08:02:05,682 8968 INFO Asset odoo.addons.base.models.ir_cron: Starting job `payment: post-process transactions`. 
2024-07-26 08:02:05,688 8968 INFO Asset odoo.addons.base.models.ir_cron: Job `payment: post-process transactions` done. 
2024-07-26 08:12:15,838 8968 INFO Asset odoo.addons.base.models.ir_cron: Starting job `Mail: Email Queue Manager`. 
2024-07-26 08:12:15,846 8968 INFO Asset odoo.addons.base.models.ir_cron: Job `Mail: Email Queue Manager` done. 
2024-07-26 08:12:15,858 8968 INFO Asset odoo.addons.base.models.ir_cron: Starting job `Snailmail: process letters queue`. 
2024-07-26 08:12:15,864 8968 INFO Asset odoo.addons.base.models.ir_cron: Job `Snailmail: process letters queue` done. 
2024-07-26 08:12:15,876 8968 INFO Asset odoo.addons.base.models.ir_cron: Starting job `payment: post-process transactions`. 
2024-07-26 08:12:15,880 8968 INFO Asset odoo.addons.base.models.ir_cron: Job `payment: post-process transactions` done. 
2024-07-26 08:12:15,892 8968 INFO Asset odoo.addons.base.models.ir_cron: Starting job `SMS: SMS Queue Manager`. 
2024-07-26 08:12:15,896 8968 INFO Asset odoo.addons.base.models.ir_cron: Job `SMS: SMS Queue Manager` done. 
2024-07-26 08:12:15,905 8968 INFO Asset odoo.addons.base.models.ir_cron: Starting job `Notification: Send scheduled message notifications`. 
2024-07-26 08:12:15,909 8968 INFO Asset odoo.addons.base.models.ir_cron: Job `Notification: Send scheduled message notifications` done. 
2024-07-26 08:12:15,917 8968 INFO Asset odoo.addons.base.models.ir_cron: Starting job `Partner Autocomplete : Sync with remote DB`. 
2024-07-26 08:12:15,921 8968 INFO Asset odoo.addons.base.models.ir_cron: Job `Partner Autocomplete : Sync with remote DB` done. 
2024-07-26 08:22:16,416 8968 INFO Asset odoo.addons.base.models.ir_cron: Starting job `payment: post-process transactions`. 
2024-07-26 08:22:16,422 8968 INFO Asset odoo.addons.base.models.ir_cron: Job `payment: post-process transactions` done. 
2024-07-26 08:32:16,472 8968 INFO Asset odoo.addons.base.models.ir_cron: Starting job `payment: post-process transactions`. 
2024-07-26 08:32:16,479 8968 INFO Asset odoo.addons.base.models.ir_cron: Job `payment: post-process transactions` done. 
2024-07-26 08:42:16,528 8968 INFO Asset odoo.addons.base.models.ir_cron: Starting job `payment: post-process transactions`. 
2024-07-26 08:42:16,534 8968 INFO Asset odoo.addons.base.models.ir_cron: Job `payment: post-process transactions` done. 
2024-07-26 08:51:55,471 8968 INFO Asset odoo.addons.base.models.ir_cron: Starting job `payment: post-process transactions`. 
2024-07-26 08:51:55,476 8968 INFO Asset odoo.addons.base.models.ir_cron: Job `payment: post-process transactions` done. 
2024-07-26 09:02:05,631 8968 INFO Asset odoo.addons.base.models.ir_cron: Starting job `payment: post-process transactions`. 
2024-07-26 09:02:05,636 8968 INFO Asset odoo.addons.base.models.ir_cron: Job `payment: post-process transactions` done. 
2024-07-26 09:12:15,818 8968 INFO Asset odoo.addons.base.models.ir_cron: Starting job `payment: post-process transactions`. 
2024-07-26 09:12:15,824 8968 INFO Asset odoo.addons.base.models.ir_cron: Job `payment: post-process transactions` done. 
2024-07-26 09:12:15,834 8968 INFO Asset odoo.addons.base.models.ir_cron: Starting job `Mail: Email Queue Manager`. 
2024-07-26 09:12:15,844 8968 INFO Asset odoo.addons.base.models.ir_cron: Job `Mail: Email Queue Manager` done. 
2024-07-26 09:12:15,854 8968 INFO Asset odoo.addons.base.models.ir_cron: Starting job `Snailmail: process letters queue`. 
2024-07-26 09:12:15,854 8968 INFO Asset odoo.addons.base.models.ir_cron: Job `Snailmail: process letters queue` done. 
2024-07-26 09:12:15,864 8968 INFO Asset odoo.addons.base.models.ir_cron: Starting job `SMS: SMS Queue Manager`. 
2024-07-26 09:12:15,874 8968 INFO Asset odoo.addons.base.models.ir_cron: Job `SMS: SMS Queue Manager` done. 
2024-07-26 09:12:15,884 8968 INFO Asset odoo.addons.base.models.ir_cron: Starting job `Notification: Send scheduled message notifications`. 
2024-07-26 09:12:15,884 8968 INFO Asset odoo.addons.base.models.ir_cron: Job `Notification: Send scheduled message notifications` done. 
2024-07-26 09:12:15,894 8968 INFO Asset odoo.addons.base.models.ir_cron: Starting job `Partner Autocomplete : Sync with remote DB`. 
2024-07-26 09:12:15,904 8968 INFO Asset odoo.addons.base.models.ir_cron: Job `Partner Autocomplete : Sync with remote DB` done. 
2024-07-26 09:22:16,712 8968 INFO Asset odoo.addons.base.models.ir_cron: Starting job `payment: post-process transactions`. 
2024-07-26 09:22:16,717 8968 INFO Asset odoo.addons.base.models.ir_cron: Job `payment: post-process transactions` done. 
2024-07-26 09:32:16,774 8968 INFO Asset odoo.addons.base.models.ir_cron: Starting job `payment: post-process transactions`. 
2024-07-26 09:32:16,784 8968 INFO Asset odoo.addons.base.models.ir_cron: Job `payment: post-process transactions` done. 
2024-07-26 09:42:16,840 8968 INFO Asset odoo.addons.base.models.ir_cron: Starting job `payment: post-process transactions`. 
2024-07-26 09:42:16,845 8968 INFO Asset odoo.addons.base.models.ir_cron: Job `payment: post-process transactions` done. 
2024-07-26 09:51:55,579 8968 INFO Asset odoo.addons.base.models.ir_cron: Starting job `payment: post-process transactions`. 
2024-07-26 09:51:55,589 8968 INFO Asset odoo.addons.base.models.ir_cron: Job `payment: post-process transactions` done. 
2024-07-26 10:02:05,764 8968 INFO Asset odoo.addons.base.models.ir_cron: Starting job `payment: post-process transactions`. 
2024-07-26 10:02:05,770 8968 INFO Asset odoo.addons.base.models.ir_cron: Job `payment: post-process transactions` done. 
2024-07-26 10:12:15,966 8968 INFO Asset odoo.addons.base.models.ir_cron: Starting job `Invoice OCR: Parse Invoices`. 
2024-07-26 10:12:15,976 8968 INFO Asset odoo.addons.base.models.ir_cron: Job `Invoice OCR: Parse Invoices` done. 
2024-07-26 10:12:15,988 8968 INFO Asset odoo.addons.base.models.ir_cron: Starting job `Notification: Delete Notifications older than 6 Month`. 
2024-07-26 10:12:15,996 8968 INFO Asset odoo.addons.base.models.ir_cron: Job `Notification: Delete Notifications older than 6 Month` done. 
2024-07-26 10:12:16,006 8968 INFO Asset odoo.addons.base.models.ir_cron: Starting job `Users: Notify About Unregistered Users`. 
2024-07-26 10:12:16,006 8968 INFO Asset odoo.addons.base.models.ir_cron: Job `Users: Notify About Unregistered Users` done. 
2024-07-26 10:12:16,023 8968 INFO Asset odoo.addons.base.models.ir_cron: Starting job `Try to reconcile automatically your statement lines`. 
2024-07-26 10:12:16,029 8968 INFO Asset odoo.addons.base.models.ir_cron: Job `Try to reconcile automatically your statement lines` done. 
2024-07-26 10:12:16,039 8968 INFO Asset odoo.addons.base.models.ir_cron: Starting job `Mail: Email Queue Manager`. 
2024-07-26 10:12:16,039 8968 INFO Asset odoo.addons.base.models.ir_cron: Job `Mail: Email Queue Manager` done. 
2024-07-26 10:12:16,049 8968 INFO Asset odoo.addons.base.models.ir_cron: Starting job `Snailmail: process letters queue`. 
2024-07-26 10:12:16,059 8968 INFO Asset odoo.addons.base.models.ir_cron: Job `Snailmail: process letters queue` done. 
2024-07-26 10:12:16,069 8968 INFO Asset odoo.addons.base.models.ir_cron: Starting job `SMS: SMS Queue Manager`. 
2024-07-26 10:12:16,069 8968 INFO Asset odoo.addons.base.models.ir_cron: Job `SMS: SMS Queue Manager` done. 
2024-07-26 10:12:16,086 8968 INFO Asset odoo.addons.base.models.ir_cron: Starting job `Notification: Send scheduled message notifications`. 
2024-07-26 10:12:16,089 8968 INFO Asset odoo.addons.base.models.ir_cron: Job `Notification: Send scheduled message notifications` done. 
2024-07-26 10:12:16,099 8968 INFO Asset odoo.addons.base.models.ir_cron: Starting job `Partner Autocomplete : Sync with remote DB`. 
2024-07-26 10:12:16,099 8968 INFO Asset odoo.addons.base.models.ir_cron: Job `Partner Autocomplete : Sync with remote DB` done. 
2024-07-26 10:12:16,109 8968 INFO Asset odoo.addons.base.models.ir_cron: Starting job `Invoice OCR: Update All Status`. 
2024-07-26 10:12:16,120 8968 INFO Asset odoo.addons.base.models.ir_cron: Job `Invoice OCR: Update All Status` done. 
2024-07-26 10:12:16,130 8968 INFO Asset odoo.addons.base.models.ir_cron: Starting job `Invoice OCR: Validate Invoices`. 
2024-07-26 10:12:16,130 8968 INFO Asset odoo.addons.base.models.ir_cron: Job `Invoice OCR: Validate Invoices` done. 
2024-07-26 10:12:16,140 8968 INFO Asset odoo.addons.base.models.ir_cron: Starting job `Account automatic transfers : Perform transfers`. 
2024-07-26 10:12:16,150 8968 INFO Asset odoo.addons.base.models.ir_cron: Job `Account automatic transfers : Perform transfers` done. 
2024-07-26 10:12:16,160 8968 INFO Asset odoo.addons.base.models.ir_cron: Starting job `payment: post-process transactions`. 
2024-07-26 10:12:16,160 8968 INFO Asset odoo.addons.base.models.ir_cron: Job `payment: post-process transactions` done. 
2024-07-26 10:12:16,170 8968 INFO Asset odoo.addons.base.models.ir_cron: Starting job `Currency: rate update`. 
2024-07-26 10:12:16,180 8968 INFO Asset odoo.addons.base.models.ir_cron: Job `Currency: rate update` done. 
2024-07-26 10:12:16,190 8968 INFO Asset odoo.addons.base.models.ir_cron: Starting job `Account: Journal online sync`. 
2024-07-26 10:12:16,190 8968 INFO Asset odoo.addons.base.models.ir_cron: Job `Account: Journal online sync` done. 
2024-07-26 10:13:16,976 8968 INFO Asset odoo.addons.base.models.ir_cron: Starting job `Project: Send rating`. 
2024-07-26 10:13:16,986 8968 INFO Asset odoo.addons.base.models.ir_cron: Job `Project: Send rating` done. 
2024-07-26 10:13:16,996 8968 INFO Asset odoo.addons.base.models.ir_cron: Starting job `Calendar: Event Reminder`. 
2024-07-26 10:13:16,996 8968 INFO Asset odoo.addons.base.models.ir_cron: Job `Calendar: Event Reminder` done. 
2024-07-26 10:13:17,006 8968 INFO Asset odoo.addons.base.models.ir_cron: Starting job `Gamification: Goal Challenge Check`. 
2024-07-26 10:13:17,057 8968 INFO Asset odoo.addons.base.models.ir_cron: Job `Gamification: Goal Challenge Check` done. 
2024-07-26 10:13:17,066 8968 INFO Asset odoo.addons.base.models.ir_cron: Starting job `HR Employee: check work permit validity`. 
2024-07-26 10:13:17,076 8968 INFO Asset odoo.addons.base.models.ir_cron: Job `HR Employee: check work permit validity` done. 
2024-07-26 10:13:17,086 8968 INFO Asset odoo.addons.base.models.ir_cron: Starting job `Mail Marketing: Process queue`. 
2024-07-26 10:13:17,096 8968 INFO Asset odoo.addons.base.models.ir_cron: Job `Mail Marketing: Process queue` done. 
2024-07-26 10:22:17,151 8968 INFO Asset odoo.addons.base.models.ir_cron: Starting job `payment: post-process transactions`. 
2024-07-26 10:22:17,159 8968 INFO Asset odoo.addons.base.models.ir_cron: Job `payment: post-process transactions` done. 
2024-07-26 10:32:17,219 8968 INFO Asset odoo.addons.base.models.ir_cron: Starting job `payment: post-process transactions`. 
2024-07-26 10:32:17,219 8968 INFO Asset odoo.addons.base.models.ir_cron: Job `payment: post-process transactions` done. 
2024-07-26 10:42:17,266 8968 INFO Asset odoo.addons.base.models.ir_cron: Starting job `payment: post-process transactions`. 
2024-07-26 10:42:17,276 8968 INFO Asset odoo.addons.base.models.ir_cron: Job `payment: post-process transactions` done. 
2024-07-26 10:51:55,939 8968 INFO Asset odoo.addons.base.models.ir_cron: Starting job `payment: post-process transactions`. 
2024-07-26 10:51:55,949 8968 INFO Asset odoo.addons.base.models.ir_cron: Job `payment: post-process transactions` done. 
2024-07-26 11:02:06,112 8968 INFO Asset odoo.addons.base.models.ir_cron: Starting job `payment: post-process transactions`. 
2024-07-26 11:02:06,119 8968 INFO Asset odoo.addons.base.models.ir_cron: Job `payment: post-process transactions` done. 
2024-07-26 11:12:16,303 8968 INFO Asset odoo.addons.base.models.ir_cron: Starting job `Mail: Email Queue Manager`. 
2024-07-26 11:12:16,308 8968 INFO Asset odoo.addons.base.models.ir_cron: Job `Mail: Email Queue Manager` done. 
2024-07-26 11:12:16,319 8968 INFO Asset odoo.addons.base.models.ir_cron: Starting job `Snailmail: process letters queue`. 
2024-07-26 11:12:16,325 8968 INFO Asset odoo.addons.base.models.ir_cron: Job `Snailmail: process letters queue` done. 
2024-07-26 11:12:16,328 8968 INFO Asset odoo.addons.base.models.ir_cron: Starting job `SMS: SMS Queue Manager`. 
2024-07-26 11:12:16,340 8968 INFO Asset odoo.addons.base.models.ir_cron: Job `SMS: SMS Queue Manager` done. 
2024-07-26 11:12:16,350 8968 INFO Asset odoo.addons.base.models.ir_cron: Starting job `payment: post-process transactions`. 
2024-07-26 11:12:16,350 8968 INFO Asset odoo.addons.base.models.ir_cron: Job `payment: post-process transactions` done. 
2024-07-26 11:12:16,359 8968 INFO Asset odoo.addons.base.models.ir_cron: Starting job `Notification: Send scheduled message notifications`. 
2024-07-26 11:12:16,368 8968 INFO Asset odoo.addons.base.models.ir_cron: Job `Notification: Send scheduled message notifications` done. 
2024-07-26 11:12:16,378 8968 INFO Asset odoo.addons.base.models.ir_cron: Starting job `Partner Autocomplete : Sync with remote DB`. 
2024-07-26 11:12:16,378 8968 INFO Asset odoo.addons.base.models.ir_cron: Job `Partner Autocomplete : Sync with remote DB` done. 
2024-07-26 11:22:17,446 8968 INFO Asset odoo.addons.base.models.ir_cron: Starting job `payment: post-process transactions`. 
2024-07-26 11:22:17,453 8968 INFO Asset odoo.addons.base.models.ir_cron: Job `payment: post-process transactions` done. 
2024-07-26 11:32:17,497 8968 INFO Asset odoo.addons.base.models.ir_cron: Starting job `payment: post-process transactions`. 
2024-07-26 11:32:17,503 8968 INFO Asset odoo.addons.base.models.ir_cron: Job `payment: post-process transactions` done. 
2024-07-26 11:42:17,557 8968 INFO Asset odoo.addons.base.models.ir_cron: Starting job `payment: post-process transactions`. 
2024-07-26 11:42:17,563 8968 INFO Asset odoo.addons.base.models.ir_cron: Job `payment: post-process transactions` done. 
2024-07-26 11:51:55,939 8968 INFO Asset odoo.addons.base.models.ir_cron: Starting job `payment: post-process transactions`. 
2024-07-26 11:51:55,944 8968 INFO Asset odoo.addons.base.models.ir_cron: Job `payment: post-process transactions` done. 
2024-07-26 12:02:06,102 8968 INFO Asset odoo.addons.base.models.ir_cron: Starting job `payment: post-process transactions`. 
2024-07-26 12:02:06,108 8968 INFO Asset odoo.addons.base.models.ir_cron: Job `payment: post-process transactions` done. 
2024-07-26 12:12:16,265 8968 INFO Asset odoo.addons.base.models.ir_cron: Starting job `Partner Autocomplete : Sync with remote DB`. 
2024-07-26 12:12:16,272 8968 INFO Asset odoo.addons.base.models.ir_cron: Job `Partner Autocomplete : Sync with remote DB` done. 
2024-07-26 12:12:16,284 8968 INFO Asset odoo.addons.base.models.ir_cron: Starting job `payment: post-process transactions`. 
2024-07-26 12:12:16,289 8968 INFO Asset odoo.addons.base.models.ir_cron: Job `payment: post-process transactions` done. 
2024-07-26 12:12:16,303 8968 INFO Asset odoo.addons.base.models.ir_cron: Starting job `Digest Emails`. 
2024-07-26 12:12:16,309 8968 INFO Asset odoo.addons.base.models.ir_cron: Job `Digest Emails` done. 
2024-07-26 12:12:16,319 8968 INFO Asset odoo.addons.base.models.ir_cron: Starting job `Mail: Email Queue Manager`. 
2024-07-26 12:12:16,324 8968 INFO Asset odoo.addons.base.models.ir_cron: Job `Mail: Email Queue Manager` done. 
2024-07-26 12:12:16,334 8968 INFO Asset odoo.addons.base.models.ir_cron: Starting job `Snailmail: process letters queue`. 
2024-07-26 12:12:16,338 8968 INFO Asset odoo.addons.base.models.ir_cron: Job `Snailmail: process letters queue` done. 
2024-07-26 12:12:16,349 8968 INFO Asset odoo.addons.base.models.ir_cron: Starting job `SMS: SMS Queue Manager`. 
2024-07-26 12:12:16,354 8968 INFO Asset odoo.addons.base.models.ir_cron: Job `SMS: SMS Queue Manager` done. 
2024-07-26 12:12:16,366 8968 INFO Asset odoo.addons.base.models.ir_cron: Starting job `Notification: Send scheduled message notifications`. 
2024-07-26 12:12:16,371 8968 INFO Asset odoo.addons.base.models.ir_cron: Job `Notification: Send scheduled message notifications` done. 
2024-07-26 12:22:17,729 8968 INFO Asset odoo.addons.base.models.ir_cron: Starting job `payment: post-process transactions`. 
2024-07-26 12:22:17,739 8968 INFO Asset odoo.addons.base.models.ir_cron: Job `payment: post-process transactions` done. 
2024-07-26 12:32:17,807 8968 INFO Asset odoo.addons.base.models.ir_cron: Starting job `payment: post-process transactions`. 
2024-07-26 12:32:17,810 8968 INFO Asset odoo.addons.base.models.ir_cron: Job `payment: post-process transactions` done. 
2024-07-26 12:42:17,855 8968 INFO Asset odoo.addons.base.models.ir_cron: Starting job `payment: post-process transactions`. 
2024-07-26 12:42:17,865 8968 INFO Asset odoo.addons.base.models.ir_cron: Job `payment: post-process transactions` done. 
2024-07-26 12:51:56,130 8968 INFO Asset odoo.addons.base.models.ir_cron: Starting job `payment: post-process transactions`. 
2024-07-26 12:51:56,140 8968 INFO Asset odoo.addons.base.models.ir_cron: Job `payment: post-process transactions` done. 
2024-07-26 13:02:06,342 8968 INFO Asset odoo.addons.base.models.ir_cron: Starting job `payment: post-process transactions`. 
2024-07-26 13:02:06,352 8968 INFO Asset odoo.addons.base.models.ir_cron: Job `payment: post-process transactions` done. 
2024-07-26 13:12:16,520 8968 INFO Asset odoo.addons.base.models.ir_cron: Starting job `payment: post-process transactions`. 
2024-07-26 13:12:16,524 8968 INFO Asset odoo.addons.base.models.ir_cron: Job `payment: post-process transactions` done. 
2024-07-26 13:12:16,536 8968 INFO Asset odoo.addons.base.models.ir_cron: Starting job `Partner Autocomplete : Sync with remote DB`. 
2024-07-26 13:12:16,541 8968 INFO Asset odoo.addons.base.models.ir_cron: Job `Partner Autocomplete : Sync with remote DB` done. 
2024-07-26 13:12:16,549 8968 INFO Asset odoo.addons.base.models.ir_cron: Starting job `Mail: Email Queue Manager`. 
2024-07-26 13:12:16,553 8968 INFO Asset odoo.addons.base.models.ir_cron: Job `Mail: Email Queue Manager` done. 
2024-07-26 13:12:16,563 8968 INFO Asset odoo.addons.base.models.ir_cron: Starting job `Snailmail: process letters queue`. 
2024-07-26 13:12:16,567 8968 INFO Asset odoo.addons.base.models.ir_cron: Job `Snailmail: process letters queue` done. 
2024-07-26 13:12:16,578 8968 INFO Asset odoo.addons.base.models.ir_cron: Starting job `SMS: SMS Queue Manager`. 
2024-07-26 13:12:16,583 8968 INFO Asset odoo.addons.base.models.ir_cron: Job `SMS: SMS Queue Manager` done. 
2024-07-26 13:12:16,594 8968 INFO Asset odoo.addons.base.models.ir_cron: Starting job `Notification: Send scheduled message notifications`. 
2024-07-26 13:12:16,598 8968 INFO Asset odoo.addons.base.models.ir_cron: Job `Notification: Send scheduled message notifications` done. 
2024-07-26 13:22:18,050 8968 INFO Asset odoo.addons.base.models.ir_cron: Starting job `payment: post-process transactions`. 
2024-07-26 13:22:18,056 8968 INFO Asset odoo.addons.base.models.ir_cron: Job `payment: post-process transactions` done. 
2024-07-26 13:32:18,107 8968 INFO Asset odoo.addons.base.models.ir_cron: Starting job `payment: post-process transactions`. 
2024-07-26 13:32:18,114 8968 INFO Asset odoo.addons.base.models.ir_cron: Job `payment: post-process transactions` done. 
2024-07-26 13:42:18,162 8968 INFO Asset odoo.addons.base.models.ir_cron: Starting job `payment: post-process transactions`. 
2024-07-26 13:42:18,169 8968 INFO Asset odoo.addons.base.models.ir_cron: Job `payment: post-process transactions` done. 
2024-07-26 13:51:56,201 8968 INFO Asset odoo.addons.base.models.ir_cron: Starting job `payment: post-process transactions`. 
2024-07-26 13:51:56,201 8968 INFO Asset odoo.addons.base.models.ir_cron: Job `payment: post-process transactions` done. 
2024-07-26 13:54:59,291 8968 INFO Asset odoo.addons.base.models.ir_cron: Starting job `Base: Auto-vacuum internal data`. 
2024-07-26 13:54:59,341 8968 INFO Asset odoo.addons.base.models.ir_attachment: filestore gc 0 checked, 0 removed 
2024-07-26 13:54:59,411 8968 INFO Asset odoo.addons.base.models.res_users: GC'd 0 user log entries 
2024-07-26 13:54:59,461 8968 INFO Asset odoo.addons.auth_totp.models.auth_totp: GC'd 0 totp devices entries 
2024-07-26 13:54:59,488 8968 INFO Asset odoo.models.unlink: User #1 deleted bus.bus records with IDs: [3119, 3120, 3121, 3122, 3123, 3124, 3125, 3126, 3127, 3128, 3129, 3130, 3131, 3132, 3133, 3134, 3135, 3136, 3137, 3138, 3139, 3140, 3141, 3142, 3143, 3144, 3145, 3146, 3147, 3148, 3149, 3150, 3151, 3152, 3153, 3154, 3155, 3156, 3157, 3158, 3159, 3160, 3161, 3162, 3163, 3164, 3165] 
2024-07-26 13:54:59,776 8968 INFO Asset odoo.addons.base.models.ir_cron: Job `Base: Auto-vacuum internal data` done. 
2024-07-26 14:02:06,936 8968 INFO Asset odoo.addons.base.models.ir_cron: Starting job `payment: post-process transactions`. 
2024-07-26 14:02:06,946 8968 INFO Asset odoo.addons.base.models.ir_cron: Job `payment: post-process transactions` done. 
2024-07-26 14:12:17,151 8968 INFO Asset odoo.addons.base.models.ir_cron: Starting job `Partner Autocomplete : Sync with remote DB`. 
2024-07-26 14:12:17,161 8968 INFO Asset odoo.addons.base.models.ir_cron: Job `Partner Autocomplete : Sync with remote DB` done. 
2024-07-26 14:12:17,171 8968 INFO Asset odoo.addons.base.models.ir_cron: Starting job `Mail: Email Queue Manager`. 
2024-07-26 14:12:17,181 8968 INFO Asset odoo.addons.base.models.ir_cron: Job `Mail: Email Queue Manager` done. 
2024-07-26 14:12:17,191 8968 INFO Asset odoo.addons.base.models.ir_cron: Starting job `Snailmail: process letters queue`. 
2024-07-26 14:12:17,191 8968 INFO Asset odoo.addons.base.models.ir_cron: Job `Snailmail: process letters queue` done. 
2024-07-26 14:12:17,201 8968 INFO Asset odoo.addons.base.models.ir_cron: Starting job `SMS: SMS Queue Manager`. 
2024-07-26 14:12:17,211 8968 INFO Asset odoo.addons.base.models.ir_cron: Job `SMS: SMS Queue Manager` done. 
2024-07-26 14:12:17,221 8968 INFO Asset odoo.addons.base.models.ir_cron: Starting job `Notification: Send scheduled message notifications`. 
2024-07-26 14:12:17,221 8968 INFO Asset odoo.addons.base.models.ir_cron: Job `Notification: Send scheduled message notifications` done. 
2024-07-26 14:12:17,231 8968 INFO Asset odoo.addons.base.models.ir_cron: Starting job `payment: post-process transactions`. 
2024-07-26 14:12:17,241 8968 INFO Asset odoo.addons.base.models.ir_cron: Job `payment: post-process transactions` done. 
2024-07-26 14:22:18,359 8968 INFO Asset odoo.addons.base.models.ir_cron: Starting job `payment: post-process transactions`. 
2024-07-26 14:22:18,359 8968 INFO Asset odoo.addons.base.models.ir_cron: Job `payment: post-process transactions` done. 
2024-07-26 14:32:18,437 8968 INFO Asset odoo.addons.base.models.ir_cron: Starting job `payment: post-process transactions`. 
2024-07-26 14:32:18,443 8968 INFO Asset odoo.addons.base.models.ir_cron: Job `payment: post-process transactions` done. 
2024-07-26 14:42:18,509 8968 INFO Asset odoo.addons.base.models.ir_cron: Starting job `payment: post-process transactions`. 
2024-07-26 14:42:18,515 8968 INFO Asset odoo.addons.base.models.ir_cron: Job `payment: post-process transactions` done. 
2024-07-26 14:51:57,033 8968 INFO Asset odoo.addons.base.models.ir_cron: Starting job `payment: post-process transactions`. 
2024-07-26 14:51:57,044 8968 INFO Asset odoo.addons.base.models.ir_cron: Job `payment: post-process transactions` done. 
2024-07-26 15:02:07,292 8968 INFO Asset odoo.addons.base.models.ir_cron: Starting job `payment: post-process transactions`. 
2024-07-26 15:02:07,297 8968 INFO Asset odoo.addons.base.models.ir_cron: Job `payment: post-process transactions` done. 
2024-07-26 15:12:17,546 8968 INFO Asset odoo.addons.base.models.ir_cron: Starting job `Partner Autocomplete : Sync with remote DB`. 
2024-07-26 15:12:17,550 8968 INFO Asset odoo.addons.base.models.ir_cron: Job `Partner Autocomplete : Sync with remote DB` done. 
2024-07-26 15:12:17,560 8968 INFO Asset odoo.addons.base.models.ir_cron: Starting job `Mail: Email Queue Manager`. 
2024-07-26 15:12:17,565 8968 INFO Asset odoo.addons.base.models.ir_cron: Job `Mail: Email Queue Manager` done. 
2024-07-26 15:12:17,576 8968 INFO Asset odoo.addons.base.models.ir_cron: Starting job `Snailmail: process letters queue`. 
2024-07-26 15:12:17,576 8968 INFO Asset odoo.addons.base.models.ir_cron: Job `Snailmail: process letters queue` done. 
2024-07-26 15:12:17,586 8968 INFO Asset odoo.addons.base.models.ir_cron: Starting job `SMS: SMS Queue Manager`. 
2024-07-26 15:12:17,586 8968 INFO Asset odoo.addons.base.models.ir_cron: Job `SMS: SMS Queue Manager` done. 
2024-07-26 15:12:17,596 8968 INFO Asset odoo.addons.base.models.ir_cron: Starting job `Notification: Send scheduled message notifications`. 
2024-07-26 15:12:17,606 8968 INFO Asset odoo.addons.base.models.ir_cron: Job `Notification: Send scheduled message notifications` done. 
2024-07-26 15:12:17,616 8968 INFO Asset odoo.addons.base.models.ir_cron: Starting job `payment: post-process transactions`. 
2024-07-26 15:12:17,616 8968 INFO Asset odoo.addons.base.models.ir_cron: Job `payment: post-process transactions` done. 
2024-07-26 15:22:18,744 8968 INFO Asset odoo.addons.base.models.ir_cron: Starting job `payment: post-process transactions`. 
2024-07-26 15:22:18,744 8968 INFO Asset odoo.addons.base.models.ir_cron: Job `payment: post-process transactions` done. 
2024-07-26 15:32:18,813 8968 INFO Asset odoo.addons.base.models.ir_cron: Starting job `payment: post-process transactions`. 
2024-07-26 15:32:18,823 8968 INFO Asset odoo.addons.base.models.ir_cron: Job `payment: post-process transactions` done. 
2024-07-26 15:42:18,888 8968 INFO Asset odoo.addons.base.models.ir_cron: Starting job `payment: post-process transactions`. 
2024-07-26 15:42:18,898 8968 INFO Asset odoo.addons.base.models.ir_cron: Job `payment: post-process transactions` done. 
2024-07-26 15:51:57,441 8968 INFO Asset odoo.addons.base.models.ir_cron: Starting job `payment: post-process transactions`. 
2024-07-26 15:51:57,451 8968 INFO Asset odoo.addons.base.models.ir_cron: Job `payment: post-process transactions` done. 
2024-07-26 16:02:07,667 8968 INFO Asset odoo.addons.base.models.ir_cron: Starting job `payment: post-process transactions`. 
2024-07-26 16:02:07,677 8968 INFO Asset odoo.addons.base.models.ir_cron: Job `payment: post-process transactions` done. 
2024-07-26 16:12:17,919 8968 INFO Asset odoo.addons.base.models.ir_cron: Starting job `Notification: Send scheduled message notifications`. 
2024-07-26 16:12:17,929 8968 INFO Asset odoo.addons.base.models.ir_cron: Job `Notification: Send scheduled message notifications` done. 
2024-07-26 16:12:17,939 8968 INFO Asset odoo.addons.base.models.ir_cron: Starting job `payment: post-process transactions`. 
2024-07-26 16:12:17,949 8968 INFO Asset odoo.addons.base.models.ir_cron: Job `payment: post-process transactions` done. 
2024-07-26 16:12:17,959 8968 INFO Asset odoo.addons.base.models.ir_cron: Starting job `Partner Autocomplete : Sync with remote DB`. 
2024-07-26 16:12:17,959 8968 INFO Asset odoo.addons.base.models.ir_cron: Job `Partner Autocomplete : Sync with remote DB` done. 
2024-07-26 16:12:17,979 8968 INFO Asset odoo.addons.base.models.ir_cron: Starting job `Mail: Email Queue Manager`. 
2024-07-26 16:12:17,979 8968 INFO Asset odoo.addons.base.models.ir_cron: Job `Mail: Email Queue Manager` done. 
2024-07-26 16:12:17,989 8968 INFO Asset odoo.addons.base.models.ir_cron: Starting job `Snailmail: process letters queue`. 
2024-07-26 16:12:17,999 8968 INFO Asset odoo.addons.base.models.ir_cron: Job `Snailmail: process letters queue` done. 
2024-07-26 16:12:18,010 8968 INFO Asset odoo.addons.base.models.ir_cron: Starting job `SMS: SMS Queue Manager`. 
2024-07-26 16:12:18,015 8968 INFO Asset odoo.addons.base.models.ir_cron: Job `SMS: SMS Queue Manager` done. 
2024-07-26 16:22:19,076 8968 INFO Asset odoo.addons.base.models.ir_cron: Starting job `payment: post-process transactions`. 
2024-07-26 16:22:19,086 8968 INFO Asset odoo.addons.base.models.ir_cron: Job `payment: post-process transactions` done. 
2024-07-26 16:32:19,137 8968 INFO Asset odoo.addons.base.models.ir_cron: Starting job `payment: post-process transactions`. 
2024-07-26 16:32:19,146 8968 INFO Asset odoo.addons.base.models.ir_cron: Job `payment: post-process transactions` done. 
2024-07-26 16:42:19,198 8968 INFO Asset odoo.addons.base.models.ir_cron: Starting job `payment: post-process transactions`. 
2024-07-26 16:42:19,208 8968 INFO Asset odoo.addons.base.models.ir_cron: Job `payment: post-process transactions` done. 
2024-07-26 16:51:57,866 8968 INFO Asset odoo.addons.base.models.ir_cron: Starting job `payment: post-process transactions`. 
2024-07-26 16:51:57,866 8968 INFO Asset odoo.addons.base.models.ir_cron: Job `payment: post-process transactions` done. 
2024-07-26 17:02:08,110 8968 INFO Asset odoo.addons.base.models.ir_cron: Starting job `payment: post-process transactions`. 
2024-07-26 17:02:08,117 8968 INFO Asset odoo.addons.base.models.ir_cron: Job `payment: post-process transactions` done. 
2024-07-26 17:12:18,353 8968 INFO Asset odoo.addons.base.models.ir_cron: Starting job `payment: post-process transactions`. 
2024-07-26 17:12:18,353 8968 INFO Asset odoo.addons.base.models.ir_cron: Job `payment: post-process transactions` done. 
2024-07-26 17:12:18,369 8968 INFO Asset odoo.addons.base.models.ir_cron: Starting job `Notification: Send scheduled message notifications`. 
2024-07-26 17:12:18,379 8968 INFO Asset odoo.addons.base.models.ir_cron: Job `Notification: Send scheduled message notifications` done. 
2024-07-26 17:12:18,384 8968 INFO Asset odoo.addons.base.models.ir_cron: Starting job `Partner Autocomplete : Sync with remote DB`. 
2024-07-26 17:12:18,396 8968 INFO Asset odoo.addons.base.models.ir_cron: Job `Partner Autocomplete : Sync with remote DB` done. 
2024-07-26 17:12:18,404 8968 INFO Asset odoo.addons.base.models.ir_cron: Starting job `Mail: Email Queue Manager`. 
2024-07-26 17:12:18,404 8968 INFO Asset odoo.addons.base.models.ir_cron: Job `Mail: Email Queue Manager` done. 
2024-07-26 17:12:18,417 8968 INFO Asset odoo.addons.base.models.ir_cron: Starting job `Snailmail: process letters queue`. 
2024-07-26 17:12:18,417 8968 INFO Asset odoo.addons.base.models.ir_cron: Job `Snailmail: process letters queue` done. 
2024-07-26 17:12:18,434 8968 INFO Asset odoo.addons.base.models.ir_cron: Starting job `SMS: SMS Queue Manager`. 
2024-07-26 17:12:18,439 8968 INFO Asset odoo.addons.base.models.ir_cron: Job `SMS: SMS Queue Manager` done. 
2024-07-26 17:22:19,415 8968 INFO Asset odoo.addons.base.models.ir_cron: Starting job `payment: post-process transactions`. 
2024-07-26 17:22:19,425 8968 INFO Asset odoo.addons.base.models.ir_cron: Job `payment: post-process transactions` done. 
2024-07-26 17:32:19,526 8968 INFO Asset odoo.addons.base.models.ir_cron: Starting job `payment: post-process transactions`. 
2024-07-26 17:32:19,531 8968 INFO Asset odoo.addons.base.models.ir_cron: Job `payment: post-process transactions` done. 
2024-07-26 17:42:19,598 8968 INFO Asset odoo.addons.base.models.ir_cron: Starting job `payment: post-process transactions`. 
2024-07-26 17:42:19,605 8968 INFO Asset odoo.addons.base.models.ir_cron: Job `payment: post-process transactions` done. 
2024-07-26 17:51:58,235 8968 INFO Asset odoo.addons.base.models.ir_cron: Starting job `payment: post-process transactions`. 
2024-07-26 17:51:58,245 8968 INFO Asset odoo.addons.base.models.ir_cron: Job `payment: post-process transactions` done. 
2024-07-26 18:02:08,444 8968 INFO Asset odoo.addons.base.models.ir_cron: Starting job `payment: post-process transactions`. 
2024-07-26 18:02:08,454 8968 INFO Asset odoo.addons.base.models.ir_cron: Job `payment: post-process transactions` done. 
2024-07-26 18:12:18,678 8968 INFO Asset odoo.addons.base.models.ir_cron: Starting job `Notification: Send scheduled message notifications`. 
2024-07-26 18:12:18,688 8968 INFO Asset odoo.addons.base.models.ir_cron: Job `Notification: Send scheduled message notifications` done. 
2024-07-26 18:12:18,699 8968 INFO Asset odoo.addons.base.models.ir_cron: Starting job `Partner Autocomplete : Sync with remote DB`. 
2024-07-26 18:12:18,704 8968 INFO Asset odoo.addons.base.models.ir_cron: Job `Partner Autocomplete : Sync with remote DB` done. 
2024-07-26 18:12:18,715 8968 INFO Asset odoo.addons.base.models.ir_cron: Starting job `Mail: Email Queue Manager`. 
2024-07-26 18:12:18,720 8968 INFO Asset odoo.addons.base.models.ir_cron: Job `Mail: Email Queue Manager` done. 
2024-07-26 18:12:18,729 8968 INFO Asset odoo.addons.base.models.ir_cron: Starting job `Snailmail: process letters queue`. 
2024-07-26 18:12:18,733 8968 INFO Asset odoo.addons.base.models.ir_cron: Job `Snailmail: process letters queue` done. 
2024-07-26 18:12:18,743 8968 INFO Asset odoo.addons.base.models.ir_cron: Starting job `SMS: SMS Queue Manager`. 
2024-07-26 18:12:18,748 8968 INFO Asset odoo.addons.base.models.ir_cron: Job `SMS: SMS Queue Manager` done. 
2024-07-26 18:12:18,758 8968 INFO Asset odoo.addons.base.models.ir_cron: Starting job `payment: post-process transactions`. 
2024-07-26 18:12:18,762 8968 INFO Asset odoo.addons.base.models.ir_cron: Job `payment: post-process transactions` done. 
2024-07-26 18:22:19,762 8968 INFO Asset odoo.addons.base.models.ir_cron: Starting job `payment: post-process transactions`. 
2024-07-26 18:22:19,772 8968 INFO Asset odoo.addons.base.models.ir_cron: Job `payment: post-process transactions` done. 
2024-07-26 18:32:19,812 8968 INFO Asset odoo.addons.base.models.ir_cron: Starting job `payment: post-process transactions`. 
2024-07-26 18:32:19,818 8968 INFO Asset odoo.addons.base.models.ir_cron: Job `payment: post-process transactions` done. 
2024-07-26 18:42:19,884 8968 INFO Asset odoo.addons.base.models.ir_cron: Starting job `payment: post-process transactions`. 
2024-07-26 18:42:19,884 8968 INFO Asset odoo.addons.base.models.ir_cron: Job `payment: post-process transactions` done. 
2024-07-26 18:51:58,527 8968 INFO Asset odoo.addons.base.models.ir_cron: Starting job `payment: post-process transactions`. 
2024-07-26 18:51:58,530 8968 INFO Asset odoo.addons.base.models.ir_cron: Job `payment: post-process transactions` done. 
2024-07-26 19:02:08,766 8968 INFO Asset odoo.addons.base.models.ir_cron: Starting job `payment: post-process transactions`. 
2024-07-26 19:02:08,776 8968 INFO Asset odoo.addons.base.models.ir_cron: Job `payment: post-process transactions` done. 
2024-07-26 19:12:18,967 8968 INFO Asset odoo.addons.base.models.ir_cron: Starting job `Partner Autocomplete : Sync with remote DB`. 
2024-07-26 19:12:18,977 8968 INFO Asset odoo.addons.base.models.ir_cron: Job `Partner Autocomplete : Sync with remote DB` done. 
2024-07-26 19:12:18,987 8968 INFO Asset odoo.addons.base.models.ir_cron: Starting job `Mail: Email Queue Manager`. 
2024-07-26 19:12:18,997 8968 INFO Asset odoo.addons.base.models.ir_cron: Job `Mail: Email Queue Manager` done. 
2024-07-26 19:12:19,007 8968 INFO Asset odoo.addons.base.models.ir_cron: Starting job `Snailmail: process letters queue`. 
2024-07-26 19:12:19,017 8968 INFO Asset odoo.addons.base.models.ir_cron: Job `Snailmail: process letters queue` done. 
2024-07-26 19:12:19,027 8968 INFO Asset odoo.addons.base.models.ir_cron: Starting job `SMS: SMS Queue Manager`. 
2024-07-26 19:12:19,027 8968 INFO Asset odoo.addons.base.models.ir_cron: Job `SMS: SMS Queue Manager` done. 
2024-07-26 19:12:19,037 8968 INFO Asset odoo.addons.base.models.ir_cron: Starting job `payment: post-process transactions`. 
2024-07-26 19:12:19,047 8968 INFO Asset odoo.addons.base.models.ir_cron: Job `payment: post-process transactions` done. 
2024-07-26 19:12:19,057 8968 INFO Asset odoo.addons.base.models.ir_cron: Starting job `Notification: Send scheduled message notifications`. 
2024-07-26 19:12:19,057 8968 INFO Asset odoo.addons.base.models.ir_cron: Job `Notification: Send scheduled message notifications` done. 
2024-07-26 19:22:20,093 8968 INFO Asset odoo.addons.base.models.ir_cron: Starting job `payment: post-process transactions`. 
2024-07-26 19:22:20,103 8968 INFO Asset odoo.addons.base.models.ir_cron: Job `payment: post-process transactions` done. 
2024-07-26 19:32:20,156 8968 INFO Asset odoo.addons.base.models.ir_cron: Starting job `payment: post-process transactions`. 
2024-07-26 19:32:20,166 8968 INFO Asset odoo.addons.base.models.ir_cron: Job `payment: post-process transactions` done. 
2024-07-26 19:42:20,236 8968 INFO Asset odoo.addons.base.models.ir_cron: Starting job `payment: post-process transactions`. 
2024-07-26 19:42:20,247 8968 INFO Asset odoo.addons.base.models.ir_cron: Job `payment: post-process transactions` done. 
2024-07-26 19:51:58,829 8968 INFO Asset odoo.addons.base.models.ir_cron: Starting job `payment: post-process transactions`. 
2024-07-26 19:51:58,835 8968 INFO Asset odoo.addons.base.models.ir_cron: Job `payment: post-process transactions` done. 
2024-07-26 20:02:09,055 8968 INFO Asset odoo.addons.base.models.ir_cron: Starting job `payment: post-process transactions`. 
2024-07-26 20:02:09,065 8968 INFO Asset odoo.addons.base.models.ir_cron: Job `payment: post-process transactions` done. 
2024-07-26 20:12:19,294 8968 INFO Asset odoo.addons.base.models.ir_cron: Starting job `Notification: Send scheduled message notifications`. 
2024-07-26 20:12:19,304 8968 INFO Asset odoo.addons.base.models.ir_cron: Job `Notification: Send scheduled message notifications` done. 
2024-07-26 20:12:19,316 8968 INFO Asset odoo.addons.base.models.ir_cron: Starting job `payment: post-process transactions`. 
2024-07-26 20:12:19,316 8968 INFO Asset odoo.addons.base.models.ir_cron: Job `payment: post-process transactions` done. 
2024-07-26 20:12:19,336 8968 INFO Asset odoo.addons.base.models.ir_cron: Starting job `Partner Autocomplete : Sync with remote DB`. 
2024-07-26 20:12:19,340 8968 INFO Asset odoo.addons.base.models.ir_cron: Job `Partner Autocomplete : Sync with remote DB` done. 
2024-07-26 20:12:19,351 8968 INFO Asset odoo.addons.base.models.ir_cron: Starting job `Mail: Email Queue Manager`. 
2024-07-26 20:12:19,356 8968 INFO Asset odoo.addons.base.models.ir_cron: Job `Mail: Email Queue Manager` done. 
2024-07-26 20:12:19,366 8968 INFO Asset odoo.addons.base.models.ir_cron: Starting job `Snailmail: process letters queue`. 
2024-07-26 20:12:19,369 8968 INFO Asset odoo.addons.base.models.ir_cron: Job `Snailmail: process letters queue` done. 
2024-07-26 20:12:19,378 8968 INFO Asset odoo.addons.base.models.ir_cron: Starting job `SMS: SMS Queue Manager`. 
2024-07-26 20:12:19,383 8968 INFO Asset odoo.addons.base.models.ir_cron: Job `SMS: SMS Queue Manager` done. 
2024-07-26 20:22:20,432 8968 INFO Asset odoo.addons.base.models.ir_cron: Starting job `payment: post-process transactions`. 
2024-07-26 20:22:20,442 8968 INFO Asset odoo.addons.base.models.ir_cron: Job `payment: post-process transactions` done. 
2024-07-26 20:32:20,483 8968 INFO Asset odoo.addons.base.models.ir_cron: Starting job `payment: post-process transactions`. 
2024-07-26 20:32:20,494 8968 INFO Asset odoo.addons.base.models.ir_cron: Job `payment: post-process transactions` done. 
2024-07-26 20:42:20,553 8968 INFO Asset odoo.addons.base.models.ir_cron: Starting job `payment: post-process transactions`. 
2024-07-26 20:42:20,556 8968 INFO Asset odoo.addons.base.models.ir_cron: Job `payment: post-process transactions` done. 
2024-07-26 20:51:59,237 8968 INFO Asset odoo.addons.base.models.ir_cron: Starting job `payment: post-process transactions`. 
2024-07-26 20:51:59,243 8968 INFO Asset odoo.addons.base.models.ir_cron: Job `payment: post-process transactions` done. 
2024-07-26 21:02:09,455 8968 INFO Asset odoo.addons.base.models.ir_cron: Starting job `payment: post-process transactions`. 
2024-07-26 21:02:09,455 8968 INFO Asset odoo.addons.base.models.ir_cron: Job `payment: post-process transactions` done. 
2024-07-26 21:12:19,676 8968 INFO Asset odoo.addons.base.models.ir_cron: Starting job `payment: post-process transactions`. 
2024-07-26 21:12:19,686 8968 INFO Asset odoo.addons.base.models.ir_cron: Job `payment: post-process transactions` done. 
2024-07-26 21:12:19,696 8968 INFO Asset odoo.addons.base.models.ir_cron: Starting job `Notification: Send scheduled message notifications`. 
2024-07-26 21:12:19,696 8968 INFO Asset odoo.addons.base.models.ir_cron: Job `Notification: Send scheduled message notifications` done. 
2024-07-26 21:12:19,716 8968 INFO Asset odoo.addons.base.models.ir_cron: Starting job `Partner Autocomplete : Sync with remote DB`. 
2024-07-26 21:12:19,716 8968 INFO Asset odoo.addons.base.models.ir_cron: Job `Partner Autocomplete : Sync with remote DB` done. 
2024-07-26 21:12:19,726 8968 INFO Asset odoo.addons.base.models.ir_cron: Starting job `Mail: Email Queue Manager`. 
2024-07-26 21:12:19,736 8968 INFO Asset odoo.addons.base.models.ir_cron: Job `Mail: Email Queue Manager` done. 
2024-07-26 21:12:19,736 8968 INFO Asset odoo.addons.base.models.ir_cron: Starting job `Snailmail: process letters queue`. 
2024-07-26 21:12:19,746 8968 INFO Asset odoo.addons.base.models.ir_cron: Job `Snailmail: process letters queue` done. 
2024-07-26 21:12:19,756 8968 INFO Asset odoo.addons.base.models.ir_cron: Starting job `SMS: SMS Queue Manager`. 
2024-07-26 21:12:19,756 8968 INFO Asset odoo.addons.base.models.ir_cron: Job `SMS: SMS Queue Manager` done. 
2024-07-26 21:22:20,744 8968 INFO Asset odoo.addons.base.models.ir_cron: Starting job `payment: post-process transactions`. 
2024-07-26 21:22:20,754 8968 INFO Asset odoo.addons.base.models.ir_cron: Job `payment: post-process transactions` done. 
2024-07-26 21:32:20,829 8968 INFO Asset odoo.addons.base.models.ir_cron: Starting job `payment: post-process transactions`. 
2024-07-26 21:32:20,839 8968 INFO Asset odoo.addons.base.models.ir_cron: Job `payment: post-process transactions` done. 
2024-07-26 21:42:20,898 8968 INFO Asset odoo.addons.base.models.ir_cron: Starting job `payment: post-process transactions`. 
2024-07-26 21:42:20,909 8968 INFO Asset odoo.addons.base.models.ir_cron: Job `payment: post-process transactions` done. 
2024-07-26 21:51:59,570 8968 INFO Asset odoo.addons.base.models.ir_cron: Starting job `payment: post-process transactions`. 
2024-07-26 21:51:59,570 8968 INFO Asset odoo.addons.base.models.ir_cron: Job `payment: post-process transactions` done. 
2024-07-26 22:02:09,820 8968 INFO Asset odoo.addons.base.models.ir_cron: Starting job `payment: post-process transactions`. 
2024-07-26 22:02:09,820 8968 INFO Asset odoo.addons.base.models.ir_cron: Job `payment: post-process transactions` done. 
2024-07-26 22:12:20,043 8968 INFO Asset odoo.addons.base.models.ir_cron: Starting job `Notification: Send scheduled message notifications`. 
2024-07-26 22:12:20,043 8968 INFO Asset odoo.addons.base.models.ir_cron: Job `Notification: Send scheduled message notifications` done. 
2024-07-26 22:12:20,053 8968 INFO Asset odoo.addons.base.models.ir_cron: Starting job `Partner Autocomplete : Sync with remote DB`. 
2024-07-26 22:12:20,063 8968 INFO Asset odoo.addons.base.models.ir_cron: Job `Partner Autocomplete : Sync with remote DB` done. 
2024-07-26 22:12:20,073 8968 INFO Asset odoo.addons.base.models.ir_cron: Starting job `Mail: Email Queue Manager`. 
2024-07-26 22:12:20,073 8968 INFO Asset odoo.addons.base.models.ir_cron: Job `Mail: Email Queue Manager` done. 
2024-07-26 22:12:20,083 8968 INFO Asset odoo.addons.base.models.ir_cron: Starting job `Snailmail: process letters queue`. 
2024-07-26 22:12:20,083 8968 INFO Asset odoo.addons.base.models.ir_cron: Job `Snailmail: process letters queue` done. 
2024-07-26 22:12:20,093 8968 INFO Asset odoo.addons.base.models.ir_cron: Starting job `SMS: SMS Queue Manager`. 
2024-07-26 22:12:20,093 8968 INFO Asset odoo.addons.base.models.ir_cron: Job `SMS: SMS Queue Manager` done. 
2024-07-26 22:12:20,103 8968 INFO Asset odoo.addons.base.models.ir_cron: Starting job `payment: post-process transactions`. 
2024-07-26 22:12:20,103 8968 INFO Asset odoo.addons.base.models.ir_cron: Job `payment: post-process transactions` done. 
2024-07-26 22:12:20,113 8968 INFO Asset odoo.addons.base.models.ir_cron: Starting job `Account: Journal online sync`. 
2024-07-26 22:12:20,123 8968 INFO Asset odoo.addons.base.models.ir_cron: Job `Account: Journal online sync` done. 
2024-07-26 22:22:21,132 8968 INFO Asset odoo.addons.base.models.ir_cron: Starting job `payment: post-process transactions`. 
2024-07-26 22:22:21,143 8968 INFO Asset odoo.addons.base.models.ir_cron: Job `payment: post-process transactions` done. 
2024-07-26 22:32:21,200 8968 INFO Asset odoo.addons.base.models.ir_cron: Starting job `payment: post-process transactions`. 
2024-07-26 22:32:21,210 8968 INFO Asset odoo.addons.base.models.ir_cron: Job `payment: post-process transactions` done. 
2024-07-26 22:42:21,259 8968 INFO Asset odoo.addons.base.models.ir_cron: Starting job `payment: post-process transactions`. 
2024-07-26 22:42:21,269 8968 INFO Asset odoo.addons.base.models.ir_cron: Job `payment: post-process transactions` done. 
2024-07-26 22:52:00,003 8968 INFO Asset odoo.addons.base.models.ir_cron: Starting job `payment: post-process transactions`. 
2024-07-26 22:52:00,013 8968 INFO Asset odoo.addons.base.models.ir_cron: Job `payment: post-process transactions` done. 
2024-07-26 23:02:10,210 8968 INFO Asset odoo.addons.base.models.ir_cron: Starting job `payment: post-process transactions`. 
2024-07-26 23:02:10,210 8968 INFO Asset odoo.addons.base.models.ir_cron: Job `payment: post-process transactions` done. 
2024-07-26 23:12:20,505 8968 INFO Asset odoo.addons.base.models.ir_cron: Starting job `Mail: Email Queue Manager`. 
2024-07-26 23:12:20,515 8968 INFO Asset odoo.addons.base.models.ir_cron: Job `Mail: Email Queue Manager` done. 
2024-07-26 23:12:20,525 8968 INFO Asset odoo.addons.base.models.ir_cron: Starting job `Snailmail: process letters queue`. 
2024-07-26 23:12:20,525 8968 INFO Asset odoo.addons.base.models.ir_cron: Job `Snailmail: process letters queue` done. 
2024-07-26 23:12:20,535 8968 INFO Asset odoo.addons.base.models.ir_cron: Starting job `SMS: SMS Queue Manager`. 
2024-07-26 23:12:20,535 8968 INFO Asset odoo.addons.base.models.ir_cron: Job `SMS: SMS Queue Manager` done. 
2024-07-26 23:12:20,545 8968 INFO Asset odoo.addons.base.models.ir_cron: Starting job `payment: post-process transactions`. 
2024-07-26 23:12:20,555 8968 INFO Asset odoo.addons.base.models.ir_cron: Job `payment: post-process transactions` done. 
2024-07-26 23:12:20,570 8968 INFO Asset odoo.addons.base.models.ir_cron: Starting job `Notification: Send scheduled message notifications`. 
2024-07-26 23:12:20,574 8968 INFO Asset odoo.addons.base.models.ir_cron: Job `Notification: Send scheduled message notifications` done. 
2024-07-26 23:12:20,583 8968 INFO Asset odoo.addons.base.models.ir_cron: Starting job `Partner Autocomplete : Sync with remote DB`. 
2024-07-26 23:12:20,585 8968 INFO Asset odoo.addons.base.models.ir_cron: Job `Partner Autocomplete : Sync with remote DB` done. 
2024-07-26 23:22:21,413 8968 INFO Asset odoo.addons.base.models.ir_cron: Starting job `payment: post-process transactions`. 
2024-07-26 23:22:21,423 8968 INFO Asset odoo.addons.base.models.ir_cron: Job `payment: post-process transactions` done. 
2024-07-26 23:32:21,485 8968 INFO Asset odoo.addons.base.models.ir_cron: Starting job `payment: post-process transactions`. 
2024-07-26 23:32:21,485 8968 INFO Asset odoo.addons.base.models.ir_cron: Job `payment: post-process transactions` done. 
2024-07-26 23:41:50,170 8968 INFO Asset odoo.addons.base.models.ir_cron: Starting job `payment: post-process transactions`. 
2024-07-26 23:41:50,170 8968 INFO Asset odoo.addons.base.models.ir_cron: Job `payment: post-process transactions` done. 
2024-07-26 23:52:00,409 8968 INFO Asset odoo.addons.base.models.ir_cron: Starting job `payment: post-process transactions`. 
2024-07-26 23:52:00,409 8968 INFO Asset odoo.addons.base.models.ir_cron: Job `payment: post-process transactions` done. 
2024-07-27 00:02:10,671 8968 INFO Asset odoo.addons.base.models.ir_cron: Starting job `payment: post-process transactions`. 
2024-07-27 00:02:10,673 8968 INFO Asset odoo.addons.base.models.ir_cron: Job `payment: post-process transactions` done. 
2024-07-27 00:12:20,874 8968 INFO Asset odoo.addons.base.models.ir_cron: Starting job `Partner Autocomplete : Sync with remote DB`. 
2024-07-27 00:12:20,884 8968 INFO Asset odoo.addons.base.models.ir_cron: Job `Partner Autocomplete : Sync with remote DB` done. 
2024-07-27 00:12:20,894 8968 INFO Asset odoo.addons.base.models.ir_cron: Starting job `payment: post-process transactions`. 
2024-07-27 00:12:20,894 8968 INFO Asset odoo.addons.base.models.ir_cron: Job `payment: post-process transactions` done. 
2024-07-27 00:12:20,904 8968 INFO Asset odoo.addons.base.models.ir_cron: Starting job `Mail: Email Queue Manager`. 
2024-07-27 00:12:20,914 8968 INFO Asset odoo.addons.base.models.ir_cron: Job `Mail: Email Queue Manager` done. 
2024-07-27 00:12:20,924 8968 INFO Asset odoo.addons.base.models.ir_cron: Starting job `Snailmail: process letters queue`. 
2024-07-27 00:12:20,924 8968 INFO Asset odoo.addons.base.models.ir_cron: Job `Snailmail: process letters queue` done. 
2024-07-27 00:12:20,934 8968 INFO Asset odoo.addons.base.models.ir_cron: Starting job `SMS: SMS Queue Manager`. 
2024-07-27 00:12:20,944 8968 INFO Asset odoo.addons.base.models.ir_cron: Job `SMS: SMS Queue Manager` done. 
2024-07-27 00:12:20,954 8968 INFO Asset odoo.addons.base.models.ir_cron: Starting job `Notification: Send scheduled message notifications`. 
2024-07-27 00:12:20,954 8968 INFO Asset odoo.addons.base.models.ir_cron: Job `Notification: Send scheduled message notifications` done. 
2024-07-27 00:22:21,727 8968 INFO Asset odoo.addons.base.models.ir_cron: Starting job `payment: post-process transactions`. 
2024-07-27 00:22:21,727 8968 INFO Asset odoo.addons.base.models.ir_cron: Job `payment: post-process transactions` done. 
2024-07-27 00:32:21,786 8968 INFO Asset odoo.addons.base.models.ir_cron: Starting job `payment: post-process transactions`. 
2024-07-27 00:32:21,786 8968 INFO Asset odoo.addons.base.models.ir_cron: Job `payment: post-process transactions` done. 
2024-07-27 00:41:50,583 8968 INFO Asset odoo.addons.base.models.ir_cron: Starting job `payment: post-process transactions`. 
2024-07-27 00:41:50,583 8968 INFO Asset odoo.addons.base.models.ir_cron: Job `payment: post-process transactions` done. 
2024-07-27 00:52:00,831 8968 INFO Asset odoo.addons.base.models.ir_cron: Starting job `payment: post-process transactions`. 
2024-07-27 00:52:00,841 8968 INFO Asset odoo.addons.base.models.ir_cron: Job `payment: post-process transactions` done. 
2024-07-27 01:02:11,045 8968 INFO Asset odoo.addons.base.models.ir_cron: Starting job `payment: post-process transactions`. 
2024-07-27 01:02:11,055 8968 INFO Asset odoo.addons.base.models.ir_cron: Job `payment: post-process transactions` done. 
2024-07-27 01:12:21,262 8968 INFO Asset odoo.addons.base.models.ir_cron: Starting job `payment: post-process transactions`. 
2024-07-27 01:12:21,272 8968 INFO Asset odoo.addons.base.models.ir_cron: Job `payment: post-process transactions` done. 
2024-07-27 01:12:21,278 8968 INFO Asset odoo.addons.base.models.ir_cron: Starting job `Partner Autocomplete : Sync with remote DB`. 
2024-07-27 01:12:21,278 8968 INFO Asset odoo.addons.base.models.ir_cron: Job `Partner Autocomplete : Sync with remote DB` done. 
2024-07-27 01:12:21,288 8968 INFO Asset odoo.addons.base.models.ir_cron: Starting job `Mail: Email Queue Manager`. 
2024-07-27 01:12:21,288 8968 INFO Asset odoo.addons.base.models.ir_cron: Job `Mail: Email Queue Manager` done. 
2024-07-27 01:12:21,298 8968 INFO Asset odoo.addons.base.models.ir_cron: Starting job `Snailmail: process letters queue`. 
2024-07-27 01:12:21,298 8968 INFO Asset odoo.addons.base.models.ir_cron: Job `Snailmail: process letters queue` done. 
2024-07-27 01:12:21,308 8968 INFO Asset odoo.addons.base.models.ir_cron: Starting job `SMS: SMS Queue Manager`. 
2024-07-27 01:12:21,308 8968 INFO Asset odoo.addons.base.models.ir_cron: Job `SMS: SMS Queue Manager` done. 
2024-07-27 01:12:21,308 8968 INFO Asset odoo.addons.base.models.ir_cron: Starting job `Notification: Send scheduled message notifications`. 
2024-07-27 01:12:21,318 8968 INFO Asset odoo.addons.base.models.ir_cron: Job `Notification: Send scheduled message notifications` done. 
2024-07-27 01:22:22,028 8968 INFO Asset odoo.addons.base.models.ir_cron: Starting job `payment: post-process transactions`. 
2024-07-27 01:22:22,028 8968 INFO Asset odoo.addons.base.models.ir_cron: Job `payment: post-process transactions` done. 
2024-07-27 01:32:22,091 8968 INFO Asset odoo.addons.base.models.ir_cron: Starting job `payment: post-process transactions`. 
2024-07-27 01:32:22,101 8968 INFO Asset odoo.addons.base.models.ir_cron: Job `payment: post-process transactions` done. 
2024-07-27 01:41:50,939 8968 INFO Asset odoo.addons.base.models.ir_cron: Starting job `payment: post-process transactions`. 
2024-07-27 01:41:50,939 8968 INFO Asset odoo.addons.base.models.ir_cron: Job `payment: post-process transactions` done. 
2024-07-27 01:52:01,174 8968 INFO Asset odoo.addons.base.models.ir_cron: Starting job `payment: post-process transactions`. 
2024-07-27 01:52:01,174 8968 INFO Asset odoo.addons.base.models.ir_cron: Job `payment: post-process transactions` done. 
2024-07-27 02:00:09,361 8968 INFO Asset odoo.addons.base.models.ir_cron: Starting job `Account: Post draft entries with auto_post enabled and accounting date up to today`. 
2024-07-27 02:00:09,371 8968 INFO Asset odoo.addons.base.models.ir_cron: Job `Account: Post draft entries with auto_post enabled and accounting date up to today` done. 
2024-07-27 02:00:22,218 8968 INFO Asset odoo.addons.base.models.ir_cron: Starting job `Account Report Followup; Execute followup`. 
2024-07-27 02:00:22,247 8968 INFO Asset odoo.addons.base.models.ir_cron: Job `Account Report Followup; Execute followup` done. 
2024-07-27 02:02:11,437 8968 INFO Asset odoo.addons.base.models.ir_cron: Starting job `payment: post-process transactions`. 
2024-07-27 02:02:11,447 8968 INFO Asset odoo.addons.base.models.ir_cron: Job `payment: post-process transactions` done. 
2024-07-27 02:12:21,647 8968 INFO Asset odoo.addons.base.models.ir_cron: Starting job `Partner Autocomplete : Sync with remote DB`. 
2024-07-27 02:12:21,663 8968 INFO Asset odoo.addons.base.models.ir_cron: Job `Partner Autocomplete : Sync with remote DB` done. 
2024-07-27 02:12:21,663 8968 INFO Asset odoo.addons.base.models.ir_cron: Starting job `Mail: Email Queue Manager`. 
2024-07-27 02:12:21,678 8968 INFO Asset odoo.addons.base.models.ir_cron: Job `Mail: Email Queue Manager` done. 
2024-07-27 02:12:21,678 8968 INFO Asset odoo.addons.base.models.ir_cron: Starting job `Snailmail: process letters queue`. 
2024-07-27 02:12:21,694 8968 INFO Asset odoo.addons.base.models.ir_cron: Job `Snailmail: process letters queue` done. 
2024-07-27 02:12:21,694 8968 INFO Asset odoo.addons.base.models.ir_cron: Starting job `SMS: SMS Queue Manager`. 
2024-07-27 02:12:21,710 8968 INFO Asset odoo.addons.base.models.ir_cron: Job `SMS: SMS Queue Manager` done. 
2024-07-27 02:12:21,710 8968 INFO Asset odoo.addons.base.models.ir_cron: Starting job `Notification: Send scheduled message notifications`. 
2024-07-27 02:12:21,726 8968 INFO Asset odoo.addons.base.models.ir_cron: Job `Notification: Send scheduled message notifications` done. 
2024-07-27 02:12:21,726 8968 INFO Asset odoo.addons.base.models.ir_cron: Starting job `payment: post-process transactions`. 
2024-07-27 02:12:21,741 8968 INFO Asset odoo.addons.base.models.ir_cron: Job `payment: post-process transactions` done. 
2024-07-27 02:12:36,133 8968 ERROR ? odoo.addons.bus.models.bus: Bus.loop error, sleep and retry 
Traceback (most recent call last):
  File "C:\Odoo16\server\odoo\addons\bus\models\bus.py", line 223, in run
    self.loop()
  File "C:\Odoo16\server\odoo\addons\bus\models\bus.py", line 208, in loop
    conn.poll()
psycopg2.OperationalError: server closed the connection unexpectedly
	This probably means the server terminated abnormally
	before or while processing the request.

2024-07-27 02:12:36,137 8968 INFO Asset odoo.sql_db: Connection to the database failed 
2024-07-27 02:12:36,137 8968 WARNING Asset odoo.addons.base.models.ir_cron: Exception in cron: 
Traceback (most recent call last):
  File "C:\Odoo16\server\odoo\addons\base\models\ir_cron.py", line 115, in _process_jobs
    with db.cursor() as cron_cr:
         ^^^^^^^^^^^
  File "C:\Odoo16\server\odoo\sql_db.py", line 740, in cursor
    return Cursor(self.__pool, self.__dbname, self.__dsn)
           ^^^^^^^^^^^^^^^^^^^^^^^^^^^^^^^^^^^^^^^^^^^^^^
  File "C:\Odoo16\server\odoo\sql_db.py", line 267, in __init__
    self._cnx = pool.borrow(dsn)
                ^^^^^^^^^^^^^^^^
  File "<decorator-gen-2>", line 2, in borrow
  File "C:\Odoo16\server\odoo\tools\func.py", line 87, in locked
    return func(inst, *args, **kwargs)
           ^^^^^^^^^^^^^^^^^^^^^^^^^^^
  File "C:\Odoo16\server\odoo\sql_db.py", line 668, in borrow
    result = psycopg2.connect(
             ^^^^^^^^^^^^^^^^^
  File "C:\Odoo16\python\Lib\site-packages\psycopg2\__init__.py", line 122, in connect
    conn = _connect(dsn, connection_factory=connection_factory, **kwasync)
           ^^^^^^^^^^^^^^^^^^^^^^^^^^^^^^^^^^^^^^^^^^^^^^^^^^^^^^^^^^^^^^^
psycopg2.OperationalError: connection to server at "localhost" (::1), port 5432 failed: FATAL:  the database system is shutting down

2024-07-27 02:12:36,170 8968 INFO Asset odoo.sql_db: Connection to the database failed 
2024-07-27 02:12:36,170 8968 WARNING Asset odoo.addons.base.models.ir_cron: Exception in cron: 
Traceback (most recent call last):
  File "C:\Odoo16\server\odoo\addons\base\models\ir_cron.py", line 115, in _process_jobs
    with db.cursor() as cron_cr:
         ^^^^^^^^^^^
  File "C:\Odoo16\server\odoo\sql_db.py", line 740, in cursor
    return Cursor(self.__pool, self.__dbname, self.__dsn)
           ^^^^^^^^^^^^^^^^^^^^^^^^^^^^^^^^^^^^^^^^^^^^^^
  File "C:\Odoo16\server\odoo\sql_db.py", line 267, in __init__
    self._cnx = pool.borrow(dsn)
                ^^^^^^^^^^^^^^^^
  File "<decorator-gen-2>", line 2, in borrow
  File "C:\Odoo16\server\odoo\tools\func.py", line 87, in locked
    return func(inst, *args, **kwargs)
           ^^^^^^^^^^^^^^^^^^^^^^^^^^^
  File "C:\Odoo16\server\odoo\sql_db.py", line 668, in borrow
    result = psycopg2.connect(
             ^^^^^^^^^^^^^^^^^
  File "C:\Odoo16\python\Lib\site-packages\psycopg2\__init__.py", line 122, in connect
    conn = _connect(dsn, connection_factory=connection_factory, **kwasync)
           ^^^^^^^^^^^^^^^^^^^^^^^^^^^^^^^^^^^^^^^^^^^^^^^^^^^^^^^^^^^^^^^
psycopg2.OperationalError: connection to server at "localhost" (::1), port 5432 failed: FATAL:  the database system is shutting down

2024-07-27 02:12:42,584 8968 INFO ? odoo.service.server: Initiating shutdown 
2024-07-27 02:12:42,584 8968 INFO ? odoo.service.server: Hit CTRL-C again or send a second signal to force the shutdown. 
2024-07-27 02:12:42,957 8968 INFO ? odoo.sql_db: ConnectionPool(used=0/count=0/max=64): Closed 3 connections  
2024-07-27 02:17:04,214 8628 INFO ? odoo: Odoo version 16.0+e-20240716 
2024-07-27 02:17:04,214 8628 INFO ? odoo: Using configuration file at C:\Odoo16\server\odoo.conf 
2024-07-27 02:17:04,214 8628 INFO ? odoo: addons paths: ['C:\\Odoo16\\server\\odoo\\addons', 'c:\\odoo16\\sessions\\addons\\16.0', 'c:\\odoo16\\server\\odoo\\addons', 'c:\\odoo16\\server\\custom_addons'] 
2024-07-27 02:17:04,214 8628 INFO ? odoo: database: openpg@localhost:5432 
2024-07-27 02:17:05,184 8628 INFO ? odoo.addons.base.models.ir_actions_report: Will use the Wkhtmltopdf binary at C:\Odoo16\thirdparty\wkhtmltopdf.exe 
2024-07-27 02:17:07,018 8628 INFO ? odoo.service.server: HTTP service (werkzeug) running on UMDMPASTEL.umdm.gov.za:8069 
2024-07-27 02:17:23,069 8628 INFO ? odoo.service.server: Initiating shutdown 
2024-07-27 02:17:23,070 8628 INFO ? odoo.service.server: Hit CTRL-C again or send a second signal to force the shutdown. 
2024-07-27 02:17:23,184 8628 INFO ? odoo.sql_db: ConnectionPool(used=0/count=0/max=64): Closed 2 connections  
2024-07-27 02:19:32,353 14692 INFO ? odoo: Odoo version 16.0+e-20240716 
2024-07-27 02:19:32,353 14692 INFO ? odoo: Using configuration file at C:\Odoo16\server\odoo.conf 
2024-07-27 02:19:32,353 14692 INFO ? odoo: addons paths: ['C:\\Odoo16\\server\\odoo\\addons', 'c:\\odoo16\\sessions\\addons\\16.0', 'c:\\odoo16\\server\\odoo\\addons', 'c:\\odoo16\\server\\custom_addons'] 
2024-07-27 02:19:32,353 14692 INFO ? odoo: database: openpg@localhost:5432 
2024-07-27 02:19:33,284 14692 INFO ? odoo.addons.base.models.ir_actions_report: Will use the Wkhtmltopdf binary at C:\Odoo16\thirdparty\wkhtmltopdf.exe 
2024-07-27 02:19:34,727 14692 INFO ? odoo.service.server: HTTP service (werkzeug) running on UMDMPASTEL.umdm.gov.za:8069 
2024-07-31 09:29:23,118 14692 INFO Asset odoo.modules.loading: loading 1 modules... 
2024-07-31 09:29:23,127 14692 INFO Asset odoo.modules.loading: 1 modules loaded in 0.01s, 0 queries (+0 extra) 
2024-07-31 09:29:25,785 14692 INFO Asset odoo.modules.loading: loading 108 modules... 
2024-07-31 09:29:26,089 14692 WARNING Asset odoo.addons.attachment_indexation.models.ir_attachment: Attachment indexation of PDF documents is unavailable because the 'pdfminer' Python library cannot be found on the system. You may install it from https://pypi.org/project/pdfminer.six/ (e.g. `pip3 install pdfminer.six`) 
2024-07-31 09:29:45,649 14692 WARNING Asset odoo.models: The model asset.sage.integration has no _description 
2024-07-31 09:29:46,479 14692 INFO Asset odoo.modules.loading: 108 modules loaded in 20.69s, 0 queries (+0 extra) 
2024-07-31 09:29:46,838 14692 INFO Asset odoo.modules.loading: Modules loaded. 
2024-07-31 09:29:46,920 14692 INFO Asset odoo.modules.registry: Registry loaded in 24.684s 
2024-07-31 09:29:46,922 14692 INFO Asset odoo.addons.base.models.ir_http: Generating routing map for key None 
2024-07-31 09:29:47,638 14692 INFO Asset werkzeug: 127.0.0.1 - - [31/Jul/2024 09:29:47] "GET / HTTP/1.1" 303 - 23 1.203 24.208
2024-07-31 09:29:53,085 14692 INFO Asset werkzeug: 127.0.0.1 - - [31/Jul/2024 09:29:53] "GET /web HTTP/1.1" 200 - 95 2.823 2.306
2024-07-31 09:29:56,817 14692 INFO Asset odoo.addons.base.models.ir_cron: Starting job `Invoice OCR: Parse Invoices`. 
2024-07-31 09:29:56,877 14692 INFO Asset werkzeug: 127.0.0.1 - - [31/Jul/2024 09:29:56] "GET /bus/websocket_worker_bundle?v=1.0.5 HTTP/1.1" 304 - 6 0.048 0.542
2024-07-31 09:29:57,150 14692 INFO Asset odoo.addons.base.models.ir_cron: Job `Invoice OCR: Parse Invoices` done. 
2024-07-31 09:29:57,192 14692 INFO Asset odoo.addons.base.models.ir_cron: Starting job `Partner Autocomplete : Sync with remote DB`. 
2024-07-31 09:29:57,226 14692 INFO Asset odoo.addons.base.models.ir_cron: Job `Partner Autocomplete : Sync with remote DB` done. 
2024-07-31 09:29:57,236 14692 INFO Asset odoo.addons.base.models.ir_cron: Starting job `Account Report Followup; Execute followup`. 
2024-07-31 09:29:57,247 14692 INFO Asset werkzeug: 127.0.0.1 - - [31/Jul/2024 09:29:57] "GET /websocket HTTP/1.1" 101 - 1 0.001 0.015
2024-07-31 09:29:57,464 14692 INFO ? odoo.addons.bus.models.bus: Bus.loop listen imbus on db postgres 
2024-07-31 09:29:57,990 14692 INFO Asset odoo.addons.base.models.ir_cron: Job `Account Report Followup; Execute followup` done. 
2024-07-31 09:29:58,050 14692 INFO Asset odoo.addons.base.models.ir_cron: Starting job `Project: Send rating`. 
2024-07-31 09:29:58,102 14692 INFO Asset odoo.addons.base.models.ir_cron: Job `Project: Send rating` done. 
2024-07-31 09:29:58,110 14692 INFO Asset odoo.addons.base.models.ir_cron: Starting job `Calendar: Event Reminder`. 
2024-07-31 09:29:58,181 14692 INFO Asset odoo.addons.base.models.ir_cron: Job `Calendar: Event Reminder` done. 
2024-07-31 09:29:58,189 14692 INFO Asset odoo.addons.base.models.ir_cron: Starting job `Notification: Delete Notifications older than 6 Month`. 
2024-07-31 09:29:58,316 14692 INFO Asset odoo.addons.base.models.ir_cron: Job `Notification: Delete Notifications older than 6 Month` done. 
2024-07-31 09:29:58,324 14692 INFO Asset odoo.addons.base.models.ir_cron: Starting job `Gamification: Goal Challenge Check`. 
2024-07-31 09:29:58,536 14692 INFO Asset odoo.addons.base.models.ir_cron: Job `Gamification: Goal Challenge Check` done. 
2024-07-31 09:29:58,544 14692 INFO Asset odoo.addons.base.models.ir_cron: Starting job `Users: Notify About Unregistered Users`. 
2024-07-31 09:29:58,580 14692 INFO Asset odoo.addons.base.models.ir_cron: Job `Users: Notify About Unregistered Users` done. 
2024-07-31 09:29:58,588 14692 INFO Asset odoo.addons.base.models.ir_cron: Starting job `Planning: generate next recurring shifts`. 
2024-07-31 09:29:58,608 14692 INFO Asset odoo.addons.base.models.ir_cron: Job `Planning: generate next recurring shifts` done. 
2024-07-31 09:29:58,616 14692 INFO Asset odoo.addons.base.models.ir_cron: Starting job `HR Employee: check work permit validity`. 
2024-07-31 09:29:58,709 14692 INFO Asset odoo.addons.base.models.ir_cron: Job `HR Employee: check work permit validity` done. 
2024-07-31 09:29:58,718 14692 INFO Asset odoo.addons.base.models.ir_cron: Starting job `Mail: Email Queue Manager`. 
2024-07-31 09:29:58,781 14692 INFO Asset odoo.addons.base.models.ir_cron: Job `Mail: Email Queue Manager` done. 
2024-07-31 09:29:58,790 14692 INFO Asset odoo.addons.base.models.ir_cron: Starting job `Snailmail: process letters queue`. 
2024-07-31 09:29:58,823 14692 INFO Asset odoo.addons.base.models.ir_cron: Job `Snailmail: process letters queue` done. 
2024-07-31 09:29:58,830 14692 INFO Asset odoo.addons.base.models.ir_cron: Starting job `Mail Marketing: Process queue`. 
2024-07-31 09:29:58,855 14692 INFO Asset odoo.addons.base.models.ir_cron: Job `Mail Marketing: Process queue` done. 
2024-07-31 09:29:58,863 14692 INFO Asset odoo.addons.base.models.ir_cron: Starting job `Try to reconcile automatically your statement lines`. 
2024-07-31 09:29:58,962 14692 INFO Asset odoo.addons.base.models.ir_cron: Job `Try to reconcile automatically your statement lines` done. 
2024-07-31 09:29:58,970 14692 INFO Asset odoo.addons.base.models.ir_cron: Starting job `Account: Journal online sync`. 
2024-07-31 09:29:59,016 14692 INFO Asset odoo.addons.base.models.ir_cron: Job `Account: Journal online sync` done. 
2024-07-31 09:29:59,025 14692 INFO Asset odoo.addons.base.models.ir_cron: Starting job `SMS: SMS Queue Manager`. 
2024-07-31 09:29:59,056 14692 INFO Asset odoo.addons.base.models.ir_cron: Job `SMS: SMS Queue Manager` done. 
2024-07-31 09:29:59,063 14692 INFO Asset odoo.addons.base.models.ir_cron: Starting job `Digest Emails`. 
2024-07-31 09:30:00,439 14692 INFO Asset odoo.addons.base.models.ir_cron: Job `Digest Emails` done. 
2024-07-31 09:30:00,449 14692 INFO Asset odoo.addons.base.models.ir_cron: Starting job `Notification: Send scheduled message notifications`. 
2024-07-31 09:30:00,465 14692 INFO Asset odoo.addons.base.models.ir_cron: Job `Notification: Send scheduled message notifications` done. 
2024-07-31 09:30:00,480 14692 INFO Asset odoo.addons.base.models.ir_cron: Starting job `payment: post-process transactions`. 
2024-07-31 09:30:00,540 14692 INFO Asset odoo.addons.base.models.ir_cron: Job `payment: post-process transactions` done. 
2024-07-31 09:30:00,551 14692 INFO Asset odoo.addons.base.models.ir_cron: Starting job `Invoice OCR: Update All Status`. 
2024-07-31 09:30:00,555 14692 INFO Asset odoo.addons.base.models.ir_cron: Job `Invoice OCR: Update All Status` done. 
2024-07-31 09:30:00,565 14692 INFO Asset odoo.addons.base.models.ir_cron: Starting job `Invoice OCR: Validate Invoices`. 
2024-07-31 09:30:00,570 14692 INFO Asset odoo.addons.base.models.ir_cron: Job `Invoice OCR: Validate Invoices` done. 
2024-07-31 09:30:00,579 14692 INFO Asset odoo.addons.base.models.ir_cron: Starting job `Account automatic transfers : Perform transfers`. 
2024-07-31 09:30:00,598 14692 INFO Asset odoo.addons.base.models.ir_cron: Job `Account automatic transfers : Perform transfers` done. 
2024-07-31 09:30:00,607 14692 INFO Asset odoo.addons.base.models.ir_cron: Starting job `Project: Create Recurring Tasks`. 
2024-07-31 09:30:00,611 14692 INFO Asset odoo.addons.base.models.ir_cron: Job `Project: Create Recurring Tasks` done. 
2024-07-31 09:30:00,621 14692 INFO Asset odoo.addons.base.models.ir_cron: Starting job `Account: Post draft entries with auto_post enabled and accounting date up to today`. 
2024-07-31 09:30:00,668 14692 INFO Asset odoo.addons.base.models.ir_cron: Job `Account: Post draft entries with auto_post enabled and accounting date up to today` done. 
2024-07-31 09:30:00,677 14692 INFO Asset odoo.addons.base.models.ir_cron: Starting job `Currency: rate update`. 
2024-07-31 09:30:00,682 14692 INFO Asset odoo.addons.base.models.ir_cron: Job `Currency: rate update` done. 
2024-07-31 09:30:00,690 14692 INFO Asset odoo.addons.base.models.ir_cron: Starting job `Base: Auto-vacuum internal data`. 
2024-07-31 09:30:00,758 14692 INFO Asset odoo.addons.base.models.ir_attachment: filestore gc 0 checked, 0 removed 
2024-07-31 09:30:00,950 14692 INFO Asset odoo.addons.base.models.res_users: GC'd 0 user log entries 
2024-07-31 09:30:01,215 14692 INFO Asset odoo.addons.auth_totp.models.auth_totp: GC'd 0 totp devices entries 
2024-07-31 09:30:02,436 14692 INFO Asset odoo.addons.base.models.ir_cron: Job `Base: Auto-vacuum internal data` done. 
2024-07-31 09:30:02,443 14692 INFO Asset odoo.addons.base.models.ir_cron: Starting job `Publisher: Update Notification`. 
2024-07-31 09:30:08,007 14692 INFO Asset odoo.addons.base.models.ir_cron: Job `Publisher: Update Notification` done. 
2024-07-31 09:30:08,007 14692 INFO Asset odoo.modules.registry: At least one model cache has been invalidated, signaling through the database. 
2024-07-31 09:30:11,034 14692 INFO Asset werkzeug: 127.0.0.1 - - [31/Jul/2024 09:30:11] "GET /web/webclient/locale/en_US HTTP/1.1" 200 - 7 0.015 15.100
2024-07-31 09:30:11,622 14692 INFO ? werkzeug: 127.0.0.1 - - [31/Jul/2024 09:30:11] "GET /web/static/src/libs/fontawesome/fonts/fontawesome-webfont.woff2?v=4.7.0 HTTP/1.1" 304 - 0 0.000 0.023
2024-07-31 09:30:11,858 14692 INFO ? werkzeug: 127.0.0.1 - - [31/Jul/2024 09:30:11] "GET /web/static/img/favicon.ico HTTP/1.1" 304 - 0 0.000 0.007
2024-07-31 09:30:11,901 14692 INFO Asset werkzeug: 127.0.0.1 - - [31/Jul/2024 09:30:11] "GET /web/image/res.company/1/favicon HTTP/1.1" 304 - 11 0.026 0.018
2024-07-31 09:30:11,952 14692 INFO Asset werkzeug: 127.0.0.1 - - [31/Jul/2024 09:30:11] "POST /web/dataset/call_kw/res.users/systray_get_activities HTTP/1.1" 200 - 21 0.089 0.014
2024-07-31 09:30:11,987 14692 INFO Asset werkzeug: 127.0.0.1 - - [31/Jul/2024 09:30:11] "POST /mail/init_messaging HTTP/1.1" 200 - 57 0.275 0.023
2024-07-31 09:30:12,009 14692 INFO Asset werkzeug: 127.0.0.1 - - [31/Jul/2024 09:30:12] "GET /web/image/res.company/1/favicon HTTP/1.1" 304 - 5 0.006 0.013
2024-07-31 09:30:12,090 14692 INFO Asset werkzeug: 127.0.0.1 - - [31/Jul/2024 09:30:12] "GET /web/image?model=res.users&field=avatar_128&id=2 HTTP/1.1" 200 - 16 0.008 0.033
2024-07-31 09:30:12,209 14692 INFO Asset werkzeug: 127.0.0.1 - - [31/Jul/2024 09:30:12] "POST /mail/load_message_failures HTTP/1.1" 200 - 3 0.020 0.011
2024-07-31 09:30:12,277 14692 INFO Asset werkzeug: 127.0.0.1 - - [31/Jul/2024 09:30:12] "GET /web/image/res.company/1/favicon HTTP/1.1" 304 - 5 0.003 0.038
2024-07-31 09:30:12,354 14692 INFO Asset werkzeug: 127.0.0.1 - - [31/Jul/2024 09:30:12] "GET /web/image/res.company/1/favicon HTTP/1.1" 304 - 5 0.005 0.007
2024-07-31 09:30:12,379 14692 INFO ? werkzeug: 127.0.0.1 - - [31/Jul/2024 09:30:12] "GET /web_enterprise/static/img/home-menu-bg-overlay.svg HTTP/1.1" 304 - 0 0.000 0.014
2024-07-31 09:30:12,608 14692 INFO ? werkzeug: 127.0.0.1 - - [31/Jul/2024 09:30:12] "GET /mail/static/src/audio/ting.ogg HTTP/1.1" 206 - 0 0.000 0.014
2024-07-31 09:30:16,637 14692 INFO Asset werkzeug: 127.0.0.1 - - [31/Jul/2024 09:30:16] "POST /web/action/load HTTP/1.1" 200 - 14 0.151 0.018
2024-07-31 09:30:16,952 14692 INFO Asset werkzeug: 127.0.0.1 - - [31/Jul/2024 09:30:16] "POST /web/dataset/call_kw/account.journal/get_views HTTP/1.1" 200 - 52 0.171 0.065
2024-07-31 09:30:17,270 14692 INFO Asset werkzeug: 127.0.0.1 - - [31/Jul/2024 09:30:17] "POST /web/dataset/call_kw/account.journal/web_search_read HTTP/1.1" 200 - 35 0.190 0.072
2024-07-31 09:30:17,689 14692 INFO Asset werkzeug: 127.0.0.1 - - [31/Jul/2024 09:30:17] "POST /account/account_dashboard_onboarding HTTP/1.1" 200 - 31 0.027 0.054
2024-07-31 09:30:17,856 14692 INFO ? werkzeug: 127.0.0.1 - - [31/Jul/2024 09:30:17] "GET /web/static/lib/Chart/Chart.js HTTP/1.1" 304 - 0 0.000 0.070
2024-07-31 09:30:17,983 14692 INFO ? werkzeug: 127.0.0.1 - - [31/Jul/2024 09:30:17] "GET /account/static/src/img/account_dashboard_onboarding_bg.jpg HTTP/1.1" 304 - 0 0.000 0.008
2024-07-31 09:30:18,475 14692 INFO ? werkzeug: 127.0.0.1 - - [31/Jul/2024 09:30:18] "GET /web/static/lib/odoo_ui_icons/fonts/odoo_ui_icons.woff2 HTTP/1.1" 304 - 0 0.000 0.009
2024-07-31 09:30:30,142 14692 INFO Asset werkzeug: 127.0.0.1 - - [31/Jul/2024 09:30:30] "POST /web/action/load HTTP/1.1" 200 - 10 0.014 0.010
2024-07-31 09:30:30,545 14692 INFO Asset werkzeug: 127.0.0.1 - - [31/Jul/2024 09:30:30] "POST /web/dataset/call_kw/asset.sage.integration/get_views HTTP/1.1" 200 - 9 0.020 0.037
2024-07-31 09:30:30,727 14692 INFO Asset werkzeug: 127.0.0.1 - - [31/Jul/2024 09:30:30] "POST /web/dataset/call_kw/asset.sage.integration/onchange HTTP/1.1" 200 - 2 0.002 0.007
2024-07-31 09:32:08,041 14692 INFO Asset odoo.addons.base.models.ir_cron: Starting job `payment: post-process transactions`. 
2024-07-31 09:32:08,050 14692 INFO Asset odoo.addons.base.models.ir_cron: Job `payment: post-process transactions` done. 
2024-07-31 09:37:35,804 14692 INFO ? odoo.service.server: Initiating shutdown 
2024-07-31 09:37:35,804 14692 INFO ? odoo.service.server: Hit CTRL-C again or send a second signal to force the shutdown. 
2024-07-31 09:37:35,876 14692 INFO ? odoo.sql_db: ConnectionPool(used=0/count=0/max=64): Closed 7 connections  
2024-07-31 09:42:53,220 40624 INFO ? odoo: Odoo version 16.0+e-20240716 
2024-07-31 09:42:53,221 40624 INFO ? odoo: Using configuration file at C:\Odoo16\server\odoo.conf 
2024-07-31 09:42:53,221 40624 INFO ? odoo: addons paths: ['C:\\Odoo16\\server\\odoo\\addons', 'c:\\odoo16\\sessions\\addons\\16.0', 'c:\\odoo16\\server\\odoo\\addons', 'c:\\odoo16\\server\\custom_addons'] 
2024-07-31 09:42:53,221 40624 INFO ? odoo: database: openpg@localhost:5432 
2024-07-31 09:42:55,413 40624 INFO ? odoo.addons.base.models.ir_actions_report: Will use the Wkhtmltopdf binary at C:\Odoo16\thirdparty\wkhtmltopdf.exe 
2024-07-31 09:43:00,830 40624 INFO ? odoo.service.server: HTTP service (werkzeug) running on UMDMPASTEL.umdm.gov.za:8069 
2024-07-31 09:43:06,251 40624 INFO Asset odoo.modules.loading: loading 1 modules... 
2024-07-31 09:43:06,268 40624 INFO Asset odoo.modules.loading: 1 modules loaded in 0.01s, 0 queries (+0 extra) 
2024-07-31 09:43:06,759 40624 INFO Asset odoo.modules.loading: loading 108 modules... 
2024-07-31 09:43:06,836 40624 WARNING Asset odoo.addons.attachment_indexation.models.ir_attachment: Attachment indexation of PDF documents is unavailable because the 'pdfminer' Python library cannot be found on the system. You may install it from https://pypi.org/project/pdfminer.six/ (e.g. `pip3 install pdfminer.six`) 
2024-07-31 09:43:11,399 40624 WARNING Asset odoo.models: The model asset.sage.integration has no _description 
2024-07-31 09:43:11,662 40624 INFO Asset odoo.modules.loading: 108 modules loaded in 4.90s, 0 queries (+0 extra) 
2024-07-31 09:43:11,885 40624 INFO Asset odoo.modules.loading: Modules loaded. 
2024-07-31 09:43:11,899 40624 INFO Asset odoo.modules.registry: Registry loaded in 5.875s 
2024-07-31 09:43:11,901 40624 INFO Asset odoo.addons.base.models.ir_http: Generating routing map for key None 
2024-07-31 09:43:12,289 40624 INFO Asset werkzeug: 127.0.0.1 - - [31/Jul/2024 09:43:12] "GET / HTTP/1.1" 303 - 23 0.132 6.136
2024-07-31 09:43:13,828 40624 INFO Asset werkzeug: 127.0.0.1 - - [31/Jul/2024 09:43:13] "GET /web HTTP/1.1" 200 - 95 0.211 1.319
2024-07-31 09:43:14,828 40624 INFO Asset werkzeug: 127.0.0.1 - - [31/Jul/2024 09:43:14] "GET /bus/websocket_worker_bundle?v=1.0.5 HTTP/1.1" 304 - 6 0.002 0.010
2024-07-31 09:43:15,711 40624 INFO Asset werkzeug: 127.0.0.1 - - [31/Jul/2024 09:43:15] "POST /mail/init_messaging HTTP/1.1" 200 - 54 0.155 0.386
2024-07-31 09:43:15,733 40624 INFO Asset werkzeug: 127.0.0.1 - - [31/Jul/2024 09:43:15] "GET /websocket HTTP/1.1" 101 - 1 0.004 0.410
2024-07-31 09:43:15,751 40624 INFO Asset werkzeug: 127.0.0.1 - - [31/Jul/2024 09:43:15] "POST /mail/load_message_failures HTTP/1.1" 200 - 4 0.006 0.015
2024-07-31 09:43:15,798 40624 INFO ? odoo.addons.bus.models.bus: Bus.loop listen imbus on db postgres 
2024-07-31 09:43:15,992 40624 INFO Asset werkzeug: 127.0.0.1 - - [31/Jul/2024 09:43:15] "GET /web/image?model=res.users&field=avatar_128&id=2 HTTP/1.1" 304 - 16 0.118 0.550
2024-07-31 09:43:19,901 40624 INFO Asset werkzeug: 127.0.0.1 - - [31/Jul/2024 09:43:19] "GET /web/image/res.company/1/favicon HTTP/1.1" 304 - 10 0.063 4.602
2024-07-31 09:43:19,924 40624 INFO Asset werkzeug: 127.0.0.1 - - [31/Jul/2024 09:43:19] "POST /web/dataset/call_kw/res.users/systray_get_activities HTTP/1.1" 200 - 20 0.097 4.647
2024-07-31 09:43:20,015 40624 INFO ? werkzeug: 127.0.0.1 - - [31/Jul/2024 09:43:20] "GET /mail/static/src/audio/ting.ogg HTTP/1.1" 206 - 0 0.000 4.760
2024-07-31 09:43:20,094 40624 INFO Asset werkzeug: 127.0.0.1 - - [31/Jul/2024 09:43:20] "POST /web/action/load HTTP/1.1" 200 - 14 0.078 2.122
2024-07-31 09:43:20,229 40624 INFO Asset werkzeug: 127.0.0.1 - - [31/Jul/2024 09:43:20] "GET /web/image/res.company/1/favicon HTTP/1.1" 304 - 5 0.006 0.012
2024-07-31 09:43:20,557 40624 INFO Asset werkzeug: 127.0.0.1 - - [31/Jul/2024 09:43:20] "POST /web/dataset/call_kw/account.journal/get_views HTTP/1.1" 200 - 47 0.091 0.058
2024-07-31 09:43:20,564 40624 INFO Asset werkzeug: 127.0.0.1 - - [31/Jul/2024 09:43:20] "GET /web/image/res.company/1/favicon HTTP/1.1" 304 - 5 0.008 0.019
2024-07-31 09:43:20,895 40624 INFO Asset werkzeug: 127.0.0.1 - - [31/Jul/2024 09:43:20] "GET /web/image/res.company/1/favicon HTTP/1.1" 304 - 5 0.008 0.014
2024-07-31 09:43:21,094 40624 INFO Asset werkzeug: 127.0.0.1 - - [31/Jul/2024 09:43:21] "POST /web/dataset/call_kw/account.journal/web_search_read HTTP/1.1" 200 - 35 0.137 0.057
2024-07-31 09:43:21,201 40624 INFO Asset werkzeug: 127.0.0.1 - - [31/Jul/2024 09:43:21] "POST /account/account_dashboard_onboarding HTTP/1.1" 200 - 31 0.027 0.049
2024-07-31 09:43:29,842 40624 INFO Asset werkzeug: 127.0.0.1 - - [31/Jul/2024 09:43:29] "POST /web/action/load HTTP/1.1" 200 - 10 0.020 0.019
2024-07-31 09:43:30,189 40624 INFO Asset werkzeug: 127.0.0.1 - - [31/Jul/2024 09:43:30] "POST /web/dataset/call_kw/asset.sage.integration/get_views HTTP/1.1" 200 - 9 0.017 0.020
2024-07-31 09:43:30,439 40624 INFO Asset werkzeug: 127.0.0.1 - - [31/Jul/2024 09:43:30] "POST /web/dataset/call_kw/asset.sage.integration/onchange HTTP/1.1" 200 - 2 0.024 0.011
2024-07-31 09:43:35,722 40624 INFO Asset werkzeug: 127.0.0.1 - - [31/Jul/2024 09:43:35] "POST /web/dataset/call_kw/asset.sage.integration/create HTTP/1.1" 200 - 4 0.046 0.015
2024-07-31 09:43:36,052 40624 INFO Asset werkzeug: 127.0.0.1 - - [31/Jul/2024 09:43:36] "POST /web/dataset/call_kw/asset.sage.integration/read HTTP/1.1" 200 - 3 0.009 0.009
2024-07-31 09:43:36,294 40624 INFO Asset odoo.addons.asset_sage_inetgration.models.asset_sage_integration: Testing general ledger 
2024-07-31 09:43:36,295 40624 ERROR Asset odoo.addons.asset_sage_inetgration.models.asset_sage_integration: Testing general ledger 
2024-07-31 09:43:36,300 40624 INFO Asset odoo.addons.asset_sage_inetgration.models.asset_sage_integration: URL: http://169.254.1.2:83/api/accounts 
2024-07-31 09:43:39,326 40624 INFO ? werkzeug: 127.0.0.1 - - [31/Jul/2024 09:43:39] "GET /web/static/img/spin.svg HTTP/1.1" 304 - 0 0.000 0.010
2024-07-31 09:43:57,140 40624 INFO Asset odoo.addons.asset_sage_inetgration.models.asset_sage_integration: response: <Response [200]> 
2024-07-31 09:43:57,141 40624 INFO Asset odoo.addons.asset_sage_inetgration.models.asset_sage_integration: response text: {"response":[{"status":"Error","statusDescription":"Login failed for user 'sa'."}]} 
2024-07-31 09:43:57,141 40624 INFO Asset odoo.addons.asset_sage_inetgration.models.asset_sage_integration: response details: {'response': [{'status': 'Error', 'statusDescription': "Login failed for user 'sa'."}]} 
2024-07-31 09:43:57,273 40624 WARNING Asset odoo.http: 'dict' object has no attribute '__dict__' 
2024-07-31 09:43:57,274 40624 INFO Asset werkzeug: 127.0.0.1 - - [31/Jul/2024 09:43:57] "POST /web/dataset/call_button HTTP/1.1" 200 - 2 0.007 20.981
2024-07-31 09:43:59,821 40624 INFO Asset odoo.addons.base.models.ir_cron: Starting job `payment: post-process transactions`. 
2024-07-31 09:43:59,847 40624 INFO Asset odoo.addons.base.models.ir_cron: Job `payment: post-process transactions` done. 
2024-07-31 09:47:46,500 40624 INFO Asset odoo.addons.asset_sage_inetgration.models.asset_sage_integration: Testing general ledger 
2024-07-31 09:47:46,501 40624 ERROR Asset odoo.addons.asset_sage_inetgration.models.asset_sage_integration: Testing general ledger 
2024-07-31 09:47:46,502 40624 INFO Asset odoo.addons.asset_sage_inetgration.models.asset_sage_integration: URL: http://169.254.1.2:83/api/accounts 
2024-07-31 09:47:46,684 40624 INFO Asset odoo.addons.asset_sage_inetgration.models.asset_sage_integration: response: <Response [200]> 
2024-07-31 09:47:46,685 40624 INFO Asset odoo.addons.asset_sage_inetgration.models.asset_sage_integration: response text: {"response":[{"status":"Error","statusDescription":"Login failed for user 'sa'."}]} 
2024-07-31 09:47:46,685 40624 INFO Asset odoo.addons.asset_sage_inetgration.models.asset_sage_integration: response details: {'response': [{'status': 'Error', 'statusDescription': "Login failed for user 'sa'."}]} 
2024-07-31 09:47:46,701 40624 WARNING Asset odoo.http: 'dict' object has no attribute '__dict__' 
2024-07-31 09:47:46,703 40624 INFO Asset werkzeug: 127.0.0.1 - - [31/Jul/2024 09:47:46] "POST /web/dataset/call_button HTTP/1.1" 200 - 2 0.002 0.211
2024-07-31 09:50:50,767 40624 INFO ? odoo.service.server: Initiating shutdown 
2024-07-31 09:50:50,768 40624 INFO ? odoo.service.server: Hit CTRL-C again or send a second signal to force the shutdown. 
2024-07-31 09:50:50,984 40624 INFO ? odoo.sql_db: ConnectionPool(used=0/count=0/max=64): Closed 6 connections  
2024-07-31 09:51:05,753 39444 INFO ? odoo: Odoo version 16.0+e-20240716 
2024-07-31 09:51:05,755 39444 INFO ? odoo: Using configuration file at C:\Odoo16\server\odoo.conf 
2024-07-31 09:51:05,755 39444 INFO ? odoo: addons paths: ['C:\\Odoo16\\server\\odoo\\addons', 'c:\\odoo16\\sessions\\addons\\16.0', 'c:\\odoo16\\server\\odoo\\addons', 'c:\\odoo16\\server\\custom_addons'] 
2024-07-31 09:51:05,756 39444 INFO ? odoo: database: openpg@localhost:5432 
2024-07-31 09:51:06,251 39444 INFO ? odoo.addons.base.models.ir_actions_report: Will use the Wkhtmltopdf binary at C:\Odoo16\thirdparty\wkhtmltopdf.exe 
2024-07-31 09:51:07,988 39444 INFO ? odoo.service.server: HTTP service (werkzeug) running on UMDMPASTEL.umdm.gov.za:8069 
2024-07-31 09:51:08,231 39444 INFO Asset odoo.modules.loading: loading 1 modules... 
2024-07-31 09:51:08,245 39444 INFO Asset odoo.modules.loading: 1 modules loaded in 0.01s, 0 queries (+0 extra) 
2024-07-31 09:51:08,874 39444 INFO Asset odoo.modules.loading: loading 108 modules... 
2024-07-31 09:51:08,914 39444 WARNING Asset odoo.addons.attachment_indexation.models.ir_attachment: Attachment indexation of PDF documents is unavailable because the 'pdfminer' Python library cannot be found on the system. You may install it from https://pypi.org/project/pdfminer.six/ (e.g. `pip3 install pdfminer.six`) 
2024-07-31 09:51:14,106 39444 WARNING Asset odoo.models: The model asset.sage.integration has no _description 
2024-07-31 09:51:14,401 39444 INFO Asset odoo.modules.loading: 108 modules loaded in 5.53s, 0 queries (+0 extra) 
2024-07-31 09:51:14,905 39444 INFO Asset odoo.modules.loading: Modules loaded. 
2024-07-31 09:51:14,927 39444 INFO Asset odoo.modules.registry: Registry loaded in 6.905s 
2024-07-31 09:51:14,931 39444 INFO Asset odoo.addons.base.models.ir_http: Generating routing map for key None 
2024-07-31 09:51:15,569 39444 INFO Asset werkzeug: 127.0.0.1 - - [31/Jul/2024 09:51:15] "GET /websocket HTTP/1.1" 101 - 22 0.096 7.457
2024-07-31 09:51:15,605 39444 INFO ? odoo.addons.bus.models.bus: Bus.loop listen imbus on db postgres 
2024-07-31 09:51:15,894 39444 INFO Asset werkzeug: 127.0.0.1 - - [31/Jul/2024 09:51:15] "POST /web/webclient/version_info HTTP/1.1" 200 - 1 0.000 6.053
2024-07-31 09:51:20,023 39444 INFO Asset odoo.addons.asset_sage_inetgration.models.asset_sage_integration: Testing general ledger 
2024-07-31 09:51:20,024 39444 ERROR Asset odoo.addons.asset_sage_inetgration.models.asset_sage_integration: Testing general ledger 
2024-07-31 09:51:20,031 39444 INFO Asset odoo.addons.asset_sage_inetgration.models.asset_sage_integration: URL: http://169.254.1.2:83/api/accounts 
2024-07-31 09:51:20,267 39444 INFO Asset odoo.addons.asset_sage_inetgration.models.asset_sage_integration: response: <Response [200]> 
2024-07-31 09:51:20,268 39444 INFO Asset odoo.addons.asset_sage_inetgration.models.asset_sage_integration: response text: {"response":[{"status":"Error","statusDescription":"Login failed for user 'sa'."}]} 
2024-07-31 09:51:20,268 39444 INFO Asset odoo.addons.asset_sage_inetgration.models.asset_sage_integration: response details: {'response': [{'status': 'Error', 'statusDescription': "Login failed for user 'sa'."}]} 
2024-07-31 09:51:20,268 39444 INFO Asset odoo.addons.asset_sage_inetgration.models.asset_sage_integration: response __dict__: [{'status': 'Error', 'statusDescription': "Login failed for user 'sa'."}] 
2024-07-31 09:51:20,268 39444 INFO Asset odoo.addons.asset_sage_inetgration.models.asset_sage_integration: response details: response 
2024-07-31 09:51:20,296 39444 WARNING Asset odoo.http: string indices must be integers, not 'str' 
2024-07-31 09:51:20,297 39444 INFO Asset werkzeug: 127.0.0.1 - - [31/Jul/2024 09:51:20] "POST /web/dataset/call_button HTTP/1.1" 200 - 4 0.013 0.293
2024-07-31 09:52:07,507 39444 INFO Asset odoo.addons.base.models.ir_cron: Starting job `payment: post-process transactions`. 
2024-07-31 09:52:07,537 39444 INFO Asset odoo.addons.base.models.ir_cron: Job `payment: post-process transactions` done. 
2024-07-31 09:56:56,788 39444 INFO ? odoo.service.server: Initiating shutdown 
2024-07-31 09:56:56,789 39444 INFO ? odoo.service.server: Hit CTRL-C again or send a second signal to force the shutdown. 
2024-07-31 09:56:57,822 39444 INFO ? odoo.sql_db: ConnectionPool(used=0/count=0/max=64): Closed 6 connections  
2024-07-31 09:57:07,757 20108 INFO ? odoo: Odoo version 16.0+e-20240716 
2024-07-31 09:57:07,760 20108 INFO ? odoo: Using configuration file at C:\Odoo16\server\odoo.conf 
2024-07-31 09:57:07,760 20108 INFO ? odoo: addons paths: ['C:\\Odoo16\\server\\odoo\\addons', 'c:\\odoo16\\sessions\\addons\\16.0', 'c:\\odoo16\\server\\odoo\\addons', 'c:\\odoo16\\server\\custom_addons'] 
2024-07-31 09:57:07,761 20108 INFO ? odoo: database: openpg@localhost:5432 
2024-07-31 09:57:08,879 20108 INFO ? odoo.addons.base.models.ir_actions_report: Will use the Wkhtmltopdf binary at C:\Odoo16\thirdparty\wkhtmltopdf.exe 
2024-07-31 09:57:10,603 20108 INFO ? odoo.service.server: HTTP service (werkzeug) running on UMDMPASTEL.umdm.gov.za:8069 
2024-07-31 09:57:16,332 20108 INFO Asset odoo.modules.loading: loading 1 modules... 
2024-07-31 09:57:16,346 20108 INFO Asset odoo.modules.loading: 1 modules loaded in 0.01s, 0 queries (+0 extra) 
2024-07-31 09:57:16,356 20108 INFO Asset odoo.modules.loading: loading 108 modules... 
2024-07-31 09:57:16,391 20108 WARNING Asset odoo.addons.attachment_indexation.models.ir_attachment: Attachment indexation of PDF documents is unavailable because the 'pdfminer' Python library cannot be found on the system. You may install it from https://pypi.org/project/pdfminer.six/ (e.g. `pip3 install pdfminer.six`) 
2024-07-31 09:57:23,941 20108 WARNING Asset odoo.models: The model asset.sage.integration has no _description 
2024-07-31 09:57:24,117 20108 INFO Asset odoo.modules.loading: 108 modules loaded in 7.76s, 0 queries (+0 extra) 
2024-07-31 09:57:24,436 20108 INFO Asset odoo.modules.loading: Modules loaded. 
2024-07-31 09:57:24,453 20108 INFO Asset odoo.modules.registry: Registry loaded in 8.216s 
2024-07-31 09:57:24,603 20108 INFO Asset odoo.addons.base.models.ir_http: Generating routing map for key None 
2024-07-31 09:57:24,623 20108 INFO Asset odoo.addons.base.models.ir_http: Generating routing map for key None 
2024-07-31 09:57:26,306 20108 INFO Asset odoo.addons.asset_sage_inetgration.models.asset_sage_integration: Testing general ledger 
2024-07-31 09:57:26,309 20108 ERROR Asset odoo.addons.asset_sage_inetgration.models.asset_sage_integration: Testing general ledger 
2024-07-31 09:57:26,322 20108 INFO Asset odoo.addons.asset_sage_inetgration.models.asset_sage_integration: URL: http://169.254.1.2:83/api/accounts 
2024-07-31 09:57:26,329 20108 INFO Asset werkzeug: 127.0.0.1 - - [31/Jul/2024 09:57:26] "GET /websocket HTTP/1.1" 101 - 7 0.049 9.819
2024-07-31 09:57:26,414 20108 INFO ? odoo.addons.bus.models.bus: Bus.loop listen imbus on db postgres 
2024-07-31 09:57:27,233 20108 INFO Asset odoo.addons.asset_sage_inetgration.models.asset_sage_integration: response: <Response [200]> 
2024-07-31 09:57:27,240 20108 INFO Asset odoo.addons.asset_sage_inetgration.models.asset_sage_integration: response text: {"response":[{"status":"Error","statusDescription":"Login failed for user 'sa'."}]} 
2024-07-31 09:57:27,246 20108 INFO Asset odoo.addons.asset_sage_inetgration.models.asset_sage_integration: response details: {'response': [{'status': 'Error', 'statusDescription': "Login failed for user 'sa'."}]} 
2024-07-31 09:57:27,252 20108 INFO Asset odoo.addons.asset_sage_inetgration.models.asset_sage_integration: response status: Error 
2024-07-31 09:57:27,258 20108 INFO Asset odoo.addons.asset_sage_inetgration.models.asset_sage_integration: response statusDescription: Login failed for user 'sa'. 
2024-07-31 09:57:27,338 20108 WARNING Asset odoo.http: 'dict' object has no attribute '__dict__' 
2024-07-31 09:57:27,341 20108 INFO Asset werkzeug: 127.0.0.1 - - [31/Jul/2024 09:57:27] "POST /web/dataset/call_button HTTP/1.1" 200 - 25 0.091 12.968
2024-07-31 10:00:01,194 20108 INFO ? odoo.service.server: Initiating shutdown 
2024-07-31 10:00:01,195 20108 INFO ? odoo.service.server: Hit CTRL-C again or send a second signal to force the shutdown. 
2024-07-31 10:00:01,421 20108 INFO ? odoo.sql_db: ConnectionPool(used=0/count=0/max=64): Closed 5 connections  
2024-07-31 10:00:30,135 28576 INFO ? odoo: Odoo version 16.0+e-20240716 
2024-07-31 10:00:30,137 28576 INFO ? odoo: Using configuration file at C:\Odoo16\server\odoo.conf 
2024-07-31 10:00:30,137 28576 INFO ? odoo: addons paths: ['C:\\Odoo16\\server\\odoo\\addons', 'c:\\odoo16\\sessions\\addons\\16.0', 'c:\\odoo16\\server\\odoo\\addons', 'c:\\odoo16\\server\\custom_addons'] 
2024-07-31 10:00:30,138 28576 INFO ? odoo: database: openpg@localhost:5432 
2024-07-31 10:00:30,721 28576 INFO ? odoo.addons.base.models.ir_actions_report: Will use the Wkhtmltopdf binary at C:\Odoo16\thirdparty\wkhtmltopdf.exe 
2024-07-31 10:00:32,642 28576 INFO ? odoo.service.server: HTTP service (werkzeug) running on UMDMPASTEL.umdm.gov.za:8069 
2024-07-31 10:00:32,991 28576 INFO Asset odoo.modules.loading: loading 1 modules... 
2024-07-31 10:00:32,998 28576 INFO Asset odoo.modules.loading: 1 modules loaded in 0.01s, 0 queries (+0 extra) 
2024-07-31 10:00:33,223 28576 INFO Asset odoo.modules.loading: loading 108 modules... 
2024-07-31 10:00:33,254 28576 WARNING Asset odoo.addons.attachment_indexation.models.ir_attachment: Attachment indexation of PDF documents is unavailable because the 'pdfminer' Python library cannot be found on the system. You may install it from https://pypi.org/project/pdfminer.six/ (e.g. `pip3 install pdfminer.six`) 
2024-07-31 10:00:35,850 28576 WARNING Asset odoo.models: The model asset.sage.integration has no _description 
2024-07-31 10:00:35,975 28576 INFO Asset odoo.modules.loading: 108 modules loaded in 2.75s, 0 queries (+0 extra) 
2024-07-31 10:00:36,160 28576 INFO Asset odoo.modules.loading: Modules loaded. 
2024-07-31 10:00:36,167 28576 INFO Asset odoo.modules.registry: Registry loaded in 3.298s 
2024-07-31 10:00:36,248 28576 INFO Asset odoo.addons.base.models.ir_http: Generating routing map for key None 
2024-07-31 10:00:36,278 28576 INFO Asset odoo.addons.base.models.ir_http: Generating routing map for key None 
2024-07-31 10:00:37,036 28576 INFO Asset werkzeug: 127.0.0.1 - - [31/Jul/2024 10:00:37] "GET /websocket HTTP/1.1" 101 - 6 0.034 3.582
2024-07-31 10:00:37,048 28576 INFO ? odoo.addons.bus.models.bus: Bus.loop listen imbus on db postgres 
2024-07-31 10:00:37,592 28576 INFO Asset werkzeug: 127.0.0.1 - - [31/Jul/2024 10:00:37] "POST /web/webclient/version_info HTTP/1.1" 200 - 1 0.000 3.511
2024-07-31 10:00:38,435 28576 INFO Asset werkzeug: 127.0.0.1 - - [31/Jul/2024 10:00:38] "GET /web HTTP/1.1" 200 - 113 0.276 5.291
2024-07-31 10:00:38,574 28576 INFO Asset werkzeug: 127.0.0.1 - - [31/Jul/2024 10:00:38] "GET /web/webclient/load_menus/ed4b569b811f0e68d321aa5b900d200ba34e0fed2123c2171e3a7537bf1c605c HTTP/1.1" 200 - 2 0.002 0.017
2024-07-31 10:00:38,961 28576 INFO Asset werkzeug: 127.0.0.1 - - [31/Jul/2024 10:00:38] "GET /web/assets/194-e4e3065/web.assets_common.min.css HTTP/1.1" 200 - 4 0.003 0.047
2024-07-31 10:00:39,006 28576 INFO Asset werkzeug: 127.0.0.1 - - [31/Jul/2024 10:00:39] "GET /web/assets/195-972fc57/web.assets_backend.min.css HTTP/1.1" 200 - 4 0.011 0.048
2024-07-31 10:00:39,070 28576 INFO Asset werkzeug: 127.0.0.1 - - [31/Jul/2024 10:00:39] "GET /web/webclient/translations/a61e2970a5670c134b02fc291e0bb9d1a40da46b?lang=en_US HTTP/1.1" 200 - 2 0.003 0.014
2024-07-31 10:00:39,650 28576 INFO Asset werkzeug: 127.0.0.1 - - [31/Jul/2024 10:00:39] "GET /web/assets/197-972fc57/web.assets_backend.min.js HTTP/1.1" 200 - 4 0.004 0.045
2024-07-31 10:00:39,665 28576 INFO Asset werkzeug: 127.0.0.1 - - [31/Jul/2024 10:00:39] "GET /web/assets/198-1b3aeae/web.assets_backend_prod_only.min.js HTTP/1.1" 200 - 4 0.005 0.028
2024-07-31 10:00:40,593 28576 INFO Asset werkzeug: 127.0.0.1 - - [31/Jul/2024 10:00:40] "GET /web/assets/196-e4e3065/web.assets_common.min.js HTTP/1.1" 200 - 4 0.005 1.178
2024-07-31 10:00:43,166 28576 INFO Asset werkzeug: 127.0.0.1 - - [31/Jul/2024 10:00:43] "GET /web/webclient/translations/a61e2970a5670c134b02fc291e0bb9d1a40da46b?lang=en_US HTTP/1.1" 200 - 2 0.002 0.059
2024-07-31 10:00:43,475 28576 INFO Asset werkzeug: 127.0.0.1 - - [31/Jul/2024 10:00:43] "GET /web/webclient/translations/a61e2970a5670c134b02fc291e0bb9d1a40da46b?lang=en_US HTTP/1.1" 200 - 2 0.001 0.013
2024-07-31 10:00:43,678 28576 INFO ? werkzeug: 127.0.0.1 - - [31/Jul/2024 10:00:43] "GET /web/static/img/favicon.ico HTTP/1.1" 200 - 0 0.000 0.007
2024-07-31 10:00:43,824 28576 INFO Asset werkzeug: 127.0.0.1 - - [31/Jul/2024 10:00:43] "POST /web/action/load HTTP/1.1" 200 - 14 0.025 0.097
2024-07-31 10:00:44,598 28576 INFO Asset werkzeug: 127.0.0.1 - - [31/Jul/2024 10:00:44] "POST /mail/init_messaging HTTP/1.1" 200 - 52 0.116 0.156
2024-07-31 10:00:44,688 28576 INFO ? werkzeug: 127.0.0.1 - - [31/Jul/2024 10:00:44] "GET /web/static/src/libs/fontawesome/fonts/fontawesome-webfont.woff2?v=4.7.0 HTTP/1.1" 200 - 0 0.000 0.008
2024-07-31 10:00:45,191 28576 INFO Asset werkzeug: 127.0.0.1 - - [31/Jul/2024 10:00:45] "POST /web/dataset/call_kw/res.users/systray_get_activities HTTP/1.1" 200 - 20 0.047 0.093
2024-07-31 10:00:46,034 28576 INFO Asset werkzeug: 127.0.0.1 - - [31/Jul/2024 10:00:46] "POST /web/dataset/call_kw/account.journal/get_views HTTP/1.1" 200 - 47 0.041 0.089
2024-07-31 10:00:46,863 28576 INFO Asset werkzeug: 127.0.0.1 - - [31/Jul/2024 10:00:46] "GET /web/image/res.company/1/favicon HTTP/1.1" 304 - 10 0.013 0.019
2024-07-31 10:00:47,193 28576 INFO Asset werkzeug: 127.0.0.1 - - [31/Jul/2024 10:00:47] "GET /web/image?model=res.users&field=avatar_128&id=2 HTTP/1.1" 304 - 12 0.010 0.019
2024-07-31 10:00:47,528 28576 INFO Asset werkzeug: 127.0.0.1 - - [31/Jul/2024 10:00:47] "POST /mail/load_message_failures HTTP/1.1" 200 - 3 0.007 0.011
2024-07-31 10:00:47,774 28576 INFO ? werkzeug: 127.0.0.1 - - [31/Jul/2024 10:00:47] "GET /mail/static/src/audio/ting.ogg HTTP/1.1" 206 - 0 0.000 0.007
2024-07-31 10:00:48,061 28576 INFO Asset werkzeug: 127.0.0.1 - - [31/Jul/2024 10:00:48] "GET /bus/websocket_worker_bundle?v=1.0.5 HTTP/1.1" 304 - 5 0.005 0.019
2024-07-31 10:00:48,461 28576 INFO Asset werkzeug: 127.0.0.1 - - [31/Jul/2024 10:00:48] "POST /web/dataset/call_kw/account.journal/web_search_read HTTP/1.1" 200 - 35 0.075 0.080
2024-07-31 10:00:48,680 28576 INFO Asset werkzeug: 127.0.0.1 - - [31/Jul/2024 10:00:48] "GET /web/image/res.company/1/favicon HTTP/1.1" 304 - 5 0.004 0.019
2024-07-31 10:00:49,094 28576 INFO Asset werkzeug: 127.0.0.1 - - [31/Jul/2024 10:00:49] "GET /websocket HTTP/1.1" 101 - 1 0.000 0.127
2024-07-31 10:00:49,199 28576 INFO Asset werkzeug: 127.0.0.1 - - [31/Jul/2024 10:00:49] "POST /account/account_dashboard_onboarding HTTP/1.1" 200 - 31 0.041 0.177
2024-07-31 10:00:49,273 28576 INFO Asset werkzeug: 127.0.0.1 - - [31/Jul/2024 10:00:49] "GET /web/image/res.company/1/favicon HTTP/1.1" 304 - 5 0.005 0.019
2024-07-31 10:00:50,128 28576 INFO ? werkzeug: 127.0.0.1 - - [31/Jul/2024 10:00:50] "GET /web/static/lib/odoo_ui_icons/fonts/odoo_ui_icons.woff2 HTTP/1.1" 200 - 0 0.000 0.007
2024-07-31 10:01:03,544 28576 INFO Asset werkzeug: 127.0.0.1 - - [31/Jul/2024 10:01:03] "POST /web/action/load HTTP/1.1" 200 - 10 0.011 0.200
2024-07-31 10:01:03,812 28576 INFO Asset werkzeug: 127.0.0.1 - - [31/Jul/2024 10:01:03] "POST /web/dataset/call_kw/asset.sage.integration/get_views HTTP/1.1" 200 - 9 0.012 0.027
2024-07-31 10:01:05,172 28576 INFO Asset werkzeug: 127.0.0.1 - - [31/Jul/2024 10:01:05] "POST /web/dataset/call_kw/asset.sage.integration/onchange HTTP/1.1" 200 - 2 0.007 0.012
2024-07-31 10:01:08,182 28576 INFO Asset werkzeug: 127.0.0.1 - - [31/Jul/2024 10:01:08] "POST /web/dataset/call_kw/asset.sage.integration/create HTTP/1.1" 200 - 4 0.009 0.017
2024-07-31 10:01:08,508 28576 INFO Asset werkzeug: 127.0.0.1 - - [31/Jul/2024 10:01:08] "POST /web/dataset/call_kw/asset.sage.integration/read HTTP/1.1" 200 - 3 0.004 0.008
2024-07-31 10:01:08,752 28576 INFO Asset odoo.addons.asset_sage_inetgration.models.asset_sage_integration: Testing general ledger 
2024-07-31 10:01:08,752 28576 ERROR Asset odoo.addons.asset_sage_inetgration.models.asset_sage_integration: Testing general ledger 
2024-07-31 10:01:08,753 28576 INFO Asset odoo.addons.asset_sage_inetgration.models.asset_sage_integration: URL: http://169.254.1.2:83/api/accounts 
2024-07-31 10:01:08,776 28576 INFO Asset odoo.addons.asset_sage_inetgration.models.asset_sage_integration: response: <Response [200]> 
2024-07-31 10:01:08,777 28576 INFO Asset odoo.addons.asset_sage_inetgration.models.asset_sage_integration: response text: {"response":[{"status":"Error","statusDescription":"Login failed for user 'sa'."}]} 
2024-07-31 10:01:08,777 28576 INFO Asset odoo.addons.asset_sage_inetgration.models.asset_sage_integration: response details: {'response': [{'status': 'Error', 'statusDescription': "Login failed for user 'sa'."}]} 
2024-07-31 10:01:08,777 28576 INFO Asset odoo.addons.asset_sage_inetgration.models.asset_sage_integration: response status: Error 
2024-07-31 10:01:08,777 28576 INFO Asset odoo.addons.asset_sage_inetgration.models.asset_sage_integration: response statusDescription: Login failed for user 'sa'. 
2024-07-31 10:01:08,805 28576 WARNING Asset odoo.http: Login failed for user 'sa'. 
2024-07-31 10:01:08,806 28576 INFO Asset werkzeug: 127.0.0.1 - - [31/Jul/2024 10:01:08] "POST /web/dataset/call_button HTTP/1.1" 200 - 2 0.002 0.057
2024-07-31 10:02:31,845 28576 INFO Asset odoo.addons.base.models.ir_cron: Starting job `payment: post-process transactions`. 
2024-07-31 10:02:31,873 28576 INFO Asset odoo.addons.base.models.ir_cron: Job `payment: post-process transactions` done. 
2024-07-31 10:04:18,609 28576 INFO Asset werkzeug: 127.0.0.1 - - [31/Jul/2024 10:04:18] "POST /web/dataset/call_kw/asset.sage.integration/write HTTP/1.1" 200 - 4 0.009 0.010
2024-07-31 10:04:18,858 28576 INFO Asset werkzeug: 127.0.0.1 - - [31/Jul/2024 10:04:18] "POST /web/dataset/call_kw/asset.sage.integration/read HTTP/1.1" 200 - 2 0.006 0.009
2024-07-31 10:04:18,927 28576 INFO Asset odoo.addons.asset_sage_inetgration.models.asset_sage_integration: Testing general ledger 
2024-07-31 10:04:18,928 28576 ERROR Asset odoo.addons.asset_sage_inetgration.models.asset_sage_integration: Testing general ledger 
2024-07-31 10:04:18,930 28576 INFO Asset odoo.addons.asset_sage_inetgration.models.asset_sage_integration: URL: http://169.254.1.2:83/api/gltransactions 
2024-07-31 10:04:19,861 28576 WARNING Asset odoo.http: An error has occurred.

The move (Draft Entry MISC/2024/07/0001 (JNLOdoo-57)) is not balanced.
The total of debits equals R 0.00 and the total of credits equals R 100,000.00.
You might want to specify a default account on journal "Miscellaneous Operations" to automatically balance each move. 
2024-07-31 10:04:19,861 28576 INFO Asset werkzeug: 127.0.0.1 - - [31/Jul/2024 10:04:19] "POST /web/dataset/call_button HTTP/1.1" 200 - 90 0.672 0.271
2024-07-31 10:04:35,169 28576 INFO Asset werkzeug: 127.0.0.1 - - [31/Jul/2024 10:04:35] "POST /web/dataset/call_kw/asset.sage.integration/write HTTP/1.1" 200 - 3 0.002 0.011
2024-07-31 10:04:35,492 28576 INFO Asset werkzeug: 127.0.0.1 - - [31/Jul/2024 10:04:35] "POST /web/dataset/call_kw/asset.sage.integration/read HTTP/1.1" 200 - 2 0.003 0.009
2024-07-31 10:04:35,741 28576 INFO Asset odoo.addons.asset_sage_inetgration.models.asset_sage_integration: Testing general ledger 
2024-07-31 10:04:35,741 28576 ERROR Asset odoo.addons.asset_sage_inetgration.models.asset_sage_integration: Testing general ledger 
2024-07-31 10:04:35,743 28576 INFO Asset odoo.addons.asset_sage_inetgration.models.asset_sage_integration: URL: http://169.254.1.2:83/api/acquisitions 
2024-07-31 10:04:35,776 28576 INFO Asset odoo.addons.asset_sage_inetgration.models.asset_sage_integration: response: <Response [200]> 
2024-07-31 10:04:35,777 28576 INFO Asset odoo.addons.asset_sage_inetgration.models.asset_sage_integration: response text: {"response":[{"status":"Error","statusDescription":"Login failed for user 'sa'."}]} 
2024-07-31 10:04:35,777 28576 INFO Asset odoo.addons.asset_sage_inetgration.models.asset_sage_integration: response json: {'response': [{'status': 'Error', 'statusDescription': "Login failed for user 'sa'."}]} 
2024-07-31 10:04:35,782 28576 WARNING Asset odoo.http: string indices must be integers, not 'str' 
2024-07-31 10:04:35,782 28576 INFO Asset werkzeug: 127.0.0.1 - - [31/Jul/2024 10:04:35] "POST /web/dataset/call_button HTTP/1.1" 200 - 2 0.003 0.046
2024-07-31 10:07:10,302 28576 INFO ? odoo.service.server: Initiating shutdown 
2024-07-31 10:07:10,302 28576 INFO ? odoo.service.server: Hit CTRL-C again or send a second signal to force the shutdown. 
2024-07-31 10:07:11,309 28576 INFO ? odoo.sql_db: ConnectionPool(used=0/count=0/max=64): Closed 6 connections  
2024-07-31 10:07:19,257 37904 INFO ? odoo: Odoo version 16.0+e-20240716 
2024-07-31 10:07:19,258 37904 INFO ? odoo: Using configuration file at C:\Odoo16\server\odoo.conf 
2024-07-31 10:07:19,258 37904 INFO ? odoo: addons paths: ['C:\\Odoo16\\server\\odoo\\addons', 'c:\\odoo16\\sessions\\addons\\16.0', 'c:\\odoo16\\server\\odoo\\addons', 'c:\\odoo16\\server\\custom_addons'] 
2024-07-31 10:07:19,258 37904 INFO ? odoo: database: openpg@localhost:5432 
2024-07-31 10:07:19,556 37904 INFO ? odoo.addons.base.models.ir_actions_report: Will use the Wkhtmltopdf binary at C:\Odoo16\thirdparty\wkhtmltopdf.exe 
2024-07-31 10:07:21,041 37904 INFO ? odoo.service.server: HTTP service (werkzeug) running on UMDMPASTEL.umdm.gov.za:8069 
2024-07-31 10:07:26,414 37904 INFO Asset odoo.modules.loading: loading 1 modules... 
2024-07-31 10:07:26,428 37904 INFO Asset odoo.modules.loading: 1 modules loaded in 0.01s, 0 queries (+0 extra) 
2024-07-31 10:07:26,890 37904 INFO Asset odoo.modules.loading: loading 108 modules... 
2024-07-31 10:07:26,963 37904 WARNING Asset odoo.addons.attachment_indexation.models.ir_attachment: Attachment indexation of PDF documents is unavailable because the 'pdfminer' Python library cannot be found on the system. You may install it from https://pypi.org/project/pdfminer.six/ (e.g. `pip3 install pdfminer.six`) 
2024-07-31 10:07:31,164 37904 WARNING Asset odoo.models: The model asset.sage.integration has no _description 
2024-07-31 10:07:31,310 37904 INFO Asset odoo.modules.loading: 108 modules loaded in 4.42s, 0 queries (+0 extra) 
2024-07-31 10:07:31,482 37904 INFO Asset odoo.modules.loading: Modules loaded. 
2024-07-31 10:07:31,497 37904 INFO Asset odoo.modules.registry: Registry loaded in 5.309s 
2024-07-31 10:07:31,500 37904 INFO Asset odoo.addons.base.models.ir_http: Generating routing map for key None 
2024-07-31 10:07:31,895 37904 INFO Asset werkzeug: 127.0.0.1 - - [31/Jul/2024 10:07:31] "GET /websocket HTTP/1.1" 101 - 22 0.102 5.610
2024-07-31 10:07:31,926 37904 INFO ? odoo.addons.bus.models.bus: Bus.loop listen imbus on db postgres 
2024-07-31 10:08:17,330 37904 INFO Asset werkzeug: 127.0.0.1 - - [31/Jul/2024 10:08:17] "POST /web/dataset/call_kw/asset.sage.integration/write HTTP/1.1" 200 - 5 0.010 8.284
2024-07-31 10:08:17,382 37904 INFO Asset werkzeug: 127.0.0.1 - - [31/Jul/2024 10:08:17] "POST /web/dataset/call_kw/asset.sage.integration/read HTTP/1.1" 200 - 3 0.004 0.011
2024-07-31 10:08:17,820 37904 INFO Asset odoo.addons.asset_sage_inetgration.models.asset_sage_integration: Testing general ledger 
2024-07-31 10:08:17,820 37904 ERROR Asset odoo.addons.asset_sage_inetgration.models.asset_sage_integration: Testing general ledger 
2024-07-31 10:08:17,822 37904 INFO Asset odoo.addons.asset_sage_inetgration.models.asset_sage_integration: URL: http://169.254.1.2:83/api/accounts 
2024-07-31 10:08:18,133 37904 INFO Asset odoo.addons.asset_sage_inetgration.models.asset_sage_integration: response: <Response [200]> 
2024-07-31 10:08:18,134 37904 INFO Asset odoo.addons.asset_sage_inetgration.models.asset_sage_integration: response text: {"response":[{"status":"Error","statusDescription":"Login failed for user 'sa'."}]} 
2024-07-31 10:08:18,134 37904 INFO Asset odoo.addons.asset_sage_inetgration.models.asset_sage_integration: response details: {'response': [{'status': 'Error', 'statusDescription': "Login failed for user 'sa'."}]} 
2024-07-31 10:08:18,134 37904 INFO Asset odoo.addons.asset_sage_inetgration.models.asset_sage_integration: response status: Error 
2024-07-31 10:08:18,134 37904 INFO Asset odoo.addons.asset_sage_inetgration.models.asset_sage_integration: response statusDescription: Login failed for user 'sa'. 
2024-07-31 10:08:18,158 37904 WARNING Asset odoo.http: Login failed for user 'sa'. 
2024-07-31 10:08:18,159 37904 INFO Asset werkzeug: 127.0.0.1 - - [31/Jul/2024 10:08:18] "POST /web/dataset/call_button HTTP/1.1" 200 - 2 0.001 0.348
2024-07-31 10:08:52,971 37904 INFO Asset odoo.addons.asset_sage_inetgration.models.asset_sage_integration: Testing general ledger 
2024-07-31 10:08:52,971 37904 ERROR Asset odoo.addons.asset_sage_inetgration.models.asset_sage_integration: Testing general ledger 
2024-07-31 10:08:52,974 37904 INFO Asset odoo.addons.asset_sage_inetgration.models.asset_sage_integration: URL: http://169.254.1.2:83/api/accounts 
2024-07-31 10:08:53,168 37904 INFO Asset odoo.addons.asset_sage_inetgration.models.asset_sage_integration: response: <Response [200]> 
2024-07-31 10:08:53,168 37904 INFO Asset odoo.addons.asset_sage_inetgration.models.asset_sage_integration: response text: {"response":[{"status":"Error","statusDescription":"Login failed for user 'sa'."}]} 
2024-07-31 10:08:53,168 37904 INFO Asset odoo.addons.asset_sage_inetgration.models.asset_sage_integration: response details: {'response': [{'status': 'Error', 'statusDescription': "Login failed for user 'sa'."}]} 
2024-07-31 10:08:53,168 37904 INFO Asset odoo.addons.asset_sage_inetgration.models.asset_sage_integration: response status: Error 
2024-07-31 10:08:53,168 37904 INFO Asset odoo.addons.asset_sage_inetgration.models.asset_sage_integration: response statusDescription: Login failed for user 'sa'. 
2024-07-31 10:08:53,173 37904 WARNING Asset odoo.http: Login failed for user 'sa'. 
2024-07-31 10:08:53,174 37904 INFO Asset werkzeug: 127.0.0.1 - - [31/Jul/2024 10:08:53] "POST /web/dataset/call_button HTTP/1.1" 200 - 2 0.003 0.211
2024-07-31 10:12:21,818 37904 INFO Asset odoo.addons.base.models.ir_cron: Starting job `Invoice OCR: Parse Invoices`. 
2024-07-31 10:12:21,854 37904 INFO Asset odoo.addons.base.models.ir_cron: Job `Invoice OCR: Parse Invoices` done. 
2024-07-31 10:12:21,899 37904 INFO Asset odoo.addons.base.models.ir_cron: Starting job `Snailmail: process letters queue`. 
2024-07-31 10:12:21,924 37904 INFO Asset odoo.addons.base.models.ir_cron: Job `Snailmail: process letters queue` done. 
2024-07-31 10:12:21,938 37904 INFO Asset odoo.addons.base.models.ir_cron: Starting job `Try to reconcile automatically your statement lines`. 
2024-07-31 10:12:21,956 37904 INFO Asset odoo.addons.base.models.ir_cron: Job `Try to reconcile automatically your statement lines` done. 
2024-07-31 10:12:21,970 37904 INFO Asset odoo.addons.base.models.ir_cron: Starting job `Account: Journal online sync`. 
2024-07-31 10:12:21,979 37904 INFO Asset odoo.addons.base.models.ir_cron: Job `Account: Journal online sync` done. 
2024-07-31 10:12:21,992 37904 INFO Asset odoo.addons.base.models.ir_cron: Starting job `SMS: SMS Queue Manager`. 
2024-07-31 10:12:22,005 37904 INFO Asset odoo.addons.base.models.ir_cron: Job `SMS: SMS Queue Manager` done. 
2024-07-31 10:12:22,020 37904 INFO Asset odoo.addons.base.models.ir_cron: Starting job `Currency: rate update`. 
2024-07-31 10:12:22,032 37904 INFO Asset odoo.addons.base.models.ir_cron: Job `Currency: rate update` done. 
2024-07-31 10:12:22,048 37904 INFO Asset odoo.addons.base.models.ir_cron: Starting job `Notification: Send scheduled message notifications`. 
2024-07-31 10:12:22,058 37904 INFO Asset odoo.addons.base.models.ir_cron: Job `Notification: Send scheduled message notifications` done. 
2024-07-31 10:12:22,072 37904 INFO Asset odoo.addons.base.models.ir_cron: Starting job `Invoice OCR: Update All Status`. 
2024-07-31 10:12:22,092 37904 INFO Asset odoo.addons.base.models.ir_cron: Job `Invoice OCR: Update All Status` done. 
2024-07-31 10:12:22,108 37904 INFO Asset odoo.addons.base.models.ir_cron: Starting job `payment: post-process transactions`. 
2024-07-31 10:12:22,123 37904 INFO Asset odoo.addons.base.models.ir_cron: Job `payment: post-process transactions` done. 
2024-07-31 10:12:22,138 37904 INFO Asset odoo.addons.base.models.ir_cron: Starting job `Invoice OCR: Validate Invoices`. 
2024-07-31 10:12:22,144 37904 INFO Asset odoo.addons.base.models.ir_cron: Job `Invoice OCR: Validate Invoices` done. 
2024-07-31 10:12:22,157 37904 INFO Asset odoo.addons.base.models.ir_cron: Starting job `Partner Autocomplete : Sync with remote DB`. 
2024-07-31 10:12:22,167 37904 INFO Asset odoo.addons.base.models.ir_cron: Job `Partner Autocomplete : Sync with remote DB` done. 
2024-07-31 10:12:22,182 37904 INFO Asset odoo.addons.base.models.ir_cron: Starting job `Account automatic transfers : Perform transfers`. 
2024-07-31 10:12:22,194 37904 INFO Asset odoo.addons.base.models.ir_cron: Job `Account automatic transfers : Perform transfers` done. 
2024-07-31 10:12:22,212 37904 INFO Asset odoo.addons.base.models.ir_cron: Starting job `Notification: Delete Notifications older than 6 Month`. 
2024-07-31 10:12:22,230 37904 INFO Asset odoo.addons.base.models.ir_cron: Job `Notification: Delete Notifications older than 6 Month` done. 
2024-07-31 10:12:22,245 37904 INFO Asset odoo.addons.base.models.ir_cron: Starting job `Mail: Email Queue Manager`. 
2024-07-31 10:12:26,574 37904 INFO Asset odoo.addons.base.models.ir_cron: Job `Mail: Email Queue Manager` done. 
2024-07-31 10:12:32,112 37904 INFO Asset odoo.addons.base.models.ir_cron: Starting job `Users: Notify About Unregistered Users`. 
2024-07-31 10:12:32,118 37904 INFO Asset odoo.addons.base.models.ir_cron: Starting job `Calendar: Event Reminder`. 
2024-07-31 10:12:32,132 37904 INFO Asset odoo.addons.base.models.ir_cron: Job `Users: Notify About Unregistered Users` done. 
2024-07-31 10:12:32,146 37904 INFO Asset odoo.addons.base.models.ir_cron: Job `Calendar: Event Reminder` done. 
2024-07-31 10:12:32,188 37904 INFO Asset odoo.addons.base.models.ir_cron: Starting job `Gamification: Goal Challenge Check`. 
2024-07-31 10:12:32,268 37904 INFO Asset odoo.addons.base.models.ir_cron: Job `Gamification: Goal Challenge Check` done. 
